Age,Attrition,DailyRate,DistanceFromHome,Education,EnvironmentSatisfaction,Gender,HourlyRate,JobInvolvement,JobLevel,JobSatisfaction,MonthlyIncome,MonthlyRate,NumCompaniesWorked,OverTime,PercentSalaryHike,PerformanceRating,RelationshipSatisfaction,StockOptionLevel,TotalWorkingYears,TrainingTimesLastYear,WorkLifeBalance,YearsAtCompany,YearsInCurrentRole,YearsSinceLastPromotion,YearsWithCurrManager,AverageSatisfaction,IncomePerExperienceYear,HighRiskProfile,LogMonthlyIncome,JobHopRate,BusinessTravel_Travel_Frequently,BusinessTravel_Travel_Rarely,Department_Research & Development,Department_Sales,EducationField_Life Sciences,EducationField_Marketing,EducationField_Medical,EducationField_Other,EducationField_Technical Degree,JobRole_Human Resources,JobRole_Laboratory Technician,JobRole_Manager,JobRole_Manufacturing Director,JobRole_Research Director,JobRole_Research Scientist,JobRole_Sales Executive,JobRole_Sales Representative,MaritalStatus_Married,MaritalStatus_Single,AgeGroup_26-35,AgeGroup_36-45,AgeGroup_46-55,AgeGroup_56-60
0.4463504035345031,1,0.7425265337769018,-1.0109093429124179,-0.8916882501868245,-0.6605306743650393,0,1.3831382668932737,0.3796721288811475,-0.05778754527941421,1.1532535902386967,-0.10834951351067117,0.7260199409380492,2.1251359240839385,1,-1.1505541015749308,3,-1.584178240646517,-0.9320143892374165,-0.42164245835933756,-2.171981830933257,-2.4938204216722384,-0.16461310905422863,-0.063295899399149,-0.6791456840737199,0.24583399463483546,-1.4455905142848562,0.06360562055174071,0,0.21955262622957786,2.0735674983145658,0,1,0,1,1,0,0,0,0,0,0,0,0,0,0,1,0,0,1,0,1,0,0
1.3223652142096962,0,-1.2977746019136118,-0.14714972001373974,-1.8684257522543597,0.2546249253678617,1,-0.2406767700620191,-1.0261667362455194,-0.05778754527941421,-0.6608531809232983,-0.29171858995657424,1.4888761391146892,-0.6780493930322936,0,2.1293060069870897,4,1.1914379855160337,0.24198831185855807,-0.16451140099023315,0.1557070814399298,0.33809616377248186,0.48850772848886465,0.7649976209279952,-0.3687152874355457,0.8065414765793012,0.5320903195901912,-0.42309290141398315,0,-0.014534645022911206,-0.637705676568175,1,0,1,0,1,0,0,0,0,0,0,0,0,0,1,0,0,1,0,0,0,1,0
0.008342998196906572,1,1.4143632382387843,-0.8875151110697495,-0.8916882501868245,1.1697805251007627,1,1.2847252343505287,-1.0261667362455194,-0.9614863916702531,0.24620020465769926,-0.9376536912260358,-1.6748408610979753,1.3242258334793007,1,-0.057267398720923963,3,-0.6589728319256667,-0.9320143892374165,-0.5502079870438897,0.1557070814399298,0.33809616377248186,-1.1442943653688686,-1.1676872598353414,-0.6791456840737199,-1.1559347102263289,0.5320903195901912,-0.8650709587205258,0,-1.3663995868150571,1.6016686862305445,0,1,1,0,0,0,0,1,0,0,1,0,0,0,0,0,0,0,1,0,1,0,0
-0.42966440714069,0,1.4614661806180305,-0.7641208792270812,1.0617867539482457,1.1697805251007627,0,-0.4867093514188816,0.3796721288811475,-0.9614863916702531,0.24620020465769926,-0.7636336754564013,1.2432105837696696,-0.6780493930322936,1,-1.1505541015749308,3,0.26623257679518353,-0.9320143892374165,-0.42164245835933756,0.1557070814399298,0.33809616377248186,0.16194730971731802,0.7649976209279952,0.2521455058408027,-1.1559347102263289,1.026510528058953,-0.7309831786765771,1,-0.8686079588075406,-0.5690658493559537,1,0,1,0,1,0,0,0,0,0,0,0,0,0,1,0,0,1,0,1,0,0,0
-1.0866755151470848,0,-0.5242947060017769,-0.8875151110697495,-1.8684257522543597,-1.5756862740979403,1,-1.2740136117608418,0.3796721288811475,-0.9614863916702531,-0.6608531809232983,-0.6448581091374443,0.3258998974213038,2.5255909693862573,0,-0.8772324258614291,3,1.1914379855160337,0.24198831185855807,-0.678773515728442,0.1557070814399298,0.33809616377248186,-0.8177339465973219,-0.6154915796172451,-0.058284890797371494,-0.5952272282818631,-0.4567500973473325,-0.28911554227042763,1,-0.6039854963323746,3.421849818554627,0,1,1,0,0,0,1,0,0,0,1,0,0,0,0,0,0,1,0,1,0,0,0
-0.5391662584750891,0,0.5020536174196967,-0.8875151110697495,-0.8916882501868245,1.1697805251007627,1,0.645040522822686,0.3796721288811475,-0.9614863916702531,1.1532535902386967,-0.7298495698307945,-0.34419928329096944,-1.0785044383346125,0,-0.6039107501479274,3,0.26623257679518353,-0.9320143892374165,-0.42164245835933756,-0.6201892226844657,-1.0778621289498782,-0.0013328996684553085,0.7649976209279952,0.2521455058408027,0.5261877356070683,1.026510528058953,-0.6900170246307592,1,-0.7884896898513185,-0.9465848990231709,1,0,1,0,1,0,0,0,0,0,1,0,0,0,0,0,0,0,1,1,0,0,0
2.4173837275536876,0,1.2928872289449382,-0.7641208792270812,0.08504925188071055,0.2546249253678617,0,0.743453555365431,1.7855109940078144,-0.9614863916702531,-1.5679065665042957,-0.814416073220678,-0.6112270608399039,0.523315742874663,1,1.3093409798465847,4,-1.584178240646517,2.5899937140505074,0.09261965637887129,0.1557070814399298,-1.0778621289498782,-0.9810141559830953,-1.1676872598353414,-0.6791456840737199,-1.1559347102263289,-1.940010722753618,-1.0218686372786427,0,-0.9976771639926619,0.0988524692860458,0,1,1,0,0,0,1,0,0,0,1,0,0,0,0,0,0,1,0,0,0,0,1
-0.7581699611438873,0,1.3771767047814845,1.827157989468953,-1.8684257522543597,1.1697805251007627,1,0.05456232756621595,0.3796721288811475,-0.9614863916702531,0.24620020465769926,-0.8095290642308104,-0.1374635670938734,-0.6780493930322936,0,1.855984331273588,4,-0.6589728319256667,0.24198831185855807,-1.3216011591512031,-0.6201892226844657,0.33809616377248186,-0.9810141559830953,-1.1676872598353414,-0.6791456840737199,-1.1559347102263289,0.5320903195901912,4.070301605246803,1,-0.9847638439687678,0.7522508244793061,0,1,1,0,1,0,0,0,0,0,1,0,0,0,0,0,0,0,0,1,0,0,0
0.11784484953130571,0,-1.4539580424342708,1.7037637576262845,0.08504925188071055,1.1697805251007627,1,-1.0771875466753518,-1.0261667362455194,0.8459113011114247,0.24620020465769926,0.6423375630633446,-0.7766437419846911,-1.0785044383346125,0,1.5826626555600865,4,-0.6589728319256667,-0.9320143892374165,-0.16451140099023315,-0.6201892226844657,0.33809616377248186,0.32522751910309133,0.7649976209279952,-0.3687152874355457,1.086895217551534,0.5320903195901912,0.4830062844245863,0,0.9172578379267879,-0.9465848990231709,1,0,1,0,1,0,0,0,0,0,0,0,1,0,0,0,0,0,1,0,1,0,0
-0.10115885313749257,0,1.230909673182772,2.197340684996958,0.08504925188071055,0.2546249253678617,1,1.3831382668932737,0.3796721288811475,-0.05778754527941421,0.24620020465769926,-0.2689833742211031,0.31817014596593995,1.3242258334793007,0,-0.6039107501479274,3,-0.6589728319256667,1.4159910129545328,0.7354472998016324,0.1557070814399298,-1.0778621289498782,-0.0013328996684553085,0.7649976209279952,1.4938670923934996,0.8065414765793012,-0.4567500973473325,-0.8455156337724876,0,0.016543945445018745,0.1859722499784804,0,1,1,0,0,0,1,0,0,0,0,0,0,0,0,0,0,1,0,0,1,0,0
-0.2106607044718917,0,0.016149580244313087,0.8400041347276065,0.08504925188071055,-1.5756862740979403,1,0.8910731041795485,1.7855109940078144,-0.9614863916702531,-0.6608531809232983,-0.8662608642436216,0.304397134281837,-1.0785044383346125,0,-0.6039107501479274,3,0.26623257679518353,0.24198831185855807,-0.678773515728442,1.707499689688721,0.33809616377248186,-0.32789331844000197,-0.063295899399149,-0.6791456840737199,-0.3148734873096303,-0.9511703058160944,-0.6470755633667991,1,-1.1419577281164852,-0.9465848990231709,0,1,1,0,0,0,1,0,0,0,1,0,0,0,0,0,0,1,0,1,0,0,0
-0.8676718124782865,0,-1.6101414829549299,0.7166099028849382,-0.8916882501868245,1.1697805251007627,0,-0.8311549653184892,-1.0261667362455194,-0.05778754527941421,0.24620020465769926,-0.4908110866307471,-0.22923679800937558,-1.0785044383346125,1,-0.8772324258614291,3,1.1914379855160337,-0.9320143892374165,-0.16451140099023315,0.1557070814399298,0.33809616377248186,0.32522751910309133,0.21280194070989908,-0.6791456840737199,1.086895217551534,1.520930736527715,-0.61622641759477,1,-0.3181808381676157,-0.9465848990231709,0,1,1,0,1,0,0,0,0,0,1,0,0,0,0,0,0,0,1,1,0,0,0
-0.6486681098094882,0,-0.32844562979333136,2.0739464531542895,-1.8684257522543597,-1.5756862740979403,1,-1.7168722582031943,0.3796721288811475,-0.9614863916702531,0.24620020465769926,-0.7632087181529345,0.12042904964417642,-0.6780493930322936,0,0.4893759527060795,3,1.1914379855160337,0.24198831185855807,-0.8073390444129942,-1.3960855268088614,-1.0778621289498782,-0.32789331844000197,-0.6154915796172451,0.5625759024789769,-0.3148734873096303,-0.4567500973473325,-0.28045854367961315,1,-0.8675732402444561,-0.38030632452234525,0,1,1,0,1,0,0,0,0,0,0,0,0,0,1,0,0,0,0,1,0,0,0
-0.3201625558062908,0,1.3474274780156446,1.2101868302556114,-0.8916882501868245,-0.6605306743650393,1,1.333931750621901,0.3796721288811475,-0.9614863916702531,1.1532535902386967,-0.8163283810862784,-0.7807194291157011,-1.0785044383346125,0,-1.1505541015749308,3,0.26623257679518353,0.24198831185855807,-1.0644701017820986,-0.6201892226844657,0.33809616377248186,-0.8177339465973219,-0.6154915796172451,-0.3687152874355457,-0.5952272282818631,0.5320903195901912,0.3477922111966287,1,-1.0027605074265715,-0.9465848990231709,0,1,1,0,0,0,1,0,0,0,1,0,0,0,0,0,0,0,0,1,0,0,0
-0.9771736638126857,1,-1.7340965944792623,1.827157989468953,0.08504925188071055,0.2546249253678617,1,-0.7819484490471167,-1.0261667362455194,-0.9614863916702531,0.24620020465769926,-0.9508273676335051,-0.19199345008807683,0.9237707881769818,1,-0.3305890744344257,3,-0.6589728319256667,-0.9320143892374165,-0.678773515728442,0.9316033855643254,0.33809616377248186,-0.4911735278257753,-0.6154915796172451,-0.6791456840737199,-0.3148734873096303,0.037670111121429345,-0.783801176031248,1,-1.41173664933986,1.4803232774089392,0,1,1,0,1,0,0,0,0,0,1,0,0,0,0,0,0,0,1,1,0,0,0
-0.8676718124782865,0,1.4540288739265705,1.456975293940948,1.0617867539482457,-0.6605306743650393,0,-0.7327419327757442,1.7855109940078144,0.8459113011114247,-1.5679065665042957,0.738802870950297,-0.5787621047273755,-0.6780493930322936,0,-1.1505541015749308,3,0.26623257679518353,0.24198831185855807,-0.16451140099023315,-1.3960855268088614,0.33809616377248186,0.48850772848886465,1.3171933011460915,1.8042974890316739,1.086895217551534,-0.9511703058160944,0.5765843168110082,0,0.9873519092027346,-0.637705676568175,0,1,1,0,1,0,0,0,0,0,0,0,1,0,0,0,0,0,0,1,0,0,0
-0.5391662584750891,0,-1.1614239792368461,-0.5173324155417446,-0.8916882501868245,-1.5756862740979403,1,0.6942470390940585,1.7855109940078144,-0.9614863916702531,-0.6608531809232983,-0.6809794799321182,0.10398576018458414,-1.0785044383346125,1,-0.8772324258614291,3,1.1914379855160337,1.4159910129545328,-0.5502079870438897,1.707499689688721,-1.0778621289498782,-0.16461310905422863,-0.6154915796172451,-0.6791456840737199,0.24583399463483546,-0.9511703058160944,-0.5093684315877453,1,-0.6796554651416353,-0.9465848990231709,0,1,1,0,1,0,0,0,0,0,0,0,0,0,1,0,0,0,0,1,0,0,0
-1.6341847718190805,0,0.7945876806171215,0.8400041347276065,-0.8916882501868245,1.1697805251007627,1,1.4815512994360187,1.7855109940078144,-0.9614863916702531,1.1532535902386967,-0.7581092305113335,-0.9822551306973706,-0.6780493930322936,1,-0.6039107501479274,3,-0.6589728319256667,1.4159910129545328,-1.3216011591512031,-0.6201892226844657,-1.0778621289498782,-0.9810141559830953,-1.1676872598353414,-0.6791456840737199,-1.1559347102263289,0.5320903195901912,4.569109619288962,1,-0.855211771275863,0.7522508244793061,0,0,1,0,0,0,1,0,0,0,1,0,0,0,0,0,0,0,0,0,0,0,0
1.7603726195472926,0,1.0325814947438399,-0.8875151110697495,1.0617867539482457,-1.5756862740979403,0,0.5958340065513135,-1.0261667362455194,1.7496101475022634,1.1532535902386967,1.8961740869419934,1.083274999111413,-0.27759434772997477,0,0.21605427699257776,3,0.26623257679518353,-0.9320143892374165,2.535364701385363,0.1557070814399298,0.33809616377248186,2.9377108692754645,1.0410954610370433,0.2521455058408027,0.8065414765793012,0.037670111121429345,-0.45474214357394965,0,1.643058283025621,-0.7342304335853612,0,1,0,1,1,0,0,0,0,0,0,1,0,0,0,0,0,1,0,0,0,1,0
0.11784484953130571,0,-1.06969719670884,-0.8875151110697495,0.08504925188071055,1.1697805251007627,1,-1.0279810304039791,0.3796721288811475,-0.9614863916702531,1.1532535902386967,-0.5437182709123576,-1.40640767419352,0.9237707881769818,1,-1.1505541015749308,3,0.26623257679518353,-0.9320143892374165,-0.678773515728442,0.1557070814399298,0.33809616377248186,-0.6544537372115486,-0.6154915796172451,-0.3687152874355457,-0.5952272282818631,1.520930736527715,-0.12559445777726744,0,-0.4103500468794361,1.4803232774089392,0,1,1,0,1,0,0,0,0,0,0,0,0,0,1,0,0,0,1,0,1,0,0
-1.4151810691502822,0,-0.32100832310187144,0.2230329755142651,-0.8916882501868245,-1.5756862740979403,0,1.4815512994360187,1.7855109940078144,-0.05778754527941421,0.24620020465769926,-0.5294822012462215,-0.8546439612160903,-1.0785044383346125,0,0.7626976284195812,3,1.1914379855160337,0.24198831185855807,-0.8073390444129942,1.707499689688721,-1.0778621289498782,-0.4911735278257753,-0.6154915796172451,-0.3687152874355457,-0.3148734873096303,-0.4567500973473325,0.17300328726780556,1,-0.3849894132248861,-0.9465848990231709,0,0,1,0,0,0,0,1,0,0,0,0,1,0,0,0,0,0,0,0,0,0,0
-0.10115885313749257,1,1.0301023925133532,-0.02375548817107146,1.0617867539482457,0.2546249253678617,1,0.7926600716368035,-1.0261667362455194,-0.9614863916702531,-1.5679065665042957,-0.6578193068931802,-1.0297579669139705,1.7246808787816195,0,2.1293060069870897,4,-0.6589728319256667,-0.9320143892374165,-0.16451140099023315,0.9316033855643254,0.33809616377248186,-0.32789331844000197,-0.33939373950819707,-0.6791456840737199,-0.3148734873096303,-0.9511703058160944,-0.7782359626514388,0,-0.6307022534278129,1.2155696581617998,0,1,0,1,1,0,0,0,0,0,0,0,0,0,0,0,1,0,1,0,1,0,0
-0.3201625558062908,0,-0.9507002896454807,-0.270543951856408,1.0617867539482457,-1.5756862740979403,0,-0.6343289002329991,0.3796721288811475,0.8459113011114247,-0.6608531809232983,1.1667348755413154,0.9809611980295055,-1.0785044383346125,0,-1.1505541015749308,3,0.26623257679518353,-0.9320143892374165,0.2211851850634235,0.9316033855643254,0.33809616377248186,0.8150681472604113,0.48889978081894714,-0.058284890797371494,1.9279564404682326,-0.9511703058160944,0.42120229082203253,0,1.2641009298032395,-0.9465848990231709,0,1,1,0,1,0,0,0,0,0,0,0,0,1,0,0,0,0,1,1,0,0,0
-1.7436866231534796,0,-1.020115152099107,0.7166099028849382,-0.8916882501868245,0.2546249253678617,1,1.4815512994360187,0.3796721288811475,-0.9614863916702531,1.1532535902386967,-1.119960374413272,0.6981928356987392,-0.6780493930322936,0,-0.3305890744344257,3,1.1914379855160337,-0.9320143892374165,-1.4501666878357553,2.4833959938131165,0.33809616377248186,-1.1442943653688686,-1.1676872598353414,-0.6791456840737199,-1.1559347102263289,1.520930736527715,1.0589028097278081,1,-2.1621024424457733,2.451086547981783,0,1,1,0,1,0,0,0,0,0,0,0,0,0,1,0,0,0,1,0,0,0,0
-0.3201625558062908,1,-0.2565516651092185,-0.3939381836990763,-1.8684257522543597,-0.6605306743650393,1,0.841866587908176,0.3796721288811475,-0.9614863916702531,-1.5679065665042957,-0.7527972642179991,0.3919541371307771,-0.27759434772997477,0,-1.1505541015749308,3,0.26623257679518353,-0.9320143892374165,-0.42164245835933756,-0.6201892226844657,0.33809616377248186,-0.4911735278257753,-0.6154915796172451,-0.3687152874355457,-0.3148734873096303,-0.9511703058160944,-0.7178430915298053,1,-0.8424422676649316,-0.1915467996887367,0,1,1,0,0,0,1,0,0,0,0,0,0,0,1,0,0,0,1,1,0,0,0
1.7603726195472926,0,1.188764935264499,-0.5173324155417446,0.08504925188071055,0.2546249253678617,0,-0.3882963188761366,0.3796721288811475,2.6533089938931025,0.24620020465769926,2.6753333028482813,-0.5028699995292573,0.523315742874663,0,-1.1505541015749308,3,1.1914379855160337,0.24198831185855807,1.8925370579626022,0.1557070814399298,-1.0778621289498782,1.141628566031958,2.4215846615822834,0.5625759024789769,1.086895217551534,0.5320903195901912,0.03322288511282488,0,1.9641168727457825,-0.4432261661335481,0,1,1,0,0,0,0,1,0,0,0,1,0,0,0,0,0,0,0,0,0,1,0
-0.5391662584750891,1,0.7995458850780948,0.8400041347276065,-1.8684257522543597,-0.6605306743650393,0,0.3005949089230785,-2.432005601372186,-0.9614863916702531,-1.5679065665042957,-0.549030237205692,-1.3537048233614937,-0.6780493930322936,1,1.855984331273588,4,-0.6589728319256667,-0.9320143892374165,-0.16451140099023315,1.707499689688721,0.33809616377248186,0.48850772848886465,-0.6154915796172451,1.1834366957553253,0.8065414765793012,-1.4455905142848562,-0.6727030274491305,1,-0.41992349545559093,-0.637705676568175,1,0,1,0,1,0,0,0,0,0,0,0,0,0,1,0,0,0,1,1,0,0,0
0.5558522548689022,0,-0.2763844829531117,-0.14714972001373974,1.0617867539482457,0.2546249253678617,1,-0.8803614815898617,0.3796721288811475,-0.05778754527941421,-0.6608531809232983,0.06843272473149725,0.964096285763257,-1.0785044383346125,0,-1.1505541015749308,3,1.1914379855160337,0.24198831185855807,-0.16451140099023315,-0.6201892226844657,0.33809616377248186,0.32522751910309133,0.7649976209279952,0.5625759024789769,-0.5952272282818631,0.5320903195901912,-0.07372117257040371,0,0.41526996533652843,-0.9465848990231709,0,1,0,1,0,1,0,0,0,0,0,0,0,0,0,1,0,1,0,0,1,0,0
0.7748559575377005,0,-0.806912360277255,-0.270543951856408,1.0617867539482457,-1.5756862740979403,0,-1.1756005792180968,-1.0261667362455194,0.8459113011114247,1.1532535902386967,0.7957471496148416,-1.7172842236347006,0.12286069757234411,0,-0.3305890744344257,3,1.1914379855160337,0.24198831185855807,1.6354060005934978,0.9316033855643254,0.33809616377248186,2.4478702411181446,0.48889978081894714,0.8730062991171511,3.6100788863016295,0.5320903195901912,-0.6003552535116105,0,1.027247277135372,-0.5388643253825763,0,1,1,0,0,0,1,0,0,0,0,0,0,0,0,0,0,1,0,0,1,0,0
0.9938596602064987,0,-0.2416770517262986,-0.8875151110697495,1.0617867539482457,-0.6605306743650393,0,0.841866587908176,0.3796721288811475,2.6533089938931025,-1.5679065665042957,2.644098941043475,1.1958482884886217,0.12286069757234411,0,-0.8772324258614291,3,1.1914379855160337,-0.9320143892374165,1.3782749432243935,-0.6201892226844657,-1.0778621289498782,-0.8177339465973219,-0.6154915796172451,-0.058284890797371494,-0.8755809692540959,-0.9511703058160944,0.2946697198439043,0,1.952481433470595,-0.5034103624573073,0,1,0,1,0,1,0,0,0,0,0,1,0,0,0,0,0,0,1,0,0,1,0
-0.42966440714069,0,0.30124633675027795,-0.8875151110697495,0.08504925188071055,0.2546249253678617,1,0.5958340065513135,0.3796721288811475,-0.9614863916702531,1.1532535902386967,-0.8513873586222853,-1.074168902548425,0.523315742874663,0,-1.1505541015749308,3,1.1914379855160337,-0.9320143892374165,-0.5502079870438897,0.1557070814399298,0.33809616377248186,-0.9810141559830953,-0.8915894197262932,-0.6791456840737199,-1.1559347102263289,1.520930736527715,-0.7455219305616607,1,-1.0991323776327162,0.7522508244793061,0,1,1,0,0,0,1,0,0,0,1,0,0,0,0,0,0,0,1,1,0,0,0
0.7748559575377005,0,1.627566030060636,0.09963874367159682,1.0617867539482457,1.1697805251007627,1,-1.2248070954894692,0.3796721288811475,-0.05778754527941421,1.1532535902386967,-0.008059589892517928,0.6757062860104079,-0.27759434772997477,1,-0.6039107501479274,3,1.1914379855160337,-0.9320143892374165,-0.2930769296747854,1.707499689688721,1.754054456494842,-0.4911735278257753,-0.6154915796172451,-0.3687152874355457,-0.3148734873096303,2.5097711534652385,0.0001381408036077535,0,0.33368709353054815,-0.26705060962218,0,1,1,0,0,0,0,1,0,0,0,0,0,0,0,0,0,1,0,0,1,0,0
-0.7581699611438873,0,-1.679556345408556,-0.02375548817107146,-0.8916882501868245,1.1697805251007627,1,0.841866587908176,-1.0261667362455194,-0.9614863916702531,0.24620020465769926,-0.9130061676249642,0.2535213156119874,-0.6780493930322936,0,-0.6039107501479274,3,-1.584178240646517,-0.9320143892374165,-0.16451140099023315,1.707499689688721,0.33809616377248186,0.48850772848886465,-1.1676872598353414,-0.3687152874355457,1.086895217551534,0.037670111121429345,-1.025784898545916,1,-1.2850763772696823,-0.637705676568175,0,1,1,0,0,0,1,0,0,0,1,0,0,0,0,0,0,0,1,1,0,0,0
0.22734670086570485,1,0.22935237206616507,-0.5173324155417446,0.08504925188071055,1.1697805251007627,1,-0.4867093514188816,0.3796721288811475,-0.05778754527941421,1.1532535902386967,-0.9385036058329693,-1.5428729226145808,0.12286069757234411,0,-0.3305890744344257,3,0.26623257679518353,0.24198831185855807,0.9925783571707368,2.4833959938131165,1.754054456494842,-0.9810141559830953,-1.1676872598353414,-0.6791456840737199,-1.1559347102263289,2.015350944996477,-1.2541864628704844,0,-1.3692837169117142,-0.4369341819724278,0,1,0,1,0,0,0,0,1,0,0,0,0,0,0,0,1,1,0,0,1,0,0
-1.4151810691502822,1,0.02606598916625969,-1.0109093429124179,0.08504925188071055,-0.6605306743650393,1,-0.2406767700620191,0.3796721288811475,-0.9614863916702531,1.1532535902386967,-0.8945205249241606,-1.587143317313483,-0.27759434772997477,1,0.21605427699257776,3,-1.584178240646517,0.24198831185855807,-0.678773515728442,-0.6201892226844657,-1.0778621289498782,-0.8177339465973219,-1.1676872598353414,-0.058284890797371494,-1.1559347102263289,-0.9511703058160944,-0.6927652781516526,1,-1.2268429146379802,0.024178371549673068,0,1,1,0,0,0,1,0,0,0,0,0,0,0,1,0,0,1,0,0,0,0,0
0.6653541062033014,0,1.1664530151901191,-0.8875151110697495,-0.8916882501868245,1.1697805251007627,0,0.3005949089230785,1.7855109940078144,-0.9614863916702531,0.24620020465769926,-0.8197280395140124,1.0695019874273102,-0.6780493930322936,0,-0.8772324258614291,3,1.1914379855160337,1.4159910129545328,-0.678773515728442,0.1557070814399298,-1.0778621289498782,-0.32789331844000197,-0.33939373950819707,-0.3687152874355457,-0.0345197463373974,1.026510528058953,-0.571842123232341,0,-1.0118401607292462,-0.46120326373674886,0,1,1,0,0,0,1,0,0,0,0,0,0,0,1,0,0,0,0,0,1,0,0
1.4318670655440953,1,0.16489571407351214,-0.7641208792270812,-0.8916882501868245,-1.5756862740979403,1,0.9894861367222936,-1.0261667362455194,-0.9614863916702531,0.24620020465769926,-0.8116538507481441,-1.4761159782273472,-0.6780493930322936,1,-0.3305890744344257,3,0.26623257679518353,-0.9320143892374165,-1.0644701017820986,-0.6201892226844657,0.33809616377248186,-0.6544537372115486,-0.6154915796172451,-0.6791456840737199,-0.5952272282818631,-0.4567500973473325,0.3629076055615427,0,-0.9903647263586928,-0.09716703727193238,0,1,0,1,0,1,0,0,0,0,0,0,0,0,0,0,1,1,0,0,0,1,0
-0.2106607044718917,0,0.2169568609137318,-0.8875151110697495,0.08504925188071055,1.1697805251007627,0,1.5307578157073911,0.3796721288811475,-0.9614863916702531,1.1532535902386967,-0.9538020687577723,-0.6501568999878274,-0.6780493930322936,0,-0.6039107501479274,3,-1.584178240646517,-0.9320143892374165,-1.193035630466651,0.1557070814399298,0.33809616377248186,-0.8177339465973219,-0.6154915796172451,-0.058284890797371494,-0.5952272282818631,0.5320903195901912,0.5951350280770389,1,-1.4221657936184182,0.1859722499784804,0,1,0,1,0,1,0,0,0,0,0,0,0,0,0,0,1,1,0,1,0,0,0
-0.10115885313749257,0,0.12275097615523907,-0.5173324155417446,1.0617867539482457,-0.6605306743650393,0,0.7926600716368035,-1.0261667362455194,-0.9614863916702531,-1.5679065665042957,-0.6552695630723797,-0.174425833144068,2.5255909693862573,1,-0.3305890744344257,3,1.1914379855160337,0.24198831185855807,-0.678773515728442,0.1557070814399298,1.754054456494842,-0.9810141559830953,-0.8915894197262932,-0.6791456840737199,-1.1559347102263289,0.037670111121429345,-0.3059485950858999,0,-0.6254089032925708,3.421849818554627,0,1,1,0,1,0,0,0,0,0,0,0,0,0,1,0,0,1,0,0,1,0,0
-0.42966440714069,0,0.8392115207658811,-1.0109093429124179,0.08504925188071055,0.2546249253678617,0,-1.1756005792180968,1.7855109940078144,-0.05778754527941421,-1.5679065665042957,-0.23944884163016386,-1.5628297354629748,-0.27759434772997477,0,1.036019304133083,3,-1.584178240646517,1.4159910129545328,-0.16451140099023315,0.1557070814399298,0.33809616377248186,-0.32789331844000197,-0.33939373950819707,-0.3687152874355457,-0.3148734873096303,-1.4455905142848562,-0.372387623953499,0,0.05598210888943889,-0.32882645411317923,1,0,0,1,1,0,0,0,0,0,0,0,0,0,0,1,0,1,0,1,0,0,0
-0.2106607044718917,0,-0.8391406892735814,-0.6407266473844129,-0.8916882501868245,0.2546249253678617,1,0.448214457737196,0.3796721288811475,-0.9614863916702531,1.1532535902386967,-0.967188223816975,-0.4782753358076449,-0.6780493930322936,0,-0.8772324258614291,3,0.26623257679518353,0.24198831185855807,-1.3216011591512031,0.1557070814399298,0.33809616377248186,-0.9810141559830953,-1.1676872598353414,-0.6791456840737199,-1.1559347102263289,1.026510528058953,2.5408985208695993,1,-1.4700121776442496,0.7522508244793061,0,1,1,0,0,0,0,1,0,0,1,0,0,0,0,0,0,0,0,1,0,0,0
-1.0866755151470848,0,1.0846426415840595,-0.8875151110697495,1.0617867539482457,1.1697805251007627,0,-1.6184592256604493,0.3796721288811475,-0.9614863916702531,-1.5679065665042957,-0.8843215496409585,0.7591876017283379,-0.6780493930322936,0,-0.6039107501479274,3,1.1914379855160337,0.24198831185855807,-1.3216011591512031,2.4833959938131165,0.33809616377248186,-0.9810141559830953,-1.1676872598353414,-0.6791456840737199,-1.1559347102263289,0.5320903195901912,3.3447626757309323,1,-1.1956528730919573,0.7522508244793061,0,1,1,0,1,0,0,0,0,0,1,0,0,0,0,0,0,0,0,1,0,0,0
-1.1961773664814839,1,1.3746976025509978,1.950552221311621,0.08504925188071055,-1.5756862740979403,1,-0.8803614815898617,-2.432005601372186,-0.9614863916702531,0.24620020465769926,-0.8945205249241606,-0.5277457451219738,-0.6780493930322936,0,-0.8772324258614291,3,0.26623257679518353,-0.9320143892374165,-1.3216011591512031,-0.6201892226844657,-1.0778621289498782,-0.9810141559830953,-1.1676872598353414,-0.6791456840737199,-0.8755809692540959,-0.9511703058160944,3.245825548978768,1,-1.2268429146379802,0.7522508244793061,0,1,1,0,1,0,0,0,0,0,1,0,0,0,0,0,0,0,1,1,0,0,0
-1.0866755151470848,0,0.4747834928843435,-0.14714972001373974,0.08504925188071055,1.1697805251007627,1,-1.4216331605749593,0.3796721288811475,0.8459113011114247,0.24620020465769926,0.4723546416766441,-1.5934676594133264,-0.6780493930322936,0,-0.057267398720923963,3,1.1914379855160337,-0.9320143892374165,-0.2930769296747854,-2.171981830933257,0.33809616377248186,0.32522751910309133,1.0410954610370433,-0.3687152874355457,0.8065414765793012,1.520930736527715,0.5179549083652812,0,0.7851972931160062,-0.6068177543226755,1,0,0,1,1,0,0,0,0,0,0,0,0,0,0,1,0,0,1,1,0,0,0
-0.7581699611438873,0,-0.2020114160385122,-1.0109093429124179,-0.8916882501868245,0.2546249253678617,0,-0.3882963188761366,0.3796721288811475,-0.05778754527941421,1.1532535902386967,-0.5294822012462215,-0.49640511649386204,-0.6780493930322936,0,2.1293060069870897,4,1.1914379855160337,-0.9320143892374165,0.09261965637887129,-0.6201892226844657,0.33809616377248186,0.8150681472604113,1.0410954610370433,0.2521455058408027,0.8065414765793012,1.520930736527715,-0.7915306390587609,0,-0.3849894132248861,-0.6852255569458667,1,0,1,0,0,0,1,0,0,0,1,0,0,0,0,0,0,0,1,1,0,0,0
0.4463504035345031,1,1.3821349092424577,0.3464272073569334,0.08504925188071055,-0.6605306743650393,0,-0.8311549653184892,0.3796721288811475,2.6533089938931025,0.24620020465769926,2.7711611747800338,0.27642948810697493,-0.6780493930322936,0,-0.8772324258614291,3,1.1914379855160337,-0.9320143892374165,1.5068404719089457,-2.171981830933257,0.33809616377248186,2.4478702411181446,2.9737803418003796,3.977310265498893,1.086895217551534,0.5320903195901912,0.2710800911786463,0,1.999263657358827,-0.8050152553979645,0,1,1,0,0,0,0,0,1,0,0,0,0,1,0,0,0,1,0,0,1,0,0
-0.3201625558062908,0,0.6507997512488957,1.7037637576262845,1.0617867539482457,-0.6605306743650393,1,0.3005949089230785,0.3796721288811475,-0.05778754527941421,0.24620020465769926,-0.41113159223073126,-0.6013891953512589,-1.0785044383346125,0,1.3093409798465847,4,0.26623257679518353,-0.9320143892374165,-0.16451140099023315,-0.6201892226844657,0.33809616377248186,0.32522751910309133,0.21280194070989908,1.8042974890316739,0.8065414765793012,0.037670111121429345,-0.5389317873196419,1,-0.18921988396327702,-0.9465848990231709,0,0,0,1,0,1,0,0,0,0,0,0,0,0,0,1,0,0,1,1,0,0,0
0.008342998196906572,0,-0.977970414180834,1.2101868302556114,-0.8916882501868245,-0.6605306743650393,1,0.349801425194451,0.3796721288811475,-0.9614863916702531,-0.6608531809232983,-0.7396235878105298,-0.5742647947897093,0.523315742874663,0,1.5826626555600865,4,-1.584178240646517,-0.9320143892374165,-0.42164245835933756,-1.3960855268088614,0.33809616377248186,-0.9810141559830953,-1.1676872598353414,-0.6791456840737199,-1.1559347102263289,-1.4455905142848562,-0.7018688679396121,0,-0.8112335413449531,0.5634912996456974,0,1,1,0,1,0,0,0,0,0,0,0,0,0,1,0,0,1,0,0,1,0,0
0.9938596602064987,0,1.0127486768999467,-0.5173324155417446,1.0617867539482457,-1.5756862740979403,1,1.5799643319787637,0.3796721288811475,-0.05778754527941421,1.1532535902386967,-0.15530729554374717,0.8617824846813495,0.523315742874663,1,1.5826626555600865,4,0.26623257679518353,-0.9320143892374165,0.34975071374797573,0.9316033855643254,0.33809616377248186,0.32522751910309133,0.48889978081894714,-0.6791456840737199,1.086895217551534,0.037670111121429345,-0.6306841941528989,0,0.16298517072860216,-0.040539179821849826,1,0,0,1,0,1,0,0,0,0,0,0,0,0,0,1,0,0,1,0,0,1,0
-0.2106607044718917,0,1.0573725170487065,-0.14714972001373974,-1.8684257522543597,1.1697805251007627,1,-1.4708396768463317,1.7855109940078144,-0.9614863916702531,1.1532535902386967,-0.8996200125657616,-1.3240506859600067,-0.6780493930322936,0,1.036019304133083,3,1.1914379855160337,-0.9320143892374165,-1.3216011591512031,-0.6201892226844657,0.33809616377248186,-0.9810141559830953,-1.1676872598353414,-0.6791456840737199,-0.8755809692540959,2.015350944996477,3.1963569856026863,1,-1.2426836442065534,0.7522508244793061,0,1,1,0,1,0,0,0,0,0,1,0,0,0,0,0,0,1,0,1,0,0,0
1.2128633628752972,1,-0.43752612793474405,-1.0109093429124179,-0.8916882501868245,-1.5756862740979403,1,1.5799643319787637,-1.0261667362455194,0.8459113011114247,0.24620020465769926,-0.23838644837149697,0.7000198678609162,2.5255909693862573,1,-0.6039107501479274,3,1.1914379855160337,-0.9320143892374165,1.5068404719089457,-0.6201892226844657,0.33809616377248186,-0.9810141559830953,-1.1676872598353414,-0.6791456840737199,-1.1559347102263289,0.037670111121429345,-0.9982545676235747,0,0.05738167713193009,0.32754189360368685,0,1,1,0,1,0,0,0,0,0,1,0,0,0,0,0,0,0,1,0,0,1,0
-0.9771736638126857,1,1.5655884742984698,-0.5173324155417446,1.0617867539482457,0.2546249253678617,1,-0.7819484490471167,0.3796721288811475,-0.9614863916702531,0.24620020465769926,-0.6505950327342455,-0.44046982414413793,-0.6780493930322936,1,-0.6039107501479274,3,0.26623257679518353,-0.9320143892374165,-1.193035630466651,0.1557070814399298,-1.0778621289498782,-0.8177339465973219,-0.6154915796172451,-0.058284890797371494,-0.5952272282818631,0.037670111121429345,2.0657941934451447,1,-0.6157525028697198,0.1859722499784804,0,1,1,0,0,0,0,0,1,0,1,0,0,0,0,0,0,0,1,1,0,0,0
0.7748559575377005,0,1.699459994744749,-1.0109093429124179,2.038524256015781,-0.6605306743650393,0,0.448214457737196,0.3796721288811475,-0.05778754527941421,-1.5679065665042957,-0.22287550679496057,-1.448148332052485,0.9237707881769818,1,1.5826626555600865,4,0.26623257679518353,0.24198831185855807,-0.2930769296747854,-0.6201892226844657,-1.0778621289498782,-0.4911735278257753,-0.33939373950819707,-0.3687152874355457,-0.3148734873096303,-1.4455905142848562,-0.23140221833166522,0,0.07766857899256718,0.7522508244793061,0,1,0,1,0,1,0,0,0,0,0,0,0,0,0,1,0,0,0,0,1,0,0
-0.2106607044718917,0,0.7301310226244685,0.2230329755142651,-0.8916882501868245,0.2546249253678617,1,0.645040522822686,-1.0261667362455194,0.8459113011114247,-1.5679065665042957,0.7184049203838929,-0.8448060957274455,-0.27759434772997477,1,-0.6039107501479274,3,0.26623257679518353,0.24198831185855807,-0.16451140099023315,0.1557070814399298,0.33809616377248186,-0.4911735278257753,-1.1676872598353414,-0.058284890797371494,-0.3148734873096303,-0.4567500973473325,0.5567968914605753,0,0.972799894658246,-0.32882645411317923,0,0,1,0,0,0,1,0,0,0,0,0,0,0,0,0,0,1,0,1,0,0,0
-1.1961773664814839,0,1.5879003943728498,1.7037637576262845,0.08504925188071055,0.2546249253678617,0,-0.9295679978612341,-1.0261667362455194,-0.05778754527941421,1.1532535902386967,-0.4984603180931486,1.0010585518134516,1.7246808787816195,1,1.036019304133083,3,0.26623257679518353,0.24198831185855807,-0.8073390444129942,-0.6201892226844657,-1.0778621289498782,-0.8177339465973219,-0.6154915796172451,-0.6791456840737199,-1.1559347102263289,0.5320903195901912,0.23319003937537192,1,-0.3311626087109547,3.017365122482609,0,1,0,1,0,1,0,0,0,0,0,0,0,0,0,1,0,1,0,1,0,0,0
-0.42966440714069,0,-0.7127064755187623,-1.0109093429124179,-0.8916882501868245,-1.5756862740979403,0,1.5799643319787637,0.3796721288811475,0.8459113011114247,1.1532535902386967,1.477803621678977,0.11705606719092672,-0.6780493930322936,1,-0.8772324258614291,3,0.26623257679518353,-0.9320143892374165,0.4783162424325279,-1.3960855268088614,0.33809616377248186,1.3049087754177313,2.6976825016913315,1.8042974890316739,2.2083101814404653,0.037670111121429345,0.3688163506314637,0,1.4374869287692462,-0.7342304335853612,1,0,1,0,1,0,0,0,0,0,0,0,0,1,0,0,0,0,1,1,0,0,0
-0.2106607044718917,0,0.12523007838572572,1.0867925984129432,2.038524256015781,-0.6605306743650393,1,0.251388392651706,0.3796721288811475,0.8459113011114247,-1.5679065665042957,0.5452348192211919,-0.4612698826058444,-0.6780493930322936,0,1.855984331273588,4,1.1914379855160337,0.24198831185855807,-0.2930769296747854,0.1557070814399298,-1.0778621289498782,0.32522751910309133,1.0410954610370433,-0.3687152874355457,1.086895217551534,-0.9511703058160944,0.5965091548374856,0,0.8432423355503783,-0.6068177543226755,1,0,0,1,1,0,0,0,0,0,0,0,0,0,0,1,0,1,0,1,0,0,0
-0.2106607044718917,0,0.8416906229963679,1.7037637576262845,1.0617867539482457,0.2546249253678617,0,-1.7660787744745667,0.3796721288811475,-0.9614863916702531,-1.5679065665042957,-0.5288447652910213,0.23735910802349927,0.12286069757234411,1,-0.057267398720923963,3,0.26623257679518353,0.24198831185855807,-0.9359045730975464,0.1557070814399298,0.33809616377248186,-0.8177339465973219,-0.6154915796172451,-0.058284890797371494,-0.5952272282818631,-0.4567500973473325,0.5879208625846936,1,-0.3838637941443926,1.0920179691798013,0,1,1,0,0,0,1,0,0,0,1,0,0,0,0,0,0,1,0,1,0,0,0
-0.6486681098094882,0,-0.36563216325063114,-0.270543951856408,1.0617867539482457,1.1697805251007627,1,-0.8803614815898617,0.3796721288811475,-0.05778754527941421,1.1532535902386967,-0.12492284834587446,-0.6725029087406067,0.12286069757234411,0,1.855984331273588,4,1.1914379855160337,0.24198831185855807,-0.16451140099023315,0.1557070814399298,-1.0778621289498782,-0.0013328996684553085,0.7649976209279952,-0.3687152874355457,0.8065414765793012,1.520930736527715,-0.2612894753713815,0,0.1998294343238025,-0.019947231658183493,0,1,1,0,1,0,0,0,0,0,1,0,0,0,0,0,0,0,0,1,0,0,0
0.008342998196906572,0,0.7747548627732282,-1.0109093429124179,1.0617867539482457,-1.5756862740979403,1,-0.7327419327757442,-1.0261667362455194,-0.05778754527941421,0.24620020465769926,-0.10834951351067117,-1.6336623669812185,-0.6780493930322936,0,0.7626976284195812,3,0.26623257679518353,0.24198831185855807,-0.5502079870438897,-0.6201892226844657,1.754054456494842,-0.0013328996684553085,0.21280194070989908,-0.6791456840737199,0.8065414765793012,0.037670111121429345,0.2841897725702374,0,0.21955262622957786,-0.5218759681475515,0,1,1,0,1,0,0,0,0,0,0,0,1,0,0,0,0,0,0,0,1,0,0
-0.5391662584750891,0,-0.9308674718015876,-1.0109093429124179,0.08504925188071055,-1.5756862740979403,1,-1.6184592256604493,0.3796721288811475,-0.05778754527941421,1.1532535902386967,-0.0724406213677307,-0.48291318668086325,-0.6780493930322936,1,1.855984331273588,4,-0.6589728319256667,0.24198831185855807,-0.2930769296747854,0.1557070814399298,0.33809616377248186,0.32522751910309133,1.0410954610370433,1.4938670923934996,1.086895217551534,-0.4567500973473325,-0.06925526059895193,0,0.26141992496412736,-0.6068177543226755,0,1,1,0,0,0,1,0,0,0,0,0,1,0,0,0,0,1,0,1,0,0,0
0.11784484953130571,0,-0.3705903677116045,2.4441291486822943,2.038524256015781,1.1697805251007627,0,-0.7819484490471167,0.3796721288811475,-0.05778754527941421,1.1532535902386967,-0.8705104372782891,-1.2447855983086387,-0.6780493930322936,0,-1.1505541015749308,3,1.1914379855160337,-0.9320143892374165,-0.16451140099023315,-0.6201892226844657,0.33809616377248186,0.48850772848886465,-0.33939373950819707,2.114727885669848,1.3672489585237668,2.015350944996477,-0.9845610957325143,0,-1.1544206755301676,-0.637705676568175,1,0,1,0,1,0,0,0,0,0,1,0,0,0,0,0,0,0,1,0,1,0,0
1.4318670655440953,0,0.46238798173191026,-0.270543951856408,-0.8916882501868245,-0.6605306743650393,0,-1.1263940629467242,-1.0261667362455194,2.6533089938931025,0.24620020465769926,2.6001158601346663,0.33559722197439673,0.9237707881769818,1,-0.8772324258614291,3,1.1914379855160337,0.24198831185855807,2.2782336440162587,-0.6201892226844657,-1.0778621289498782,3.264271288047011,-0.33939373950819707,3.3564494722225446,1.086895217551534,0.037670111121429345,-0.14852815957230928,0,1.9359428481674095,-0.38030632452234525,0,1,1,0,0,0,1,0,0,0,0,0,0,1,0,0,0,0,0,0,0,1,0
2.4173837275536876,0,1.5680675765289565,1.950552221311621,0.08504925188071055,-1.5756862740979403,0,1.6291708482501361,0.3796721288811475,0.8459113011114247,-1.5679065665042957,0.24096538993899816,-1.6807435803911621,1.7246808787816195,0,-1.1505541015749308,3,1.1914379855160337,-0.9320143892374165,2.1496681153317065,0.1557070814399298,-1.0778621289498782,2.284590031732371,3.249878181909428,1.4938670923934996,1.3672489585237668,-1.4455905142848562,-0.9182938327099711,0,0.5845087431971873,-0.12645730836680263,0,1,0,1,1,0,0,0,0,0,0,0,0,0,0,1,0,0,1,0,0,0,1
-0.10115885313749257,0,1.0424979036657867,-0.14714972001373974,0.08504925188071055,0.2546249253678617,0,-0.3390898026047641,0.3796721288811475,0.8459113011114247,0.24620020465769926,0.7634503945513685,-0.8588601892826525,-0.6780493930322936,0,-0.6039107501479274,3,-0.6589728319256667,2.5899937140505074,0.7354472998016324,-0.6201892226844657,0.33809616377248186,1.6314691941892778,2.6976825016913315,3.0460190755843706,1.086895217551534,0.037670111121429345,-0.25637899297743216,0,1.004749970144902,-0.7578253741895623,0,1,1,0,0,0,0,0,1,0,0,0,0,0,0,0,0,0,0,0,1,0,0
1.979376322216091,0,0.08308534046745267,-0.14714972001373974,0.08504925188071055,1.1697805251007627,0,-1.6184592256604493,0.3796721288811475,1.7496101475022634,0.24620020465769926,1.7536009116288984,0.761295715761619,-0.27759434772997477,1,-0.3305890744344257,3,0.26623257679518353,2.5899937140505074,1.2497094145398413,-0.6201892226844657,0.33809616377248186,-0.32789331844000197,-1.1676872598353414,-0.6791456840737199,-0.5952272282818631,1.026510528058953,-0.0321538380668904,0,1.576108852101432,-0.637705676568175,0,1,1,0,0,0,1,0,0,0,0,1,0,0,0,0,0,0,0,0,0,1,0
-0.10115885313749257,0,0.9730830412121604,0.2230329755142651,0.08504925188071055,-0.6605306743650393,1,1.432344783164646,-1.0261667362455194,-0.05778754527941421,-0.6608531809232983,-0.0008353157335831605,1.1725184931869779,-0.6780493930322936,0,-0.6039107501479274,3,0.26623257679518353,-0.9320143892374165,-0.678773515728442,0.1557070814399298,0.33809616377248186,-0.16461310905422863,0.21280194070989908,-0.6791456840737199,-0.3148734873096303,-0.4567500973473325,0.7521290104580772,0,0.3415839837900454,-0.46120326373674886,1,0,1,0,1,0,0,0,0,0,0,0,1,0,0,0,0,0,1,0,1,0,0
0.8843578088720997,0,1.330073762402238,-0.270543951856408,0.08504925188071055,-0.6605306743650393,1,-0.3390898026047641,0.3796721288811475,0.8459113011114247,-1.5679065665042957,0.6844083361065528,0.6287656135360162,-0.27759434772997477,0,0.4893759527060795,3,0.26623257679518353,0.24198831185855807,1.76397152927805,-0.6201892226844657,0.33809616377248186,-0.9810141559830953,-1.1676872598353414,-0.6791456840737199,-1.1559347102263289,-0.9511703058160944,-0.6787629264627005,0,0.9482295337273217,-0.6852255569458667,0,1,1,0,1,0,0,0,0,0,0,0,0,0,1,0,0,0,0,0,1,0,0
-0.2106607044718917,0,-0.3433202431762513,-1.0109093429124179,0.08504925188071055,-0.6605306743650393,1,0.645040522822686,0.3796721288811475,-0.9614863916702531,-1.5679065665042957,-0.9155559114457648,-1.1868827328611855,0.523315742874663,0,-0.6039107501479274,3,1.1914379855160337,0.24198831185855807,-0.8073390444129942,-0.6201892226844657,-1.0778621289498782,-0.6544537372115486,-0.6154915796172451,-0.3687152874355457,-0.5952272282818631,-0.9511703058160944,-0.5760332098517035,1,-1.2932883000845465,1.3185293989801317,1,0,1,0,0,0,1,0,0,0,0,0,0,0,1,0,0,1,0,1,0,0,0
-0.10115885313749257,1,-1.2010896149246324,-0.02375548817107146,0.08504925188071055,1.1697805251007627,1,0.645040522822686,-1.0261667362455194,-0.9614863916702531,0.24620020465769926,-0.6618564012761143,1.0489830108367078,-1.0785044383346125,1,0.4893759527060795,3,-1.584178240646517,0.24198831185855807,-1.193035630466651,-2.171981830933257,-1.0778621289498782,-0.9810141559830953,-1.1676872598353414,-0.6791456840737199,-1.1559347102263289,-0.4567500973473325,2.011172654717387,0,-0.639121640653867,-0.9465848990231709,0,1,1,0,0,0,1,0,0,0,0,0,0,0,1,0,0,1,0,0,1,0,0
2.4173837275536876,0,1.04745610812676,-1.0109093429124179,-1.8684257522543597,-1.5756862740979403,0,-0.4375028351475091,-1.0261667362455194,-0.05778754527941421,0.24620020465769926,-0.21883841241202642,1.4552868555177443,1.7246808787816195,0,-1.1505541015749308,3,1.1914379855160337,-0.9320143892374165,1.121143885855289,-0.6201892226844657,-1.0778621289498782,-0.4911735278257753,-0.33939373950819707,-0.3687152874355457,-0.3148734873096303,-0.4567500973473325,-0.916438761583368,0,0.08290420128214196,0.1859722499784804,1,0,0,1,1,0,0,0,0,0,0,0,0,0,0,1,0,0,1,0,0,0,1
-0.8676718124782865,0,1.3028036378668848,-0.8875151110697495,0.08504925188071055,0.2546249253678617,1,0.4974209740085685,0.3796721288811475,-0.9614863916702531,-0.6608531809232983,-0.8074042777134766,-1.3150560660846742,-1.0785044383346125,0,2.1293060069870897,4,1.1914379855160337,0.24198831185855807,-0.678773515728442,0.1557070814399298,0.33809616377248186,-0.32789331844000197,-0.063295899399149,-0.6791456840737199,-0.0345197463373974,0.5320903195901912,-0.5519172852058635,1,-0.9791837210126368,-0.9465848990231709,0,1,1,0,1,0,0,0,0,0,0,0,0,0,1,0,0,1,0,1,0,0,0
-0.6486681098094882,0,0.6929444891671688,-1.0109093429124179,1.0617867539482457,0.2546249253678617,1,1.038692652993666,0.3796721288811475,-0.9614863916702531,-0.6608531809232983,-0.8503249653636185,0.6270791223093914,-0.6780493930322936,0,0.4893759527060795,3,-0.6589728319256667,-0.9320143892374165,-1.3216011591512031,0.9316033855643254,0.33809616377248186,-0.9810141559830953,-0.8915894197262932,-0.3687152874355457,-1.1559347102263289,-0.4567500973473325,3.674553098238146,1,-1.096119538024017,0.7522508244793061,0,1,1,0,0,0,1,0,0,0,0,0,0,0,1,0,0,0,1,1,0,0,0
-0.5391662584750891,0,-0.6308961019127028,-1.0109093429124179,0.08504925188071055,-0.6605306743650393,1,0.005355811294843447,0.3796721288811475,-0.05778754527941421,-0.6608531809232983,-0.06011685956719493,-0.9791632301152251,-0.6780493930322936,0,0.4893759527060795,3,-0.6589728319256667,1.4159910129545328,-0.16451140099023315,0.1557070814399298,0.33809616377248186,0.48850772848886465,-0.063295899399149,-0.6791456840737199,1.3672489585237668,-0.9511703058160944,-0.19842317608094387,0,0.27552435635888295,-0.637705676568175,0,1,1,0,1,0,0,0,0,0,0,0,0,0,1,0,0,1,0,1,0,0,0
-0.10115885313749257,0,-1.6622026297951495,-0.3939381836990763,0.08504925188071055,-0.6605306743650393,0,-0.5359158676902541,1.7855109940078144,-0.9614863916702531,1.1532535902386967,-0.7362239293827958,1.0806047213359238,0.12286069757234411,0,-0.8772324258614291,3,-0.6589728319256667,-0.9320143892374165,-0.8073390444129942,0.1557070814399298,0.33809616377248186,-0.9810141559830953,-1.1676872598353414,-0.6791456840737199,-1.1559347102263289,0.037670111121429345,-0.22810431410659304,0,-0.8032836063041433,0.7522508244793061,0,1,1,0,1,0,0,0,0,0,1,0,0,0,0,0,0,1,0,0,1,0,0
-0.6486681098094882,0,-0.14003386027634593,-0.14714972001373974,1.0617867539482457,0.2546249253678617,0,-0.2406767700620191,0.3796721288811475,-0.05778754527941421,1.1532535902386967,-0.44172851808033736,0.8950906864071904,-0.6780493930322936,0,2.1293060069870897,4,1.1914379855160337,-0.9320143892374165,-0.03594587230568093,-0.6201892226844657,0.33809616377248186,0.651787937874638,0.7649976209279952,-0.3687152874355457,1.086895217551534,1.520930736527715,-0.6515102451846043,0,-0.2374433626915103,-0.6634456117727581,0,1,1,0,1,0,0,0,0,0,0,0,1,0,0,0,0,0,1,1,0,0,0
-0.2106607044718917,0,-0.06566079336174639,-1.0109093429124179,1.0617867539482457,0.2546249253678617,1,-1.6676657419318217,-1.0261667362455194,-0.05778754527941421,-1.5679065665042957,-0.4655261270744754,1.2231132299857235,-1.0785044383346125,0,-0.3305890744344257,3,-0.6589728319256667,-0.9320143892374165,0.6068817711170802,-0.6201892226844657,0.33809616377248186,1.3049087754177313,2.4215846615822834,-0.058284890797371494,1.086895217551534,-0.9511703058160944,-0.9249927006671489,0,-0.2760484381560971,-0.9465848990231709,0,1,0,1,0,1,0,0,0,0,0,0,0,0,0,1,0,0,1,1,0,0,0
0.8843578088720997,0,-1.5109773937354638,-0.3939381836990763,1.0617867539482457,1.1697805251007627,1,-0.6835354165043717,0.3796721288811475,0.8459113011114247,-1.5679065665042957,1.432545668859768,0.10595333328231313,0.523315742874663,1,-0.3305890744344257,3,-0.6589728319256667,-0.9320143892374165,0.7354472998016324,0.1557070814399298,1.754054456494842,-1.1442943653688686,-1.1676872598353414,-0.6791456840737199,-1.1559347102263289,0.037670111121429345,0.1254261689619854,0,1.4134685344113167,-0.1915467996887367,0,1,1,0,0,0,0,1,0,0,0,0,0,1,0,0,0,1,0,0,1,0,0
0.008342998196906572,0,-1.0052405387161871,-0.270543951856408,1.0617867539482457,-1.5756862740979403,1,-1.7660787744745667,0.3796721288811475,0.8459113011114247,0.24620020465769926,1.5215742239360524,1.538206007493466,0.523315742874663,0,-0.6039107501479274,3,-1.584178240646517,-0.9320143892374165,0.6068817711170802,0.1557070814399298,1.754054456494842,-0.32789331844000197,-0.6154915796172451,-0.6791456840737199,-0.5952272282818631,-0.9511703058160944,0.2797729365545159,0,1.4603570819069025,-0.14713279384553465,0,1,1,0,0,0,1,0,0,0,0,0,0,1,0,0,0,0,1,0,1,0,0
0.9938596602064987,0,0.35330748359049763,-0.5173324155417446,-0.8916882501868245,-0.6605306743650393,1,0.6942470390940585,0.3796721288811475,-0.05778754527941421,-0.6608531809232983,-0.31487876299551215,-0.5464376895503993,2.1251359240839385,1,1.855984331273588,4,1.1914379855160337,0.24198831185855807,0.6068817711170802,-0.6201892226844657,0.33809616377248186,-0.4911735278257753,-0.6154915796172451,-0.6791456840737199,-0.5952272282818631,0.037670111121429345,-0.8336562125587057,0,-0.046867911012916194,0.6523193113321015,0,1,0,0,0,0,1,0,0,1,0,0,0,0,0,0,0,0,0,0,0,1,0
-0.7581699611438873,0,0.12275097615523907,-1.0109093429124179,-1.8684257522543597,1.1697805251007627,1,-0.5359158676902541,-1.0261667362455194,-0.05778754527941421,1.1532535902386967,-0.29256850456350775,0.23679694428129097,-0.6780493930322936,1,-0.8772324258614291,3,0.26623257679518353,1.4159910129545328,-0.16451140099023315,-1.3960855268088614,-1.0778621289498782,0.48850772848886465,1.0410954610370433,0.2521455058408027,-1.1559347102263289,1.026510528058953,-0.4239173774702511,0,-0.01570899410743414,-0.637705676568175,0,1,1,0,1,0,0,0,0,0,1,0,0,0,0,0,0,1,0,1,0,0,0
-0.2106607044718917,0,1.0201859835914067,-1.0109093429124179,0.08504925188071055,-0.6605306743650393,1,-1.7660787744745667,-1.0261667362455194,-0.9614863916702531,0.24620020465769926,-0.77425760804307,1.6815577617565782,-0.6780493930322936,0,0.7626976284195812,3,-1.584178240646517,-0.9320143892374165,-0.678773515728442,0.1557070814399298,0.33809616377248186,-0.16461310905422863,-0.063295899399149,-0.6791456840737199,-0.0345197463373974,-0.9511703058160944,-0.49832634154844124,1,-0.8947097819951222,-0.46120326373674886,0,1,1,0,0,0,1,0,0,0,0,0,0,0,1,0,0,0,1,1,0,0,0
1.979376322216091,0,-1.7142637766353692,-1.0109093429124179,-0.8916882501868245,-1.5756862740979403,1,0.20218187638033347,0.3796721288811475,0.8459113011114247,1.1532535902386967,0.7938348417492412,0.5310896633273271,0.12286069757234411,0,-0.3305890744344257,3,1.1914379855160337,0.24198831185855807,1.6354060005934978,0.9316033855643254,0.33809616377248186,-0.9810141559830953,-1.1676872598353414,-0.3687152874355457,-1.1559347102263289,0.5320903195901912,-0.6011281998143617,0,1.0259245222252464,-0.5388643253825763,0,1,0,1,1,0,0,0,0,0,0,0,0,0,0,1,0,1,0,0,0,1,0
0.11784484953130571,0,-0.5689185461505365,-0.3939381836990763,0.08504925188071055,-0.6605306743650393,0,0.645040522822686,-2.432005601372186,-0.05778754527941421,1.1532535902386967,-0.2494353382616325,0.19730494139115912,1.7246808787816195,1,-0.8772324258614291,3,1.1914379855160337,2.5899937140505074,0.7354472998016324,0.1557070814399298,0.33809616377248186,0.9783483566461847,1.8693889813641875,-0.3687152874355457,1.3672489585237668,1.026510528058953,-0.8343609577170965,0,0.04276217786397591,0.374731774812089,0,0,1,0,0,0,1,0,0,0,0,0,0,0,1,0,0,0,0,0,1,0,0
-0.3201625558062908,0,0.868960747531721,-1.0109093429124179,-0.8916882501868245,-1.5756862740979403,1,1.3831382668932737,0.3796721288811475,-0.05778754527941421,-0.6608531809232983,-0.4627639046019415,0.4810570902707899,-0.6780493930322936,0,-0.057267398720923963,3,0.26623257679518353,-0.9320143892374165,-0.8073390444129942,-0.6201892226844657,0.33809616377248186,-0.32789331844000197,-0.6154915796172451,-0.3687152874355457,-0.3148734873096303,-0.9511703058160944,0.3024460281018868,1,-0.27151637479378765,-0.38030632452234525,0,1,1,0,0,0,1,0,0,0,0,0,1,0,0,0,0,1,0,1,0,0,0
2.08887817355049,0,1.4812989984619238,-0.270543951856408,0.08504925188071055,1.1697805251007627,1,-0.8311549653184892,-2.432005601372186,0.8459113011114247,1.1532535902386967,0.16086093823551562,1.0378802769280941,0.523315742874663,0,-1.1505541015749308,3,-1.584178240646517,-0.9320143892374165,3.3067578734926766,0.1557070814399298,-1.0778621289498782,-0.16461310905422863,-0.063295899399149,-0.6791456840737199,-0.5952272282818631,0.037670111121429345,-1.076044513273282,0,0.5082919827860298,-0.5889352730226494,0,1,1,0,1,0,0,0,0,0,0,0,1,0,0,0,0,0,1,0,0,0,1
-1.5246829204846812,0,-0.6482498175261093,-0.8875151110697495,-1.8684257522543597,0.2546249253678617,1,-0.19147025379064658,0.3796721288811475,-0.9614863916702531,-1.5679065665042957,-0.8883586440238926,-0.6739083180961274,0.12286069757234411,0,-0.6039107501479274,3,0.26623257679518353,0.24198831185855807,-1.0644701017820986,0.1557070814399298,0.33809616377248186,-1.1442943653688686,-1.1676872598353414,-0.6791456840737199,-1.1559347102263289,-0.4567500973473325,0.11487772530090908,1,-1.2079217780273244,1.6016686862305445,0,1,0,1,0,0,0,0,1,0,0,0,0,0,0,0,1,0,0,0,0,0,0
1.5413689168784945,0,-0.9184719606491543,-0.02375548817107146,1.0617867539482457,1.1697805251007627,1,1.4815512994360187,0.3796721288811475,-0.9614863916702531,1.1532535902386967,-0.9408408710020364,0.6200520755317879,0.12286069757234411,0,2.1293060069870897,4,-0.6589728319256667,1.4159910129545328,-0.16451140099023315,0.9316033855643254,0.33809616377248186,-0.4911735278257753,-0.6154915796172451,-0.6791456840737199,-0.3148734873096303,1.026510528058953,-1.0527864893886942,0,-1.3772436825589414,-0.019947231658183493,0,1,1,0,1,0,0,0,0,0,1,0,0,0,0,0,0,1,0,0,0,1,0
-0.7581699611438873,0,-1.275462681839232,-0.8875151110697495,0.08504925188071055,0.2546249253678617,1,1.6291708482501361,-1.0261667362455194,-0.05778754527941421,1.1532535902386967,-0.4995227113518155,0.2131860671085431,-0.6780493930322936,0,1.036019304133083,3,-1.584178240646517,2.5899937140505074,-0.03594587230568093,0.1557070814399298,0.33809616377248186,0.651787937874638,1.5932911412551394,2.4251582823080224,1.086895217551534,0.037670111121429345,-0.7024778559357192,0,-0.3329745182448918,-0.6634456117727581,0,1,1,0,1,0,0,0,0,0,0,0,0,0,0,0,0,1,0,1,0,0,0
0.9938596602064987,1,-0.33092473202381806,-0.02375548817107146,-0.8916882501868245,0.2546249253678617,1,-0.09305722124790157,-1.0261667362455194,0.8459113011114247,1.1532535902386967,0.6620980776745484,-0.10078238291478293,-0.6780493930322936,0,0.21605427699257776,3,1.1914379855160337,-0.9320143892374165,-0.2930769296747854,0.1557070814399298,0.33809616377248186,0.32522751910309133,1.0410954610370433,0.5625759024789769,0.8065414765793012,1.520930736527715,0.722470774545102,0,0.9318845329551398,-0.6068177543226755,0,1,0,1,0,0,1,0,0,0,0,0,0,0,0,1,0,0,1,0,0,1,0
0.33684855220010396,0,-0.6755199420614625,-1.0109093429124179,1.0617867539482457,0.2546249253678617,1,0.5958340065513135,-1.0261667362455194,1.7496101475022634,-0.6608531809232983,1.487365161006979,-0.027841637363258218,-0.6780493930322936,0,1.855984331273588,4,1.1914379855160337,0.24198831185855807,1.3782749432243935,0.1557070814399298,-1.0778621289498782,2.4478702411181446,-0.33939373950819707,2.7355886789461965,1.9279564404682326,0.037670111121429345,-0.21538114951100232,0,1.442512577533215,-0.7988600535012164,1,0,1,0,1,0,0,0,0,0,0,0,0,0,0,0,0,1,0,0,1,0,0
1.5413689168784945,0,-0.4226515145518241,1.456975293940948,1.0617867539482457,0.2546249253678617,1,0.251388392651706,0.3796721288811475,-0.05778754527941421,1.1532535902386967,-0.22563772926749445,-0.8278006425256449,-1.0785044383346125,1,1.855984331273588,4,1.1914379855160337,-0.9320143892374165,-0.03594587230568093,-0.6201892226844657,-2.4938204216722384,0.48850772848886465,0.7649976209279952,-0.3687152874355457,-1.1559347102263289,0.5320903195901912,-0.46094384763356105,0,0.07407579144989532,-0.9465848990231709,0,1,0,1,0,1,0,0,0,0,0,0,0,0,0,1,0,0,1,0,0,1,0
-0.7581699611438873,0,1.3176782512498049,-0.6407266473844129,-0.8916882501868245,0.2546249253678617,0,-0.14226373751927407,-1.0261667362455194,-0.05778754527941421,-0.6608531809232983,-0.2749327764696376,0.7655119438281811,-0.6780493930322936,1,-0.8772324258614291,3,-0.6589728319256667,2.5899937140505074,-0.03594587230568093,0.9316033855643254,-1.0778621289498782,0.651787937874638,1.0410954610370433,-0.058284890797371494,0.8065414765793012,-0.9511703058160944,-0.5044162215095119,0,0.008473002776339843,-0.6634456117727581,0,1,0,1,0,0,1,0,0,0,0,0,0,0,0,1,0,0,0,1,0,0,0
0.9938596602064987,0,-0.4077769011689042,-1.0109093429124179,0.08504925188071055,0.2546249253678617,1,-1.2740136117608418,-1.0261667362455194,0.8459113011114247,-1.5679065665042957,0.8860505766015262,-1.5699973231761304,-0.27759434772997477,1,-0.6039107501479274,3,0.26623257679518353,0.24198831185855807,1.2497094145398413,1.707499689688721,-1.0778621289498782,0.48850772848886465,1.3171933011460915,2.114727885669848,0.24583399463483546,-0.9511703058160944,-0.43290809256003115,0,1.0884233303757869,-0.637705676568175,1,0,1,0,0,0,1,0,0,0,0,0,0,0,0,0,0,1,0,0,0,1,0
-0.5391662584750891,0,0.7202146137025219,-0.3939381836990763,1.0617867539482457,-0.6605306743650393,1,1.038692652993666,0.3796721288811475,-0.05778754527941421,0.24620020465769926,-0.3172160281645793,1.4037083321701342,-0.6780493930322936,0,0.21605427699257776,3,-1.584178240646517,-0.9320143892374165,0.09261965637887129,-2.171981830933257,0.33809616377248186,0.651787937874638,1.0410954610370433,0.8730062991171511,0.8065414765793012,-0.9511703058160944,-0.6199365598479762,0,-0.050169810442390994,-0.6852255569458667,0,1,0,1,0,0,1,0,0,0,0,0,0,0,0,1,0,0,1,1,0,0,0
1.869874470881692,0,1.0276232902828666,-0.8875151110697495,1.0617867539482457,-1.5756862740979403,0,-0.2898832863333916,0.3796721288811475,0.8459113011114247,0.24620020465769926,1.4971391789867141,1.361546051504513,2.5255909693862573,0,-0.8772324258614291,3,-1.584178240646517,0.24198831185855807,0.6068817711170802,1.707499689688721,-2.4938204216722384,-0.4911735278257753,-0.33939373950819707,-0.6791456840737199,-0.3148734873096303,-2.43443093122238,0.2649581324184497,0,1.4476326261395556,0.8521823376265106,0,1,1,0,0,0,0,0,1,0,0,0,0,1,0,0,0,1,0,0,0,1,0
-1.4151810691502822,0,1.3647811936290513,-0.7641208792270812,-0.8916882501868245,-1.5756862740979403,0,-1.6184592256604493,0.3796721288811475,-0.05778754527941421,0.24620020465769926,-0.3195532933336464,0.4505597072559906,-1.0785044383346125,0,1.5826626555600865,4,-1.584178240646517,0.24198831185855807,-0.9359045730975464,-0.6201892226844657,-1.0778621289498782,-0.6544537372115486,-0.6154915796172451,-0.6791456840737199,-0.5952272282818631,-1.940010722753618,1.095488934724702,0,-0.05347896752456637,-0.9465848990231709,0,1,0,1,0,0,0,1,0,0,0,0,0,0,0,1,0,1,0,0,0,0,0
-0.9771736638126857,0,-1.6919518565609895,-0.6407266473844129,0.08504925188071055,-0.6605306743650393,1,-1.1263940629467242,0.3796721288811475,-0.05778754527941421,0.24620020465769926,-0.48486168438221255,-0.7659626308827338,-0.6780493930322936,0,-0.057267398720923963,3,-0.6589728319256667,-0.9320143892374165,-0.8073390444129942,0.1557070814399298,1.754054456494842,-0.32789331844000197,-0.063295899399149,-0.6791456840737199,-0.0345197463373974,0.037670111121429345,0.25957327317594914,1,-0.30816073162847774,-0.38030632452234525,0,0,0,1,0,0,1,0,0,0,0,0,0,0,0,1,0,1,0,1,0,0,0
2.3078818762192883,0,-0.29869640302749156,0.09963874367159682,1.0617867539482457,1.1697805251007627,1,-1.4216331605749593,0.3796721288811475,1.7496101475022634,0.24620020465769926,1.5657697834965945,1.418886753209758,-1.0785044383346125,0,-0.6039107501479274,3,0.26623257679518353,-0.9320143892374165,3.4353234021772288,-1.3960855268088614,-1.0778621289498782,4.897073381904744,1.5932911412551394,-0.3687152874355457,1.086895217551534,0.5320903195901912,-0.7280405585415416,0,1.48310208261695,-0.9465848990231709,0,1,0,1,0,0,1,0,0,0,0,0,0,0,0,1,0,0,1,0,0,0,1
0.7748559575377005,0,-0.7771631335114152,1.7037637576262845,0.08504925188071055,-0.6605306743650393,1,0.05456232756621595,0.3796721288811475,-0.05778754527941421,-0.6608531809232983,-0.9478526665092378,1.507989706349771,0.523315742874663,0,-0.8772324258614291,3,0.26623257679518353,0.24198831185855807,0.7354472998016324,0.1557070814399298,1.754054456494842,-0.6544537372115486,-0.6154915796172451,-0.3687152874355457,-0.5952272282818631,0.037670111121429345,-1.2328981337396008,0,-1.4013792540419583,-0.1915467996887367,0,0,1,0,0,0,1,0,0,0,1,0,0,0,0,0,0,1,0,0,1,0,0
0.008342998196906572,1,0.011191375783339787,-0.3939381836990763,1.0617867539482457,0.2546249253678617,1,-0.14226373751927407,0.3796721288811475,-0.9614863916702531,-1.5679065665042957,-0.9412658283055032,1.311935101254632,0.523315742874663,1,1.855984331273588,4,1.1914379855160337,-0.9320143892374165,-0.5502079870438897,0.1557070814399298,0.33809616377248186,-0.6544537372115486,-0.6154915796172451,-0.6791456840737199,-0.5952272282818631,0.037670111121429345,-0.8700767062050101,0,-1.3786954815625017,0.7522508244793061,0,1,0,0,0,0,0,0,0,1,0,0,0,0,0,0,0,0,0,0,1,0,0
-0.5391662584750891,0,0.060773420393072805,-1.0109093429124179,-1.8684257522543597,1.1697805251007627,1,0.251388392651706,0.3796721288811475,-0.9614863916702531,-1.5679065665042957,-0.7536471788249326,0.12155337712859297,-0.6780493930322936,0,-0.6039107501479274,3,1.1914379855160337,-0.9320143892374165,-1.3216011591512031,-0.6201892226844657,0.33809616377248186,-0.9810141559830953,-1.1676872598353414,-0.6791456840737199,-1.1559347102263289,0.5320903195901912,4.612394612243034,1,-0.8444781238913599,0.7522508244793061,0,1,1,0,1,0,0,0,0,0,0,0,0,0,1,0,0,0,1,1,0,0,0
-1.8531884744878788,1,0.16985391853448545,-0.3939381836990763,0.08504925188071055,1.1697805251007627,0,0.005355811294843447,-1.0261667362455194,-0.9614863916702531,1.1532535902386967,-0.7600215383769339,0.7687443853458787,-0.6780493930322936,1,0.7626976284195812,3,-0.6589728319256667,-0.9320143892374165,-1.3216011591512031,1.707499689688721,0.33809616377248186,-0.9810141559830953,-1.1676872598353414,-0.3687152874355457,-1.1559347102263289,1.026510528058953,4.550558908022932,1,-0.8598354360771612,0.7522508244793061,1,0,1,0,1,0,0,0,0,0,1,0,0,0,0,0,0,0,1,0,0,0,0
-0.3201625558062908,0,-0.3408411409457646,-0.3939381836990763,1.0617867539482457,-1.5756862740979403,0,-1.2248070954894692,0.3796721288811475,-0.05778754527941421,0.24620020465769926,-0.35992423716298777,-0.25734498511978976,-0.6780493930322936,0,-0.3305890744344257,3,0.26623257679518353,-0.9320143892374165,0.6068817711170802,0.1557070814399298,0.33809616377248186,1.4681889848035046,2.4215846615822834,-0.058284890797371494,1.6476026994959998,-0.4567500973473325,-0.8609669819225844,0,-0.11181577941304627,-0.7467218727287618,0,1,1,0,0,0,0,1,0,0,0,0,0,0,1,0,0,0,1,1,0,0,0
0.008342998196906572,0,0.5888221954867294,-0.8875151110697495,-0.8916882501868245,0.2546249253678617,1,1.6783773645215088,-1.0261667362455194,-0.05778754527941421,1.1532535902386967,-0.28470679444937286,0.2159968858195845,0.9237707881769818,0,-0.3305890744344257,3,1.1914379855160337,0.24198831185855807,0.7354472998016324,-0.6201892226844657,1.754054456494842,-0.9810141559830953,-1.1676872598353414,-0.6791456840737199,-1.1559347102263289,2.015350944996477,-0.8544878732083457,0,-0.004881059075896353,-0.002787274855128059,0,0,1,0,1,0,0,0,0,0,0,0,0,0,0,0,0,0,0,0,1,0,0
2.4173837275536876,0,1.5308810430716568,-0.8875151110697495,1.0617867539482457,0.2546249253678617,0,-1.6676657419318217,-1.0261667362455194,2.6533089938931025,1.1532535902386967,2.6222136399149374,1.069361446491758,2.5255909693862573,0,1.5826626555600865,4,1.1914379855160337,0.24198831185855807,2.406799172700811,0.1557070814399298,0.33809616377248186,-0.6544537372115486,-0.6154915796172451,-0.058284890797371494,-0.5952272282818631,1.520930736527715,-0.18578120988483401,0,1.9442747982756687,0.0398358436556868,0,0,0,0,0,0,0,0,0,0,0,1,0,0,0,0,0,1,0,0,0,0,1
1.4318670655440953,0,0.7747548627732282,-1.0109093429124179,0.08504925188071055,-1.5756862740979403,0,0.349801425194451,0.3796721288811475,2.6533089938931025,-0.6608531809232983,2.4794279859501094,-0.6406001163702867,0.12286069757234411,1,1.036019304133083,3,-1.584178240646517,-0.9320143892374165,2.1496681153317065,-1.3960855268088614,-1.0778621289498782,0.16194730971731802,-0.33939373950819707,-0.6791456840737199,0.8065414765793012,-2.43443093122238,-0.14277104228285156,0,1.8896055984627405,-0.5951016458847274,1,0,1,0,1,0,0,0,0,0,0,0,0,1,0,0,0,1,0,0,0,1,0
-1.3056792178158831,1,-1.3944595889025913,-0.5173324155417446,0.08504925188071055,0.2546249253678617,1,-0.9787745141326066,-1.0261667362455194,-0.05778754527941421,0.24620020465769926,-0.16125669779228166,1.7772661388675384,-0.6780493930322936,1,-1.1505541015749308,3,1.1914379855160337,-0.9320143892374165,-0.678773515728442,-1.3960855268088614,0.33809616377248186,-0.16461310905422863,-0.063295899399149,-0.6791456840737199,-0.3148734873096303,1.026510528058953,0.4927625844237581,0,0.15566413639911097,-0.46120326373674886,0,1,0,1,0,1,0,0,0,0,0,0,0,0,0,1,0,0,1,0,0,0,0
-1.3056792178158831,0,1.1838067308035256,-0.270543951856408,-1.8684257522543597,1.1697805251007627,1,-0.09305722124790157,-1.0261667362455194,-0.9614863916702531,1.1532535902386967,-0.7678832484910688,1.76855260086331,-0.6780493930322936,0,-1.1505541015749308,3,0.26623257679518353,1.4159910129545328,-1.193035630466651,-0.6201892226844657,0.33809616377248186,-0.8177339465973219,-0.6154915796172451,-0.058284890797371494,-0.8755809692540959,1.520930736527715,1.4969057146202012,1,-0.8789944467092282,0.1859722499784804,0,1,1,0,0,0,1,0,0,0,0,0,0,0,1,0,0,1,0,0,0,0,0
-1.6341847718190805,0,-0.6656035331395159,0.7166099028849382,0.08504925188071055,-0.6605306743650393,0,-0.3390898026047641,0.3796721288811475,-0.9614863916702531,1.1532535902386967,-0.7717078642222696,1.3311892094252658,-0.6780493930322936,0,-0.057267398720923963,3,0.26623257679518353,-0.9320143892374165,-1.3216011591512031,1.707499689688721,0.33809616377248186,-1.1442943653688686,-1.1676872598353414,-0.6791456840737199,-1.1559347102263289,0.5320903195901912,4.4371934502860775,1,-0.8884039489018566,0.7522508244793061,0,1,1,0,0,0,1,0,0,0,1,0,0,0,0,0,0,0,1,0,0,0,0
1.5413689168784945,0,1.6201287233691761,-1.0109093429124179,1.0617867539482457,-1.5756862740979403,0,-1.7660787744745667,-1.0261667362455194,0.8459113011114247,-1.5679065665042957,0.2084561562237917,1.61381703082048,0.12286069757234411,0,1.3093409798465847,4,0.26623257679518353,-0.9320143892374165,1.5068404719089457,-1.3960855268088614,-1.0778621289498782,0.9783483566461847,2.1454868214732357,3.0460190755843706,1.086895217551534,-1.940010722753618,-0.8097900951962187,0,0.5540409533252807,-0.5218759681475515,1,0,1,0,0,0,1,0,0,0,0,0,0,0,0,0,0,0,1,0,0,1,0
-0.3201625558062908,1,-0.3581948565591712,-0.270543951856408,0.08504925188071055,-1.5756862740979403,1,0.005355811294843447,-2.432005601372186,-0.05778754527941421,0.24620020465769926,-0.09113874272026776,1.2049834492995064,-0.6780493930322936,1,2.4026276827005915,4,1.1914379855160337,-0.9320143892374165,-0.2930769296747854,0.1557070814399298,0.33809616377248186,0.32522751910309133,0.7649976209279952,-0.6791456840737199,0.5261877356070683,0.037670111121429345,-0.08940911975217042,0,0.23976454021953114,-0.6068177543226755,1,0,1,0,1,0,0,0,0,0,1,0,0,0,0,0,0,0,1,1,0,0,0
1.869874470881692,0,-1.6374116074902831,2.0739464531542895,0.08504925188071055,1.1697805251007627,0,-1.7660787744745667,1.7855109940078144,1.7496101475022634,1.1532535902386967,2.3000960038871403,-0.06213362563796348,-0.27759434772997477,1,-0.8772324258614291,3,0.26623257679518353,-0.9320143892374165,1.5068404719089457,0.1557070814399298,0.33809616377248186,-0.32789331844000197,-0.33939373950819707,0.5625759024789769,-0.0345197463373974,1.520930736527715,0.07239928501057784,0,1.818005906811648,-0.6634456117727581,0,0,0,0,0,0,0,0,0,0,0,1,0,0,0,0,0,0,1,0,0,1,0
-1.4151810691502822,0,0.804504089539068,1.0867925984129432,-1.8684257522543597,-0.6605306743650393,1,-0.6835354165043717,0.3796721288811475,-0.9614863916702531,0.24620020465769926,-0.7923182934404069,-0.14842576006693492,-1.0785044383346125,0,-0.8772324258614291,3,0.26623257679518353,0.24198831185855807,-0.678773515728442,-0.6201892226844657,0.33809616377248186,-0.32789331844000197,-0.33939373950819707,-0.3687152874355457,-0.5952272282818631,0.037670111121429345,-0.5275265352079341,1,-0.940148634225746,-0.9465848990231709,0,1,1,0,1,0,0,0,0,0,1,0,0,0,0,0,0,1,0,0,0,0,0
-0.3201625558062908,0,0.5665102754123496,-0.3939381836990763,1.0617867539482457,0.2546249253678617,0,-1.0279810304039791,-1.0261667362455194,-0.05778754527941421,-0.6608531809232983,-0.4245177472899339,0.09653709060032438,1.3242258334793007,0,-0.057267398720923963,3,0.26623257679518353,0.24198831185855807,0.09261965637887129,0.1557070814399298,0.33809616377248186,-0.9810141559830953,-1.1676872598353414,-0.6791456840737199,-1.1559347102263289,0.037670111121429345,-0.7066783116011757,0,-0.21012785216398694,0.6215711534406541,0,1,1,0,1,0,0,0,0,0,0,0,0,0,1,0,0,0,0,1,0,0,0
0.008342998196906572,0,0.9582084278292404,-0.7641208792270812,0.08504925188071055,0.2546249253678617,1,1.038692652993666,0.3796721288811475,0.8459113011114247,1.1532535902386967,0.1965573517267227,0.02710986843760144,-0.27759434772997477,0,-0.8772324258614291,3,-1.584178240646517,-0.9320143892374165,0.09261965637887129,0.1557070814399298,0.33809616377248186,-0.32789331844000197,-0.33939373950819707,-0.3687152874355457,-0.3148734873096303,0.037670111121429345,-0.2046067465029541,0,0.5427333806946284,-0.4238662148685625,0,1,0,1,1,0,0,0,0,0,0,0,0,0,0,1,0,0,1,0,1,0,0
-0.3201625558062908,0,1.367260295859538,-0.5173324155417446,0.08504925188071055,0.2546249253678617,0,-1.0279810304039791,-1.0261667362455194,0.8459113011114247,-1.5679065665042957,1.0896051249621,-1.2224395895558595,-0.27759434772997477,0,-0.8772324258614291,3,1.1914379855160337,-0.9320143892374165,0.34975071374797573,2.4833959938131165,0.33809616377248186,0.651787937874638,1.5932911412551394,0.8730062991171511,1.086895217551534,0.037670111121429345,0.23192387971753187,0,1.2178325597243689,-0.4935620394225103,0,1,1,0,0,0,1,0,0,0,0,1,0,0,0,0,0,0,1,1,0,0,0
-0.10115885313749257,0,1.6473988479045294,0.2230329755142651,-0.8916882501868245,-0.6605306743650393,0,1.2847252343505287,0.3796721288811475,0.8459113011114247,1.1532535902386967,0.6873830372308202,1.214118610110391,-1.0785044383346125,0,-0.3305890744344257,3,0.26623257679518353,0.24198831185855807,-0.16451140099023315,2.4833959938131165,0.33809616377248186,0.32522751910309133,0.7649976209279952,-0.058284890797371494,1.086895217551534,0.5320903195901912,0.5267035154067919,0,0.9503955207724264,-0.9465848990231709,1,0,0,1,0,0,0,0,1,0,0,0,0,0,0,1,0,1,0,0,1,0,0
-0.10115885313749257,0,0.2962881322893046,-0.7641208792270812,-0.8916882501868245,-1.5756862740979403,0,-1.3232201280322142,0.3796721288811475,-0.9614863916702531,1.1532535902386967,-0.779357095684671,-1.6516516067318836,0.9237707881769818,0,1.855984331273588,4,-1.584178240646517,0.24198831185855807,-0.5502079870438897,-0.6201892226844657,0.33809616377248186,-0.9810141559830953,-1.1676872598353414,-0.6791456840737199,-1.1559347102263289,-0.9511703058160944,-0.6457014366063524,0,-0.9074012413480413,1.1769597553549254,0,1,1,0,1,0,0,0,0,0,1,0,0,0,0,0,0,0,0,0,1,0,0
0.6653541062033014,0,-1.012677845407647,2.0739464531542895,-0.8916882501868245,0.2546249253678617,1,1.2847252343505287,0.3796721288811475,1.7496101475022634,1.1532535902386967,2.2216913813975245,0.7281280549713303,-0.6780493930322936,1,-0.8772324258614291,3,1.1914379855160337,1.4159910129545328,1.76397152927805,0.1557070814399298,1.754054456494842,2.9377108692754645,2.1454868214732357,0.5625759024789769,2.2083101814404653,2.015350944996477,-0.08225449975277783,0,1.7855996507719882,-0.8159052279845188,1,0,0,1,1,0,0,0,0,0,0,1,0,0,0,0,0,1,0,0,1,0,0
-0.7581699611438873,0,1.2631380021790986,1.7037637576262845,0.08504925188071055,-1.5756862740979403,1,1.4815512994360187,-2.432005601372186,-0.9614863916702531,0.24620020465769926,-0.8265273563694804,1.1238913294859614,-0.6780493930322936,0,2.675949358414093,4,0.26623257679518353,2.5899937140505074,-0.16451140099023315,-0.6201892226844657,-1.0778621289498782,0.48850772848886465,0.7649976209279952,-0.6791456840737199,1.3672489585237668,-0.9511703058160944,-0.9418944598206436,1,-1.0301654133790996,-0.637705676568175,1,0,1,0,1,0,0,0,0,0,0,0,0,0,1,0,0,0,0,1,0,0,0
-0.42966440714069,0,-0.1301174513543993,1.5803695257836163,-0.8916882501868245,0.2546249253678617,1,1.432344783164646,0.3796721288811475,-0.05778754527941421,-0.6608531809232983,-0.07584027979546472,0.16399673966531833,-1.0785044383346125,0,-0.6039107501479274,3,-1.584178240646517,0.24198831185855807,-0.42164245835933756,-0.6201892226844657,1.754054456494842,-0.0013328996684553085,0.7649976209279952,-0.6791456840737199,0.8065414765793012,-0.4567500973473325,0.10302588199205609,0,0.2575056804452042,-0.9465848990231709,0,0,0,1,0,1,0,0,0,0,0,0,0,0,0,1,0,1,0,1,0,0,0
2.08887817355049,1,-0.8961600405747744,0.59321567104227,1.0617867539482457,-0.6605306743650393,0,0.3005949089230785,0.3796721288811475,-0.9614863916702531,-0.6608531809232983,-0.32720252479604794,-1.3777373233408976,2.5255909693862573,1,0.7626976284195812,3,-1.584178240646517,2.5899937140505074,-0.5502079870438897,-0.6201892226844657,0.33809616377248186,-0.32789331844000197,-0.063295899399149,0.5625759024789769,-0.3148734873096303,-1.4455905142848562,-0.019099633842646454,0,-0.06436007415580146,2.8757954788574023,0,1,1,0,1,0,0,0,0,0,0,0,0,0,1,0,0,1,0,0,0,0,1
1.5413689168784945,0,-0.2937381985665183,-0.3939381836990763,0.08504925188071055,-1.5756862740979403,1,-0.7327419327757442,0.3796721288811475,2.6533089938931025,0.24620020465769926,2.769461345566167,-1.1034014171432556,1.7246808787816195,0,-0.6039107501479274,3,0.26623257679518353,-0.9320143892374165,1.5068404719089457,1.707499689688721,0.33809616377248186,2.1213098223465976,3.8020738621275236,3.977310265498893,3.049371404357164,-0.4567500973473325,0.2703631554775437,0,1.998647305904528,0.0444026063532741,0,1,1,0,1,0,0,0,0,0,0,0,0,1,0,0,0,0,1,0,0,1,0
-0.6486681098094882,1,-1.3721476688282115,-0.3939381836990763,1.0617867539482457,-0.6605306743650393,1,0.4974209740085685,-2.432005601372186,-0.05778754527941421,0.24620020465769926,-0.07031583485039695,0.9031015197336584,0.523315742874663,1,0.7626976284195812,3,-0.6589728319256667,-0.9320143892374165,0.09261965637887129,0.1557070814399298,-1.0778621289498782,-0.0013328996684553085,0.7649976209279952,1.4938670923934996,0.8065414765793012,-0.9511703058160944,-0.4203446478930896,0,0.2638611699453257,0.0988524692860458,0,1,0,1,1,0,0,0,0,0,0,0,0,0,0,1,0,1,0,1,0,0,0
-1.1961773664814839,0,0.09548085161988591,-0.3939381836990763,0.08504925188071055,0.2546249253678617,0,-0.9787745141326066,-1.0261667362455194,-0.9614863916702531,-0.6608531809232983,-0.8785846260441574,1.2630268556825115,-0.6780493930322936,0,1.036019304133083,3,0.26623257679518353,-0.9320143892374165,-0.8073390444129942,0.1557070814399298,-1.0778621289498782,-0.32789331844000197,-0.063295899399149,0.5625759024789769,-0.3148734873096303,-0.4567500973473325,-0.5043037929563844,1,-1.1783883317420483,-0.38030632452234525,0,1,1,0,0,0,0,1,0,0,0,0,0,0,1,0,0,1,0,1,0,0,0
2.3078818762192883,1,-1.6250160963378497,1.7037637576262845,1.0617867539482457,1.1697805251007627,0,1.3831382668932737,0.3796721288811475,0.8459113011114247,1.1532535902386967,0.8093457833257777,-1.5246026009928115,-0.6780493930322936,0,-0.8772324258614291,3,1.1914379855160337,0.24198831185855807,3.692454459546333,0.1557070814399298,-1.0778621289498782,5.386914010062064,1.5932911412551394,3.977310265498893,0.5261877356070683,1.520930736527715,-0.9491086253129888,0,1.0366201662420254,-0.863714863730367,0,1,1,0,0,0,1,0,0,0,0,0,0,0,0,0,0,1,0,0,0,0,1
-1.9626903258222779,1,-0.6804781465224358,1.5803695257836163,-1.8684257522543597,1.1697805251007627,1,-0.7819484490471167,0.3796721288811475,-0.9614863916702531,0.24620020465769926,-1.0258323316953866,1.7577309488258006,-0.6780493930322936,1,1.036019304133083,3,1.1914379855160337,-0.9320143892374165,-1.4501666878357553,-0.6201892226844657,-1.0778621289498782,-1.1442943653688686,-1.1676872598353414,-0.6791456840737199,-1.1559347102263289,1.026510528058953,1.9720100420446558,1,-1.6996467876955168,2.451086547981783,0,1,0,1,0,1,0,0,0,0,0,0,0,0,0,0,1,0,1,0,0,0,0
-1.6341847718190805,0,-0.5168573993103168,-0.8875151110697495,-1.8684257522543597,0.2546249253678617,1,1.6783773645215088,0.3796721288811475,-0.9614863916702531,1.1532535902386967,-0.8456504350254842,0.7007225725386765,-1.0785044383346125,0,-0.3305890744344257,3,0.26623257679518353,0.24198831185855807,-1.0644701017820986,-0.6201892226844657,0.33809616377248186,-0.8177339465973219,-0.8915894197262932,-0.058284890797371494,-0.8755809692540959,1.026510528058953,0.2529774647258048,1,-1.0829342069695627,-0.9465848990231709,0,1,1,0,0,0,0,0,1,0,1,0,0,0,0,0,0,1,0,0,0,0,0
1.3223652142096962,0,-0.8242660758906616,1.3335810620982798,1.0617867539482457,0.2546249253678617,0,1.4815512994360187,0.3796721288811475,-0.05778754527941421,-1.5679065665042957,0.013613232584286374,-1.2317152913022962,-0.6780493930322936,0,-0.3305890744344257,3,0.26623257679518353,-0.9320143892374165,0.6068817711170802,-0.6201892226844657,-1.0778621289498782,1.3049087754177313,1.8693889813641875,0.8730062991171511,1.9279564404682326,-0.9511703058160944,-0.6344937152164587,0,0.35725457538665606,-0.7467218727287618,0,1,1,0,0,0,1,0,0,0,0,0,1,0,0,0,0,1,0,0,0,1,0
0.6653541062033014,0,0.3830567103563374,2.320734916839626,0.08504925188071055,-0.6605306743650393,0,0.3005949089230785,1.7855109940078144,-0.9614863916702531,0.24620020465769926,-0.37479774278432404,0.2497267103520815,0.523315742874663,0,-0.8772324258614291,3,1.1914379855160337,-0.9320143892374165,0.8640128284861845,-0.6201892226844657,0.33809616377248186,-0.6544537372115486,-0.6154915796172451,-0.3687152874355457,-0.5952272282818631,0.5320903195901912,-0.9378178837646516,0,-0.13389118152838878,-0.23128564702212795,1,0,1,0,0,0,1,0,0,0,0,0,0,0,1,0,0,0,1,0,1,0,0
1.4318670655440953,0,0.016149580244313087,0.3464272073569334,0.08504925188071055,0.2546249253678617,0,0.5466274902799411,0.3796721288811475,0.8459113011114247,1.1532535902386967,0.5747693518121311,-1.0776824259372266,0.523315742874663,0,-1.1505541015749308,3,1.1914379855160337,-0.9320143892374165,0.6068817711170802,0.1557070814399298,0.33809616377248186,-0.8177339465973219,-0.6154915796172451,-0.058284890797371494,-0.8755809692540959,1.520930736527715,-0.2942685176221028,0,0.866142229655045,-0.14713279384553465,1,0,0,1,0,1,0,0,0,0,0,0,0,0,0,1,0,0,1,0,0,1,0
-0.6486681098094882,1,-0.6457707152956227,1.3335810620982798,0.08504925188071055,-0.6605306743650393,0,0.251388392651706,-2.432005601372186,-0.05778754527941421,0.24620020465769926,-0.41304390009633163,1.4721517677839928,0.12286069757234411,1,-1.1505541015749308,3,0.26623257679518353,0.24198831185855807,-0.9359045730975464,-0.6201892226844657,0.33809616377248186,-0.8177339465973219,-0.6154915796172451,-0.058284890797371494,-0.5952272282818631,0.037670111121429345,0.8687580192509927,1,-0.19218901805815,1.0920179691798013,0,1,0,1,1,0,0,0,0,0,0,0,0,0,0,1,0,1,0,1,0,0,0
0.4463504035345031,0,-0.0012041353690934679,-0.02375548817107146,-1.8684257522543597,0.2546249253678617,1,1.4815512994360187,0.3796721288811475,0.8459113011114247,0.24620020465769926,0.35825360569582143,0.9673287272809546,0.12286069757234411,1,-0.6039107501479274,3,0.26623257679518353,0.24198831185855807,0.09261965637887129,-0.6201892226844657,0.33809616377248186,0.32522751910309133,0.7649976209279952,-0.6791456840737199,0.8065414765793012,0.5320903195901912,-0.07389293841545963,0,0.6895740511189147,-0.16250687279125836,0,1,0,1,1,0,0,0,0,0,0,0,0,0,0,1,0,0,0,0,1,0,0
-1.1961773664814839,0,1.3697393980900245,1.950552221311621,-1.8684257522543597,0.2546249253678617,0,-0.2406767700620191,0.3796721288811475,-0.9614863916702531,0.24620020465769926,-0.7566218799491998,-0.758513961298474,-0.6780493930322936,0,2.1293060069870897,4,1.1914379855160337,0.24198831185855807,-0.42164245835933756,0.1557070814399298,0.33809616377248186,0.16194730971731802,0.7649976209279952,0.8730062991171511,0.8065414765793012,1.026510528058953,-0.722480769346313,1,-0.851625379193568,-0.5690658493559537,0,1,0,0,1,0,0,0,0,1,0,0,0,0,0,0,0,1,0,1,0,0,0
-0.10115885313749257,0,-1.4539580424342708,-0.3939381836990763,-0.8916882501868245,-0.6605306743650393,1,0.8910731041795485,0.3796721288811475,-0.05778754527941421,-0.6608531809232983,-0.3318770551341822,-1.6153920453594492,1.3242258334793007,0,1.3093409798465847,4,1.1914379855160337,1.4159910129545328,-0.5502079870438897,-2.171981830933257,0.33809616377248186,-0.6544537372115486,-0.6154915796172451,-0.6791456840737199,-0.8755809692540959,0.037670111121429345,-0.02557765999903808,0,-0.07104856251957532,1.6016686862305445,0,1,1,0,0,0,1,0,0,0,0,0,1,0,0,0,0,0,0,0,1,0,0
1.5413689168784945,1,0.861523440840261,-0.14714972001373974,1.0617867539482457,-1.5756862740979403,1,-0.6343289002329991,-2.432005601372186,0.8459113011114247,1.1532535902386967,0.8811635676116586,1.5230275864538423,-0.27759434772997477,0,-0.057267398720923963,3,1.1914379855160337,-0.9320143892374165,0.8640128284861845,-0.6201892226844657,0.33809616377248186,-0.4911735278257753,-0.6154915796172451,-0.6791456840737199,-0.3148734873096303,0.5320903195901912,-0.26094594368126983,0,1.0851754882541536,-0.5889352730226494,1,0,1,0,1,0,0,0,0,0,0,0,1,0,0,0,0,0,1,0,0,1,0
0.22734670086570485,0,1.3052827400973714,-0.6407266473844129,1.0617867539482457,1.1697805251007627,0,-0.9295679978612341,-1.0261667362455194,-0.05778754527941421,0.24620020465769926,-0.12768507081840835,0.03891530702397538,0.523315742874663,0,-0.3305890744344257,3,0.26623257679518353,0.24198831185855807,0.7354472998016324,-1.3960855268088614,1.754054456494842,1.3049087754177313,1.8693889813641875,0.8730062991171511,1.3672489585237668,1.520930736527715,-0.7648867253286284,0,0.1965169677509275,-0.1915467996887367,0,1,0,1,1,0,0,0,0,0,0,0,0,0,0,1,0,1,0,0,1,0,0
-1.3056792178158831,0,0.3880149148173107,2.320734916839626,0.08504925188071055,-1.5756862740979403,1,-1.2248070954894692,-1.0261667362455194,-0.05778754527941421,0.24620020465769926,0.45386899897584043,1.47875719175494,-0.27759434772997477,0,0.7626976284195812,3,1.1914379855160337,-0.9320143892374165,-0.678773515728442,0.1557070814399298,0.33809616377248186,-0.8177339465973219,-0.6154915796172451,-0.058284890797371494,-0.5952272282818631,0.037670111121429345,1.4872868272970738,0,0.7701116679997599,0.024178371549673068,0,1,0,1,1,0,0,0,0,0,0,0,0,0,0,1,0,1,0,0,0,0,0
-0.7581699611438873,0,1.0846426415840595,-0.02375548817107146,0.08504925188071055,0.2546249253678617,1,-0.8803614815898617,0.3796721288811475,-0.05778754527941421,1.1532535902386967,-0.03313207079705624,-0.046533581791683626,-1.0785044383346125,1,1.036019304133083,3,1.1914379855160337,-0.9320143892374165,0.09261965637887129,-0.6201892226844657,-2.4938204216722384,0.651787937874638,1.3171933011460915,0.5625759024789769,0.8065414765793012,0.5320903195901912,-0.3902856250083177,0,0.3059543669447819,-0.9465848990231709,0,1,0,0,0,0,0,0,0,1,0,0,0,0,0,0,0,1,0,1,0,0,0
-0.5391662584750891,1,0.5714684798733228,-0.02375548817107146,0.08504925188071055,-1.5756862740979403,0,-1.2248070954894692,0.3796721288811475,-0.9614863916702531,-1.5679065665042957,-0.48932373606861346,-0.5746864175963655,1.7246808787816195,0,1.855984331273588,4,-1.584178240646517,-0.9320143892374165,-0.16451140099023315,-0.6201892226844657,1.754054456494842,-0.32789331844000197,-0.063295899399149,-0.6791456840737199,-0.0345197463373974,-1.940010722753618,-0.614783584496301,1,-0.3156695524309901,1.2155696581617998,0,1,1,0,0,0,1,0,0,0,1,0,0,0,0,0,0,0,1,1,0,0,0
0.8843578088720997,0,1.2730544111010451,2.4441291486822943,0.08504925188071055,0.2546249253678617,1,0.841866587908176,0.3796721288811475,-0.9614863916702531,1.1532535902386967,-0.6482577675651784,-0.6410217391769428,0.9237707881769818,0,-0.6039107501479274,3,-0.6589728319256667,-0.9320143892374165,-0.2930769296747854,-0.6201892226844657,-1.0778621289498782,-0.16461310905422863,0.21280194070989908,-0.6791456840737199,-0.3148734873096303,0.037670111121429345,-0.6899025140673887,0,-0.6109474298947116,0.7522508244793061,0,1,1,0,0,0,1,0,0,0,0,0,0,0,1,0,0,0,1,0,1,0,0
0.11784484953130571,0,-1.0870509123222465,-0.7641208792270812,2.038524256015781,1.1697805251007627,0,-1.6676657419318217,0.3796721288811475,-0.05778754527941421,0.24620020465769926,-0.4644637338158085,-1.68805170903987,0.12286069757234411,1,1.3093409798465847,4,-0.6589728319256667,-0.9320143892374165,0.9925783571707368,-0.6201892226844657,0.33809616377248186,-0.6544537372115486,-0.6154915796172451,-0.058284890797371494,-0.5952272282818631,0.5320903195901912,-1.0121593468791705,0,-0.27430372194504304,-0.4369341819724278,0,1,1,0,0,0,0,0,1,0,0,0,0,0,1,0,0,0,1,0,1,0,0
-0.7581699611438873,0,-0.9035973472662344,1.0867925984129432,0.08504925188071055,-1.5756862740979403,0,0.448214457737196,0.3796721288811475,-0.9614863916702531,0.24620020465769926,-0.8224902619865463,1.3487568263692746,-0.6780493930322936,0,-0.3305890744344257,3,0.26623257679518353,-0.9320143892374165,-0.8073390444129942,0.9316033855643254,-1.0778621289498782,-0.32789331844000197,-0.063295899399149,-0.6791456840737199,-0.0345197463373974,-0.9511703058160944,-0.395472953529004,1,-1.0192579134082704,-0.38030632452234525,0,1,1,0,1,0,0,0,0,0,0,0,0,0,1,0,0,0,1,1,0,0,0
-0.5391662584750891,0,-0.281342687414085,-0.02375548817107146,-0.8916882501868245,1.1697805251007627,1,-1.5200461931177043,-2.432005601372186,-0.05778754527941421,1.1532535902386967,-0.3898837270573937,1.194442879133101,-1.0785044383346125,0,0.4893759527060795,3,1.1914379855160337,2.5899937140505074,-0.2930769296747854,-0.6201892226844657,1.754054456494842,0.16194730971731802,0.7649976209279952,-0.6791456840737199,0.8065414765793012,2.5097711534652385,-0.4114128239501861,1,-0.15661758245194365,-0.9465848990231709,1,0,0,1,0,0,1,0,0,0,0,0,0,0,0,1,0,0,0,1,0,0,0
-0.7581699611438873,0,-1.4911445758915707,-0.5173324155417446,0.08504925188071055,1.1697805251007627,0,0.8910731041795485,0.3796721288811475,-0.9614863916702531,-1.5679065665042957,-0.7009524731950555,-0.54784309890592,0.9237707881769818,0,-0.3305890744344257,3,1.1914379855160337,0.24198831185855807,-0.42164245835933756,0.1557070814399298,0.33809616377248186,-0.6544537372115486,-0.6154915796172451,-0.058284890797371494,-0.5952272282818631,0.5320903195901912,-0.6549767922393677,1,-0.7231892433666481,0.9410103493129147,0,1,1,0,0,0,0,0,1,0,0,0,0,0,1,0,0,0,0,1,0,0,0
-0.7581699611438873,0,1.5482347586850633,-0.8875151110697495,-1.8684257522543597,-0.6605306743650393,1,-1.5200461931177043,-1.0261667362455194,-0.9614863916702531,1.1532535902386967,-0.8037921406340092,-0.4428590200485231,-1.0785044383346125,0,-0.6039107501479274,3,1.1914379855160337,-0.9320143892374165,-0.678773515728442,0.1557070814399298,0.33809616377248186,-0.32789331844000197,-0.33939373950819707,-0.3687152874355457,-0.5952272282818631,1.026510528058953,-0.5460772464739649,1,-0.969744721754988,-0.9465848990231709,0,1,1,0,0,0,1,0,0,0,1,0,0,0,0,0,0,0,1,1,0,0,0
0.4463504035345031,0,0.13514648730767234,0.09963874367159682,0.08504925188071055,1.1697805251007627,1,1.235518718079156,-1.0261667362455194,1.7496101475022634,-1.5679065665042957,2.268861642082334,-0.20028536528564903,0.523315742874663,0,-0.6039107501479274,3,-0.6589728319256667,0.24198831185855807,1.2497094145398413,-0.6201892226844657,-1.0778621289498782,-0.0013328996684553085,0.48889978081894714,1.4938670923934996,0.8065414765793012,-0.9511703058160944,0.2058645472247742,0,1.8051795652909108,-0.32882645411317923,1,0,1,0,1,0,0,0,0,0,0,1,0,0,0,0,0,0,0,0,1,0,0
0.4463504035345031,0,0.3235582568246578,-0.02375548817107146,1.0617867539482457,0.2546249253678617,1,1.3831382668932737,0.3796721288811475,-0.9614863916702531,-1.5679065665042957,-0.9062068507694963,-1.0332714903027722,-0.27759434772997477,0,1.5826626555600865,4,1.1914379855160337,0.24198831185855807,-0.5502079870438897,-0.6201892226844657,0.33809616377248186,-0.32789331844000197,-1.1676872598353414,-0.3687152874355457,-0.0345197463373974,0.037670111121429345,-0.8214915100320724,0,-1.263394411885762,-0.09716703727193238,0,1,1,0,1,0,0,0,0,0,1,0,0,0,0,0,0,1,0,0,1,0,0
-1.9626903258222779,0,0.9383756099853472,-0.7641208792270812,-1.8684257522543597,-0.6605306743650393,0,0.645040522822686,0.3796721288811475,-0.9614863916702531,-0.6608531809232983,-1.0666282328281946,0.25141320157870634,-0.6780493930322936,0,-0.3305890744344257,3,1.1914379855160337,-0.9320143892374165,-1.3216011591512031,0.1557070814399298,0.33809616377248186,-0.9810141559830953,-1.1676872598353414,-0.6791456840737199,-1.1559347102263289,0.037670111121429345,1.5762615350359994,1,-1.8829374254194269,0.7522508244793061,0,1,1,0,0,0,1,0,0,0,1,0,0,0,0,0,0,0,1,0,0,0,0
0.33684855220010396,0,1.4689034873094906,2.0739464531542895,0.08504925188071055,-0.6605306743650393,0,-0.5851223839616266,0.3796721288811475,-0.05778754527941421,-0.6608531809232983,-0.19079123038322088,-0.8164168267459271,-0.6780493930322936,0,-1.1505541015749308,3,-1.584178240646517,0.24198831185855807,1.121143885855289,-0.6201892226844657,0.33809616377248186,2.1213098223465976,0.7649976209279952,-0.058284890797371494,2.488663922412698,-1.4455905142848562,-0.9028349066549455,0,0.11878386282688923,-0.7847910205943636,1,0,1,0,0,0,1,0,0,0,0,0,0,0,1,0,0,0,0,0,1,0,0
-0.2106607044718917,0,-0.3482784476372246,-1.0109093429124179,2.038524256015781,0.2546249253678617,1,1.3831382668932737,0.3796721288811475,0.8459113011114247,-0.6608531809232983,0.16829769104618375,-0.40392918090059954,-0.6780493930322936,0,-0.6039107501479274,3,-1.584178240646517,1.4159910129545328,-0.16451140099023315,0.1557070814399298,0.33809616377248186,0.48850772848886465,1.0410954610370433,-0.6791456840737199,0.5261877356070683,-0.9511703058160944,0.023154764041090292,0,0.5155325382399827,-0.637705676568175,0,1,0,1,0,1,0,0,0,0,0,0,0,0,0,1,0,1,0,1,0,0,0
1.7603726195472926,0,1.570546678759443,-0.3939381836990763,-0.8916882501868245,-0.6605306743650393,1,-1.5692527093890767,0.3796721288811475,-0.05778754527941421,0.24620020465769926,-0.8917583024516267,0.24368345012334244,-0.27759434772997477,1,1.3093409798465847,4,1.1914379855160337,0.24198831185855807,0.2211851850634235,0.1557070814399298,-2.4938204216722384,-0.0013328996684553085,0.7649976209279952,0.5625759024789769,0.24583399463483546,-0.4567500973473325,-1.1148600232404124,0,-1.2183316065370369,-0.46120326373674886,0,1,0,1,0,1,0,0,0,0,0,0,0,0,0,0,1,1,0,0,0,1,0
0.8843578088720997,0,-1.5084982915049772,-0.02375548817107146,0.08504925188071055,-0.6605306743650393,1,-0.2898832863333916,0.3796721288811475,-0.05778754527941421,-0.6608531809232983,-0.8828341990788249,-0.47954020422761356,2.1251359240839385,0,0.7626976284195812,3,0.26623257679518353,0.24198831185855807,1.121143885855289,-0.6201892226844657,-2.4938204216722384,1.6314691941892778,1.3171933011460915,-0.6791456840737199,3.049371404357164,-1.4455905142848562,-1.2384997210630688,0,-1.1911578353529797,0.3477661284072877,0,1,1,0,1,0,0,0,0,0,1,0,0,0,0,0,0,0,0,0,1,0,0
-0.5391662584750891,0,0.40784773266120394,-0.14714972001373974,0.08504925188071055,-0.6605306743650393,0,-1.1263940629467242,0.3796721288811475,0.8459113011114247,1.1532535902386967,0.5301488349481223,0.17931570164049404,-0.6780493930322936,0,-0.3305890744344257,3,1.1914379855160337,-0.9320143892374165,-0.2930769296747854,-0.6201892226844657,0.33809616377248186,0.32522751910309133,1.0410954610370433,0.2521455058408027,0.8065414765793012,1.026510528058953,0.5802486548388662,0,0.831409474841282,-0.6068177543226755,1,0,0,1,0,1,0,0,0,0,0,0,0,0,0,1,0,0,1,1,0,0,0
-0.8676718124782865,0,1.7192928125886422,-1.0109093429124179,-1.8684257522543597,1.1697805251007627,1,-1.2248070954894692,0.3796721288811475,-0.05778754527941421,0.24620020465769926,-0.46403877651234177,1.6822604664343386,-0.6780493930322936,0,-0.6039107501479274,3,-1.584178240646517,0.24198831185855807,-0.16451140099023315,-1.3960855268088614,0.33809616377248186,0.48850772848886465,0.7649976209279952,-0.6791456840737199,1.3672489585237668,0.037670111121429345,-0.590255421822327,1,-0.2736064012053773,-0.637705676568175,0,0,1,0,0,0,0,0,1,0,0,0,1,0,0,0,0,1,0,1,0,0,0
1.5413689168784945,0,0.9086263832195074,-0.270543951856408,1.0617867539482457,-0.6605306743650393,1,-1.5692527093890767,-1.0261667362455194,-0.05778754527941421,0.24620020465769926,-0.07881498091973198,-0.04639304085613156,-0.27759434772997477,0,0.4893759527060795,3,0.26623257679518353,-0.9320143892374165,-0.16451140099023315,-0.6201892226844657,0.33809616377248186,-0.9810141559830953,-1.1676872598353414,-0.6791456840737199,-1.1559347102263289,0.037670111121429345,-0.2165616493188405,0,0.25407234839844717,-0.32882645411317923,0,1,1,0,0,0,1,0,0,0,0,0,1,0,0,0,0,1,0,0,0,1,0
2.3078818762192883,0,0.8491279296878278,-0.02375548817107146,0.08504925188071055,-0.6605306743650393,0,0.448214457737196,-1.0261667362455194,-0.9614863916702531,-0.6608531809232983,-0.6707805046489161,-0.3429344148710008,0.523315742874663,1,1.3093409798465847,4,-0.6589728319256667,0.24198831185855807,-0.2930769296747854,0.1557070814399298,-1.0778621289498782,-0.9810141559830953,-1.1676872598353414,-0.6791456840737199,-1.1559347102263289,-1.4455905142848562,-0.7141787535019474,0,-0.6579017026761798,0.4124836797788108,0,1,1,0,0,0,1,0,0,0,0,0,0,0,1,0,0,1,0,0,0,0,1
0.33684855220010396,0,-0.42760971901279743,-0.6407266473844129,1.0617867539482457,0.2546249253678617,1,0.05456232756621595,-1.0261667362455194,0.8459113011114247,1.1532535902386967,0.9247216912170005,-0.8096708618394277,1.7246808787816195,0,-1.1505541015749308,3,-1.584178240646517,0.24198831185855807,0.4783162424325279,-0.6201892226844657,-1.0778621289498782,0.8150681472604113,1.8693889813641875,-0.058284890797371494,1.9279564404682326,-0.4567500973473325,0.011131154887181385,0,1.1138795120966607,0.5398963590414965,0,1,0,1,0,1,0,0,0,0,0,0,0,0,0,1,0,1,0,0,1,0,0
-0.3201625558062908,0,-1.2382761483819322,-0.8875151110697495,1.0617867539482457,0.2546249253678617,0,0.448214457737196,0.3796721288811475,-0.9614863916702531,0.24620020465769926,-0.9076942013316298,-0.42149679784460836,1.3242258334793007,0,0.7626976284195812,3,1.1914379855160337,0.24198831185855807,-0.678773515728442,0.1557070814399298,0.33809616377248186,-0.4911735278257753,-0.33939373950819707,-0.3687152874355457,-0.5952272282818631,1.026510528058953,-0.7140642429385768,1,-1.2681107317643947,1.965704912695361,1,0,0,1,0,1,0,0,0,0,0,0,0,0,0,0,1,1,0,1,0,0,0
-1.6341847718190805,0,1.124308277271846,1.2101868302556114,-1.8684257522543597,0.2546249253678617,1,0.6942470390940585,0.3796721288811475,-0.9614863916702531,1.1532535902386967,-0.8881461653721593,-0.3262100435403044,-0.6780493930322936,0,2.4026276827005915,4,-1.584178240646517,1.4159910129545328,-1.193035630466651,2.4833959938131165,0.33809616377248186,-0.8177339465973219,-0.6154915796172451,-0.058284890797371494,-0.5952272282818631,0.037670111121429345,0.9135889048105671,1,-1.2072735474683203,0.1859722499784804,0,1,1,0,0,0,1,0,0,0,0,0,0,0,1,0,0,1,0,0,0,0,0
-1.0866755151470848,0,-0.2763844829531117,-0.02375548817107146,0.08504925188071055,1.1697805251007627,1,-0.4375028351475091,0.3796721288811475,-0.9614863916702531,-0.6608531809232983,-0.9516772822404386,-1.1725475574348745,1.3242258334793007,0,0.7626976284195812,3,1.1914379855160337,0.24198831185855807,-0.678773515728442,-1.3960855268088614,-2.4938204216722384,-0.8177339465973219,-0.6154915796172451,-0.058284890797371494,-0.5952272282818631,0.037670111121429345,-0.7851753027916948,1,-1.4147090401376212,1.965704912695361,0,0,1,0,0,0,1,0,0,0,0,0,0,0,1,0,0,0,0,1,0,0,0
-0.9771736638126857,0,-0.8986391428052611,1.456975293940948,0.08504925188071055,0.2546249253678617,1,-1.1756005792180968,0.3796721288811475,-0.9614863916702531,1.1532535902386967,-0.8052794911961428,-1.0738878206773208,-0.6780493930322936,0,-1.1505541015749308,3,0.26623257679518353,0.24198831185855807,-0.8073390444129942,-0.6201892226844657,-2.4938204216722384,-0.32789331844000197,-0.6154915796172451,-0.6791456840737199,-0.5952272282818631,0.037670111121429345,-0.36208167325014856,1,-0.9736242041704726,-0.38030632452234525,0,1,1,0,0,0,1,0,0,0,0,0,0,0,1,0,0,1,0,1,0,0,0
2.1983800248848895,0,-1.1614239792368461,1.827157989468953,-0.8916882501868245,0.2546249253678617,1,0.841866587908176,1.7855109940078144,0.8459113011114247,1.1532535902386967,0.6238519203625409,1.2773620311088227,0.12286069757234411,1,0.21605427699257776,3,-0.6589728319256667,0.24198831185855807,0.09261965637887129,-0.6201892226844657,-2.4938204216722384,-0.32789331844000197,-0.33939373950819707,-0.3687152874355457,-0.0345197463373974,-0.4567500973473325,0.14081436790434107,0,0.903444944390977,-0.16250687279125836,0,1,1,0,1,0,0,0,0,0,0,0,0,0,0,0,0,0,0,0,0,0,1
-1.0866755151470848,0,1.6052541099862563,-0.7641208792270812,0.08504925188071055,0.2546249253678617,1,0.645040522822686,-1.0261667362455194,-0.9614863916702531,0.24620020465769926,-0.836513853000949,1.5477627911110068,-0.6780493930322936,1,-0.057267398720923963,3,1.1914379855160337,0.24198831185855807,-1.3216011591512031,-0.6201892226844657,-1.0778621289498782,-0.9810141559830953,-0.8915894197262932,-0.6791456840737199,-0.8755809692540959,0.5320903195901912,3.8085304573817016,1,-1.0574916032876374,0.7522508244793061,0,0,1,0,0,0,1,0,0,0,0,0,0,0,1,0,0,0,0,1,0,0,0
1.4318670655440953,0,1.6102123144472296,0.2230329755142651,0.08504925188071055,0.2546249253678617,0,-0.6343289002329991,0.3796721288811475,2.6533089938931025,-0.6608531809232983,2.8521155410904497,0.3850676312887256,0.12286069757234411,0,-0.057267398720923963,3,-0.6589728319256667,-0.9320143892374165,1.2497094145398413,1.707499689688721,0.33809616377248186,-0.32789331844000197,-0.063295899399149,0.5625759024789769,-0.0345197463373974,-0.4567500973473325,0.4752915441837926,0,2.028329006720363,-0.4832660653406772,0,1,1,0,1,0,0,0,0,0,0,1,0,0,0,0,0,0,1,0,0,1,0
0.4463504035345031,0,-0.8366615870430948,0.59321567104227,0.08504925188071055,-1.5756862740979403,1,-0.4867093514188816,0.3796721288811475,-0.9614863916702531,0.24620020465769926,-0.8609488979502873,-1.3638237707212426,0.523315742874663,0,-0.8772324258614291,3,-1.584178240646517,0.24198831185855807,0.2211851850634235,-0.6201892226844657,0.33809616377248186,0.32522751910309133,1.0410954610370433,-0.3687152874355457,1.086895217551534,-1.4455905142848562,-1.0918698255175538,0,-1.126522741064973,0.024178371549673068,0,1,1,0,1,0,0,0,0,0,0,0,0,0,1,0,0,0,0,0,1,0,0
-0.7581699611438873,0,1.330073762402238,-0.5173324155417446,0.08504925188071055,-0.6605306743650393,0,-1.2248070954894692,0.3796721288811475,0.8459113011114247,1.1532535902386967,0.6196023473278733,-0.8798007886799111,-0.27759434772997477,0,-0.8772324258614291,3,0.26623257679518353,0.24198831185855807,0.09261965637887129,-0.6201892226844657,0.33809616377248186,0.48850772848886465,1.3171933011460915,1.4938670923934996,-0.0345197463373974,0.5320903195901912,0.1373790510032241,0,0.9002515707257195,-0.4238662148685625,0,1,0,1,1,0,0,0,0,0,0,0,0,0,0,1,0,1,0,1,0,0,0
0.11784484953130571,0,-0.24911435841775856,-1.0109093429124179,1.0617867539482457,-1.5756862740979403,0,-0.3390898026047641,-1.0261667362455194,-0.05778754527941421,1.1532535902386967,0.4638554956073091,-0.19438264599246205,0.523315742874663,0,1.855984331273588,4,0.26623257679518353,-0.9320143892374165,0.09261965637887129,-0.6201892226844657,1.754054456494842,0.16194730971731802,-0.33939373950819707,-0.6791456840737199,0.8065414765793012,0.5320903195901912,0.011474686577293221,0,0.7782801412738176,0.0988524692860458,0,1,0,1,1,0,0,0,0,0,0,0,0,0,0,1,0,0,1,0,1,0,0
-0.5391662584750891,0,-1.6919518565609895,-0.3939381836990763,2.038524256015781,0.2546249253678617,1,-1.1263940629467242,0.3796721288811475,-0.9614863916702531,0.24620020465769926,-0.7362239293827958,-0.2646531137684974,0.12286069757234411,0,1.3093409798465847,4,-1.584178240646517,-0.9320143892374165,-0.42164245835933756,-0.6201892226844657,0.33809616377248186,-0.32789331844000197,-0.063295899399149,-0.3687152874355457,-0.0345197463373974,-0.4567500973473325,-0.697746487658272,1,-0.8032836063041433,0.1859722499784804,0,1,1,0,1,0,0,0,0,0,0,0,0,0,1,0,0,0,1,1,0,0,0
-1.0866755151470848,0,0.8788771564536676,0.9633983665702748,0.08504925188071055,0.2546249253678617,1,-0.7327419327757442,0.3796721288811475,-0.9614863916702531,-0.6608531809232983,-0.7319743563481284,-0.13338787996286333,-1.0785044383346125,1,0.21605427699257776,3,1.1914379855160337,0.24198831185855807,-0.678773515728442,0.1557070814399298,-1.0778621289498782,-0.32789331844000197,-0.6154915796172451,-0.3687152874355457,-0.8755809692540959,0.037670111121429345,-0.4299635352162167,1,-0.7934048605573911,-0.9465848990231709,0,1,1,0,0,0,0,0,1,0,0,0,0,0,1,0,0,1,0,1,0,0,0
-1.9626903258222779,1,-0.49702458146642364,-1.0109093429124179,-1.8684257522543597,0.2546249253678617,0,1.6783773645215088,-2.432005601372186,-0.9614863916702531,-1.5679065665042957,-0.8877212080686926,0.938236753621676,-1.0785044383346125,0,1.5826626555600865,4,-1.584178240646517,-0.9320143892374165,-1.3216011591512031,1.707499689688721,1.754054456494842,-1.1442943653688686,-1.1676872598353414,-0.6791456840737199,-1.1559347102263289,-0.9511703058160944,3.311783633480211,1,-1.2059779230768048,-0.9465848990231709,1,0,0,1,0,0,0,0,1,0,0,0,0,0,0,0,1,0,1,0,0,0,0
-0.10115885313749257,0,1.6796271769008557,-0.7641208792270812,-0.8916882501868245,1.1697805251007627,1,-1.7660787744745667,0.3796721288811475,-0.9614863916702531,-0.6608531809232983,-0.9380786485295025,0.10525062860455277,0.523315742874663,0,-0.8772324258614291,3,0.26623257679518353,-0.9320143892374165,0.2211851850634235,0.1557070814399298,-1.0778621289498782,0.16194730971731802,0.7649976209279952,1.4938670923934996,-0.5952272282818631,0.037670111121429345,-1.1494245963685723,0,-1.3678409612191007,0.024178371549673068,1,0,1,0,0,0,1,0,0,0,1,0,0,0,0,0,0,0,1,0,1,0,0
-0.7581699611438873,0,-1.7142637766353692,-0.02375548817107146,0.08504925188071055,0.2546249253678617,1,0.005355811294843447,0.3796721288811475,-0.05778754527941421,-1.5679065665042957,-0.728999655223861,-0.46394016038133373,-0.6780493930322936,0,-1.1505541015749308,3,0.26623257679518353,1.4159910129545328,0.09261965637887129,0.9316033855643254,0.33809616377248186,0.8150681472604113,1.3171933011460915,1.1834366957553253,1.6476026994959998,-0.4567500973473325,-0.952818767566195,0,-0.7865281059255738,-0.6852255569458667,0,0,1,0,0,0,1,0,0,0,1,0,0,0,0,0,0,0,0,1,0,0,0
0.8843578088720997,0,1.154057504037686,-0.6407266473844129,-0.8916882501868245,0.2546249253678617,0,-1.7660787744745667,0.3796721288811475,-0.05778754527941421,-1.5679065665042957,-0.3180659427715128,-1.1234987709272017,0.523315742874663,1,-1.1505541015749308,3,-1.584178240646517,0.24198831185855807,-0.2930769296747854,0.1557070814399298,1.754054456494842,-0.32789331844000197,-0.063295899399149,-0.6791456840737199,-0.3148734873096303,-0.9511703058160944,-0.3340036831116873,0,-0.05137229888493439,0.4124836797788108,0,1,0,1,1,0,0,0,0,0,0,0,0,0,0,1,0,0,0,0,1,0,0
2.08887817355049,0,-0.2218442338824054,-0.14714972001373974,0.08504925188071055,0.2546249253678617,0,0.05456232756621595,0.3796721288811475,-0.9614863916702531,-1.5679065665042957,-0.47721245291981107,-0.05257684202042267,0.523315742874663,1,0.7626976284195812,3,0.26623257679518353,0.24198831185855807,0.9925783571707368,0.1557070814399298,0.33809616377248186,-0.8177339465973219,-0.6154915796172451,-0.058284890797371494,-0.5952272282818631,-0.4567500973473325,-1.0186683683760234,0,-0.29537496093854826,-0.26705060962218,0,1,1,0,1,0,0,0,0,0,0,0,0,0,1,0,0,0,0,0,0,0,1
-0.42966440714069,0,-1.6572444253341763,-0.8875151110697495,0.08504925188071055,0.2546249253678617,1,1.1863122018077836,0.3796721288811475,-0.9614863916702531,1.1532535902386967,-0.8505374440153518,-0.5337890053507128,-1.0785044383346125,0,-0.3305890744344257,3,-1.584178240646517,-0.9320143892374165,-0.9359045730975464,-0.6201892226844657,1.754054456494842,-0.6544537372115486,-0.8915894197262932,-0.6791456840737199,-0.5952272282818631,0.5320903195901912,-0.1922396056589336,1,-1.0967216237949,-0.9465848990231709,0,1,1,0,1,0,0,0,0,0,0,0,0,0,1,0,0,0,1,1,0,0,0
-1.9626903258222779,1,-1.2382761483819322,-0.8875151110697495,0.08504925188071055,-0.6605306743650393,1,-0.9295679978612341,-1.0261667362455194,-0.9614863916702531,1.1532535902386967,-1.1475825991386108,-0.712838157244051,-0.6780493930322936,0,1.855984331273588,4,0.26623257679518353,-0.9320143892374165,-1.3216011591512031,0.1557070814399298,-1.0778621289498782,-0.9810141559830953,-1.1676872598353414,-0.3687152874355457,-1.1559347102263289,0.037670111121429345,0.790948091440697,1,-2.3299857137314115,0.7522508244793061,0,1,1,0,1,0,0,0,0,0,1,0,0,0,0,0,0,0,1,0,0,0,0
0.9938596602064987,0,-0.6854363509834092,-1.0109093429124179,-0.8916882501868245,-0.6605306743650393,0,1.2847252343505287,0.3796721288811475,0.8459113011114247,-1.5679065665042957,0.8393052732201837,-1.7112409634059615,-0.6780493930322936,0,2.675949358414093,4,0.26623257679518353,2.5899937140505074,1.6354060005934978,-0.6201892226844657,0.33809616377248186,2.774430659889691,2.4215846615822834,3.977310265498893,0.8065414765793012,-0.9511703058160944,-0.5827492543933868,0,1.0570661995765545,-0.8106780411429727,0,1,0,1,0,1,0,0,0,0,0,0,0,0,0,1,0,0,0,0,0,1,0
0.11784484953130571,0,1.4317169538521908,-0.02375548817107146,-0.8916882501868245,0.2546249253678617,0,0.448214457737196,0.3796721288811475,-0.9614863916702531,1.1532535902386967,-0.8955829181828274,-1.1234987709272017,-0.6780493930322936,0,-0.8772324258614291,3,0.26623257679518353,-0.9320143892374165,-1.193035630466651,0.1557070814399298,0.33809616377248186,-0.8177339465973219,-0.6154915796172451,-0.058284890797371494,-0.8755809692540959,1.026510528058953,0.8775180773488406,0,-1.230129350018604,0.1859722499784804,0,1,1,0,1,0,0,0,0,0,1,0,0,0,0,0,0,0,1,0,1,0,0
-0.6486681098094882,0,-1.6423698119512564,0.3464272073569334,-1.8684257522543597,0.2546249253678617,0,1.432344783164646,0.3796721288811475,-0.9614863916702531,1.1532535902386967,-0.5469054506883583,-1.0300390487850746,2.1251359240839385,1,2.1293060069870897,4,0.26623257679518353,0.24198831185855807,-0.5502079870438897,-2.171981830933257,0.33809616377248186,-0.4911735278257753,-0.6154915796172451,-0.6791456840737199,-0.5952272282818631,1.026510528058953,-0.32356686319305605,1,-0.4160868077267005,2.451086547981783,0,1,1,0,0,0,1,0,0,0,0,0,0,0,1,0,0,1,0,1,0,0,0
-0.3201625558062908,0,-0.43008882124328407,2.197340684996958,-0.8916882501868245,1.1697805251007627,0,1.432344783164646,0.3796721288811475,-0.9614863916702531,-0.6608531809232983,-0.8906959091929598,-1.2089476597428608,-0.27759434772997477,0,-0.057267398720923963,3,1.1914379855160337,-0.9320143892374165,-0.2930769296747854,0.1557070814399298,0.33809616377248186,-0.6544537372115486,-0.6154915796172451,-0.3687152874355457,-0.5952272282818631,1.026510528058953,-0.9512156196790071,1,-1.2150707964036662,-0.26705060962218,0,1,1,0,0,0,1,0,0,0,0,0,0,0,1,0,0,0,1,1,0,0,0
0.4463504035345031,1,1.3722185003205112,1.3335810620982798,-0.8916882501868245,-0.6605306743650393,0,0.20218187638033347,0.3796721288811475,-0.9614863916702531,-0.6608531809232983,-0.7145511069059916,1.0420965049946562,-0.6780493930322936,1,1.855984331273588,4,1.1914379855160337,-0.9320143892374165,-0.9359045730975464,1.707499689688721,-1.0778621289498782,-0.4911735278257753,-0.33939373950819707,-0.6791456840737199,-0.5952272282818631,-0.4567500973473325,0.13755081684828002,0,-0.7535663737953551,-0.26705060962218,0,1,0,1,0,1,0,0,0,0,0,0,0,0,0,0,1,0,1,0,1,0,0
1.4318670655440953,0,-1.176298592619766,-1.0109093429124179,0.08504925188071055,0.2546249253678617,1,0.9894861367222936,-1.0261667362455194,-0.9614863916702531,0.24620020465769926,-0.597687848452635,-1.5302242384148945,-0.27759434772997477,0,-0.057267398720923963,3,1.1914379855160337,0.24198831185855807,-0.8073390444129942,-0.6201892226844657,-1.0778621289498782,-0.6544537372115486,-0.6154915796172451,-0.6791456840737199,-0.5952272282818631,0.5320903195901912,0.04067488023678602,0,-0.5105706727865738,0.1859722499784804,0,1,1,0,0,0,1,0,0,0,1,0,0,0,0,0,0,1,0,0,0,1,0
1.7603726195472926,0,0.6979026936281421,0.4698214391996017,-0.8916882501868245,1.1697805251007627,0,-0.4375028351475091,1.7855109940078144,-0.05778754527941421,-1.5679065665042957,-0.4362040731352696,1.6776226155611202,-0.6780493930322936,0,-1.1505541015749308,3,0.26623257679518353,1.4159910129545328,-0.8073390444129942,0.1557070814399298,0.33809616377248186,-0.4911735278257753,-0.6154915796172451,-0.3687152874355457,-0.3148734873096303,0.037670111121429345,0.35397578161863896,0,-0.2286212951440134,-0.38030632452234525,0,1,1,0,0,0,1,0,0,0,0,0,1,0,0,0,0,0,0,0,0,1,0
-0.42966440714069,0,0.3186000523636845,0.59321567104227,0.08504925188071055,1.1697805251007627,0,0.3005949089230785,0.3796721288811475,-0.9614863916702531,-0.6608531809232983,-0.7961429091716077,-1.35482915084591,-0.6780493930322936,0,-0.6039107501479274,3,1.1914379855160337,0.24198831185855807,-0.42164245835933756,1.707499689688721,0.33809616377248186,0.16194730971731802,0.7649976209279952,-0.3687152874355457,0.5261877356070683,1.026510528058953,-0.7704034401168924,1,-0.949949492744847,-0.5690658493559537,0,1,1,0,0,0,1,0,0,0,0,0,0,0,1,0,0,1,0,1,0,0,0
0.33684855220010396,0,0.46238798173191026,-0.6407266473844129,-1.8684257522543597,1.1697805251007627,0,-0.9787745141326066,0.3796721288811475,2.6533089938931025,0.24620020465769926,2.6623721050925453,-1.098201402527829,-0.6780493930322936,0,-0.3305890744344257,3,-0.6589728319256667,0.24198831185855807,1.2497094145398413,-0.6201892226844657,0.33809616377248186,2.1213098223465976,1.0410954610370433,2.114727885669848,1.3672489585237668,0.5320903195901912,0.38764188724958376,0,1.9592994719111738,-0.7921452877956728,0,1,1,0,0,0,1,0,0,0,0,1,0,0,0,0,0,1,0,0,1,0,0
1.979376322216091,0,-0.27390538072262505,0.59321567104227,1.0617867539482457,0.2546249253678617,1,-0.2406767700620191,1.7855109940078144,2.6533089938931025,-0.6608531809232983,2.596291244403466,-0.13690140335166512,2.1251359240839385,0,-1.1505541015749308,3,1.1914379855160337,-0.9320143892374165,3.1781923448081244,0.1557070814399298,0.33809616377248186,2.774430659889691,2.9737803418003796,-0.058284890797371494,3.049371404357164,0.5320903195901912,-0.408550059865922,0,1.9344960871730206,-0.2119532348058835,0,1,1,0,0,0,1,0,0,0,0,0,0,1,0,0,0,0,1,0,0,1,0
-0.3201625558062908,0,0.6607161601708423,-0.8875151110697495,-1.8684257522543597,1.1697805251007627,1,-1.0279810304039791,-1.0261667362455194,-0.05778754527941421,0.24620020465769926,0.6467996147497455,-0.03360381572089312,-0.6780493930322936,0,0.4893759527060795,3,0.26623257679518353,-0.9320143892374165,-0.16451140099023315,-0.6201892226844657,-1.0778621289498782,0.48850772848886465,1.3171933011460915,-0.3687152874355457,1.3672489585237668,0.5320903195901912,0.48733478371999356,0,0.9205730832711202,-0.637705676568175,1,0,1,0,1,0,0,0,0,0,0,0,1,0,0,0,0,1,0,1,0,0,0
1.5413689168784945,0,-1.2134851260770658,-0.7641208792270812,0.08504925188071055,1.1697805251007627,0,1.5799643319787637,0.3796721288811475,1.7496101475022634,-0.6608531809232983,1.5364477295573886,-1.000806534190244,0.12286069757234411,0,0.7626976284195812,3,0.26623257679518353,-0.9320143892374165,1.2497094145398413,2.4833959938131165,0.33809616377248186,-0.0013328996684553085,0.7649976209279952,-0.3687152874355457,-1.1559347102263289,0.5320903195901912,-0.13246509157950112,0,1.468050074885318,-0.4832660653406772,0,1,1,0,0,0,1,0,0,0,0,0,0,0,0,0,0,0,1,0,0,1,0
1.6508707682128936,0,-0.2565516651092185,-1.0109093429124179,1.0617867539482457,0.2546249253678617,1,-0.043850704976529056,-1.0261667362455194,2.6533089938931025,0.24620020465769926,2.8676264826669864,-1.213585510616079,-1.0785044383346125,0,-0.3305890744344257,3,-1.584178240646517,0.24198831185855807,2.9210612874390196,1.707499689688721,0.33809616377248186,4.243952544361651,3.8020738621275236,2.7355886789461965,1.3672489585237668,-0.4567500973473325,-0.2680792781877064,0,2.033834466974627,-0.9465848990231709,0,1,1,0,1,0,0,0,0,0,0,1,0,0,0,0,0,1,0,0,0,1,0
-1.0866755151470848,0,0.2268732698356784,-0.02375548817107146,0.08504925188071055,1.1697805251007627,0,1.6291708482501361,0.3796721288811475,-0.9614863916702531,-0.6608531809232983,-0.8974952260484278,-0.35586418094179134,-0.6780493930322936,0,0.21605427699257776,3,1.1914379855160337,-0.9320143892374165,-0.5502079870438897,-0.6201892226844657,-1.0778621289498782,-0.0013328996684553085,0.7649976209279952,-0.6791456840737199,-0.3148734873096303,0.5320903195901912,-0.8094188249224334,1,-1.2360630730710522,-0.5218759681475515,0,1,1,0,0,0,1,0,0,0,0,0,0,0,1,0,0,0,1,1,0,0,0
-0.2106607044718917,1,-0.6110632840688096,1.7037637576262845,-0.8916882501868245,-0.6605306743650393,1,-0.7819484490471167,-1.0261667362455194,-0.05778754527941421,0.24620020465769926,-0.12471036969414108,0.16638593556970355,0.12286069757234411,1,-0.6039107501479274,3,-1.584178240646517,-0.9320143892374165,-0.42164245835933756,-1.3960855268088614,0.33809616377248186,-0.9810141559830953,-1.1676872598353414,-0.6791456840737199,-0.8755809692540959,-0.9511703058160944,0.04376666544779114,0,0.20008393782369308,0.1859722499784804,0,1,1,0,1,0,0,0,0,0,0,0,1,0,0,0,0,1,0,1,0,0,0
0.6653541062033014,0,1.3424692735546713,-0.270543951856408,0.08504925188071055,1.1697805251007627,1,-1.4216331605749593,1.7855109940078144,-0.9614863916702531,1.1532535902386967,-0.9378661698777692,-1.276828931614511,0.523315742874663,0,-0.3305890744344257,3,1.1914379855160337,2.5899937140505074,-0.5502079870438897,0.1557070814399298,1.754054456494842,-0.32789331844000197,-0.063295899399149,-0.058284890797371494,-0.5952272282818631,2.5097711534652385,-0.8653654144549071,0,-1.3671201015213323,0.7522508244793061,0,0,1,0,0,0,1,0,0,0,0,0,0,0,1,0,0,0,0,0,1,0,0
0.8843578088720997,0,0.9730830412121604,-0.8875151110697495,-0.8916882501868245,-1.5756862740979403,1,-0.043850704976529056,-1.0261667362455194,1.7496101475022634,1.1532535902386967,2.186207446558051,0.8641716805857348,2.5255909693862573,0,2.1293060069870897,4,1.1914379855160337,0.24198831185855807,1.3782749432243935,-1.3960855268088614,0.33809616377248186,2.1213098223465976,1.0410954610370433,2.7355886789461965,1.086895217551534,0.5320903195901912,0.09276677651917539,0,1.7707009436517056,0.38293871067441987,0,0,1,0,0,0,1,0,0,0,0,1,0,0,0,0,0,1,0,0,1,0,0
0.008342998196906572,0,-1.2705044773782588,1.456975293940948,0.08504925188071055,-0.6605306743650393,1,-0.043850704976529056,1.7855109940078144,-0.9614863916702531,-1.5679065665042957,-0.6244601585710403,1.2176321334991926,-0.6780493930322936,1,-0.8772324258614291,3,-1.584178240646517,0.24198831185855807,-0.42164245835933756,0.1557070814399298,-1.0778621289498782,0.16194730971731802,0.7649976209279952,-0.3687152874355457,0.8065414765793012,-2.43443093122238,-0.5622232359092139,0,-0.5628767184482656,-0.5690658493559537,0,1,1,0,1,0,0,0,0,0,0,0,0,0,1,0,0,1,0,0,1,0,0
-0.2106607044718917,0,-1.6473280164122297,-0.8875151110697495,0.08504925188071055,-0.6605306743650393,0,-1.4216331605749593,0.3796721288811475,-0.05778754527941421,-0.6608531809232983,-0.44151603942860396,0.23511045305466613,0.9237707881769818,0,-1.1505541015749308,3,1.1914379855160337,-0.9320143892374165,-0.16451140099023315,1.707499689688721,0.33809616377248186,-0.16461310905422863,-0.6154915796172451,-0.3687152874355457,-0.5952272282818631,0.037670111121429345,-0.5684068063312241,1,-0.2371030947614746,0.5978112132518081,1,0,1,0,0,0,1,0,0,0,1,0,0,0,0,0,0,0,1,1,0,0,0
0.5558522548689022,0,0.30620454121125124,1.456975293940948,-0.8916882501868245,0.2546249253678617,0,-1.4708396768463317,0.3796721288811475,-0.05778754527941421,0.24620020465769926,-0.26303397197256856,0.2987754968597542,-0.27759434772997477,0,0.21605427699257776,3,-0.6589728319256667,0.24198831185855807,-0.03594587230568093,1.707499689688721,0.33809616377248186,-0.32789331844000197,-0.33939373950819707,-0.6791456840737199,-0.5952272282818631,0.037670111121429345,-0.49392288988428246,0,0.02457185107912819,-0.38030632452234525,0,0,1,0,0,0,1,0,0,0,0,0,1,0,0,0,0,0,0,0,1,0,0
0.11784484953130571,0,1.1367037884242792,-0.8875151110697495,1.0617867539482457,1.1697805251007627,1,1.0878991692650386,0.3796721288811475,-0.05778754527941421,0.24620020465769926,0.010638531460019118,-0.9913902915082552,2.5255909693862573,0,-0.3305890744344257,3,-0.6589728319256667,-0.9320143892374165,0.34975071374797573,0.1557070814399298,0.33809616377248186,-0.9810141559830953,-1.1676872598353414,-0.6791456840737199,-1.1559347102263289,0.5320903195901912,-0.5156992298769463,0,0.35404158387748264,1.0920179691798013,0,1,1,0,1,0,0,0,0,0,0,0,1,0,0,0,0,1,0,0,1,0,0
0.11784484953130571,0,0.6979026936281421,2.4441291486822943,0.08504925188071055,1.1697805251007627,1,-0.5851223839616266,0.3796721288811475,-0.05778754527941421,1.1532535902386967,-0.05140523484612653,-1.4234131273953206,0.12286069757234411,0,0.7626976284195812,3,-1.584178240646517,0.24198831185855807,-0.2930769296747854,0.1557070814399298,-2.4938204216722384,-0.0013328996684553085,0.7649976209279952,-0.3687152874355457,0.8065414765793012,-0.4567500973473325,-0.046582169051580996,0,0.28541560793890014,0.07271653507831528,0,1,1,0,0,0,0,0,1,0,0,0,1,0,0,0,0,1,0,0,1,0,0
-1.0866755151470848,0,-0.8193078714296883,-1.0109093429124179,-1.8684257522543597,0.2546249253678617,1,-0.2898832863333916,-1.0261667362455194,-0.05778754527941421,-1.5679065665042957,-0.46850082819874267,-0.651281227472244,0.9237707881769818,0,1.036019304133083,3,0.26623257679518353,0.24198831185855807,-0.678773515728442,-1.3960855268088614,0.33809616377248186,-0.8177339465973219,-0.6154915796172451,-0.058284890797371494,-1.1559347102263289,-0.4567500973473325,-0.003984239477732417,1,-0.28094442767431915,1.4803232774089392,1,0,1,0,0,0,0,0,1,0,0,0,1,0,0,0,0,1,0,1,0,0,0
1.3223652142096962,0,0.4946163107282367,1.0867925984129432,1.0617867539482457,1.1697805251007627,1,1.2847252343505287,0.3796721288811475,-0.05778754527941421,1.1532535902386967,0.06397067304509638,1.3323135369096823,-0.6780493930322936,1,-0.057267398720923963,3,-1.584178240646517,1.4159910129545328,-0.5502079870438897,-2.171981830933257,0.33809616377248186,-0.0013328996684553085,0.7649976209279952,-0.3687152874355457,0.8065414765793012,0.5320903195901912,0.522993373153586,0,0.4106304687526335,-0.5218759681475515,0,0,1,0,1,0,0,0,0,0,0,0,1,0,0,0,0,0,0,0,0,1,0
-0.3201625558062908,0,0.187207634147892,0.09963874367159682,1.0617867539482457,1.1697805251007627,1,-1.1263940629467242,0.3796721288811475,-0.9614863916702531,0.24620020465769926,-0.571128016985963,-1.1722664755637702,-0.6780493930322936,1,0.4893759527060795,3,1.1914379855160337,0.24198831185855807,-0.8073390444129942,0.9316033855643254,1.754054456494842,-0.32789331844000197,-0.33939373950819707,-0.058284890797371494,-1.1559347102263289,2.015350944996477,0.09220463375353814,1,-0.46041561991849006,-0.38030632452234525,1,0,1,0,0,0,1,0,0,0,0,0,0,0,1,0,0,0,0,1,0,0,0
0.33684855220010396,0,0.25414339437103156,1.2101868302556114,-0.8916882501868245,0.2546249253678617,1,1.6291708482501361,0.3796721288811475,-0.05778754527941421,1.1532535902386967,-0.7993300889476084,0.31058093544612814,2.1251359240839385,1,-0.057267398720923963,3,0.26623257679518353,0.24198831185855807,0.4783162424325279,-0.6201892226844657,1.754054456494842,-0.0013328996684553085,-0.6154915796172451,0.2521455058408027,0.8065414765793012,1.520930736527715,-1.1038352985392899,0,-0.9581658972571298,0.7522508244793061,0,1,1,0,0,0,1,0,0,0,1,0,0,0,0,0,0,1,0,0,1,0,0
0.11784484953130571,1,0.9358965077548606,2.4441291486822943,-1.8684257522543597,-0.6605306743650393,1,0.20218187638033347,0.3796721288811475,-0.05778754527941421,-1.5679065665042957,0.03613596966802418,-0.41587516042252554,1.7246808787816195,1,1.036019304133083,3,-0.6589728319256667,-0.9320143892374165,0.7354472998016324,-0.6201892226844657,0.33809616377248186,-0.9810141559830953,-1.1676872598353414,-0.6791456840737199,-1.1559347102263289,-1.4455905142848562,-0.6714056901252969,0,0.38136153119493016,0.374731774812089,0,1,1,0,0,0,1,0,0,0,0,0,0,0,0,0,0,1,0,0,1,0,0
-0.8676718124782865,1,-1.6894727543305028,2.197340684996958,0.08504925188071055,-0.6605306743650393,0,-1.5200461931177043,0.3796721288811475,0.8459113011114247,1.1532535902386967,0.24139034724246491,1.4351895017337981,-0.6780493930322936,0,1.855984331273588,4,1.1914379855160337,2.5899937140505074,-0.16451140099023315,0.1557070814399298,-1.0778621289498782,0.48850772848886465,-0.063295899399149,-0.3687152874355457,1.3672489585237668,0.5320903195901912,0.09405970488014118,0,0.5849029603898103,-0.637705676568175,0,1,0,1,0,1,0,0,0,0,0,0,0,0,0,1,0,1,0,1,0,0,0
-1.6341847718190805,0,0.8268160096134479,-0.5173324155417446,0.08504925188071055,1.1697805251007627,1,-0.2898832863333916,1.7855109940078144,-0.9614863916702531,-0.6608531809232983,-0.8870837721134924,-0.2699936693194761,-0.6780493930322936,1,0.21605427699257776,3,-1.584178240646517,0.24198831185855807,-0.9359045730975464,-0.6201892226844657,-1.0778621289498782,-0.4911735278257753,-0.6154915796172451,-0.058284890797371494,-0.5952272282818631,-0.9511703058160944,-0.28087078170774726,1,-1.2040365747097668,-0.26705060962218,0,1,1,0,1,0,0,0,0,0,0,0,0,0,1,0,0,0,0,0,0,0,0
-0.10115885313749257,0,-0.41521420786036417,1.0867925984129432,-1.8684257522543597,-0.6605306743650393,0,0.349801425194451,0.3796721288811475,-0.9614863916702531,1.1532535902386967,-0.9242675361668331,-0.9289901161231358,-0.6780493930322936,0,-0.6039107501479274,3,-1.584178240646517,-0.9320143892374165,-0.42164245835933756,-0.6201892226844657,0.33809616377248186,0.16194730971731802,-0.8915894197262932,-0.3687152874355457,0.8065414765793012,-0.4567500973473325,-0.9257656469699002,0,-1.3216885595313541,-0.5690658493559537,1,0,1,0,0,0,1,0,0,0,1,0,0,0,0,0,0,0,1,0,1,0,0
0.33684855220010396,0,0.8640025430707476,-0.02375548817107146,2.038524256015781,1.1697805251007627,1,-0.14226373751927407,-1.0261667362455194,-0.05778754527941421,1.1532535902386967,-0.3456881674968516,-0.009992938548145236,2.5255909693862573,0,-0.3305890744344257,3,1.1914379855160337,0.24198831185855807,-0.8073390444129942,1.707499689688721,-2.4938204216722384,-0.6544537372115486,-0.6154915796172451,-0.6791456840737199,-0.5952272282818631,1.026510528058953,0.5295891816037303,0,-0.09098539338920197,4.14992227148426,0,0,1,0,1,0,0,0,0,0,0,0,0,0,0,0,0,1,0,0,1,0,0
0.9938596602064987,0,-0.3929022877859843,-1.0109093429124179,1.0617867539482457,1.1697805251007627,1,1.5307578157073911,0.3796721288811475,0.8459113011114247,-1.5679065665042957,0.6147153383380057,-0.2733666517727258,1.7246808787816195,0,0.21605427699257776,3,0.26623257679518353,0.24198831185855807,0.7354472998016324,0.1557070814399298,0.33809616377248186,-0.4911735278257753,-0.6154915796172451,-0.6791456840737199,-0.3148734873096303,0.037670111121429345,-0.3412515281814944,0,0.8965707976618226,0.374731774812089,0,1,1,0,0,0,1,0,0,0,0,0,0,0,0,0,0,0,0,0,0,1,0
-0.5391662584750891,1,0.6012177066391627,-0.6407266473844129,1.0617867539482457,1.1697805251007627,1,-1.6676657419318217,-2.432005601372186,0.8459113011114247,1.1532535902386967,0.8280439046783147,1.6160656857893132,-0.6780493930322936,0,-1.1505541015749308,3,0.26623257679518353,-0.9320143892374165,0.34975071374797573,-0.6201892226844657,-1.0778621289498782,1.141628566031958,1.0410954610370433,2.114727885669848,1.086895217551534,1.026510528058953,0.050686375205755065,0,1.0494133447677112,-0.7200734692228407,0,1,0,1,0,0,1,0,0,0,0,0,0,0,0,1,0,1,0,1,0,0,0
-0.7581699611438873,0,0.0657316248540461,-1.0109093429124179,-1.8684257522543597,0.2546249253678617,1,1.0878991692650386,-1.0261667362455194,0.8459113011114247,0.24620020465769926,0.4188100214398335,0.9292421337463435,-0.6780493930322936,0,1.855984331273588,4,0.26623257679518353,-0.9320143892374165,0.09261965637887129,-0.6201892226844657,0.33809616377248186,0.651787937874638,1.0410954610370433,0.8730062991171511,1.086895217551534,0.5320903195901912,-0.024939672574545105,0,0.7410790322926197,-0.6852255569458667,0,0,1,0,1,0,0,0,0,0,0,0,1,0,0,0,0,0,1,1,0,0,0
-1.0866755151470848,0,1.0896008460450328,1.3335810620982798,0.08504925188071055,1.1697805251007627,0,1.1863122018077836,0.3796721288811475,-0.05778754527941421,0.24620020465769926,0.7390153496020304,-0.19635021909019104,-0.6780493930322936,0,-0.3305890744344257,3,1.1914379855160337,-0.9320143892374165,-0.5502079870438897,-0.6201892226844657,0.33809616377248186,-0.0013328996684553085,0.7649976209279952,-0.6791456840737199,0.8065414765793012,1.520930736527715,1.458479241283423,0,0.9875027548969664,-0.5218759681475515,1,0,0,1,1,0,0,0,0,0,0,0,0,0,0,1,0,0,1,1,0,0,0
1.5413689168784945,0,1.6523570523655027,-0.14714972001373974,1.0617867539482457,-0.6605306743650393,1,0.743453555365431,-1.0261667362455194,0.8459113011114247,-0.6608531809232983,1.2721242868010696,0.19997521916664845,0.9237707881769818,0,0.21605427699257776,3,1.1914379855160337,1.4159910129545328,0.6068817711170802,1.707499689688721,-2.4938204216722384,0.48850772848886465,1.3171933011460915,0.5625759024789769,0.8065414765793012,-0.9511703058160944,0.1285331099828484,0,1.3251071248494803,0.052730232448874446,0,1,1,0,1,0,0,0,0,0,0,0,0,1,0,0,0,1,0,0,0,1,0
-0.7581699611438873,1,0.5020536174196967,-0.7641208792270812,0.08504925188071055,1.1697805251007627,0,1.0878991692650386,0.3796721288811475,-0.9614863916702531,-1.5679065665042957,-0.8171782956932119,-0.8091086980972194,0.9237707881769818,1,-1.1505541015749308,3,0.26623257679518353,-0.9320143892374165,-0.42164245835933756,1.707499689688721,0.33809616377248186,-0.32789331844000197,-0.6154915796172451,-0.6791456840737199,-0.0345197463373974,0.037670111121429345,-0.7959106681076847,1,-1.005025292283946,0.9410103493129147,0,1,1,0,0,0,0,0,1,0,0,0,0,0,1,0,0,0,1,1,0,0,0
0.4463504035345031,0,0.2318314742966517,-0.3939381836990763,0.08504925188071055,1.1697805251007627,0,0.448214457737196,0.3796721288811475,0.8459113011114247,1.1532535902386967,1.506063282359516,0.050720745610349324,0.12286069757234411,1,0.7626976284195812,3,0.26623257679518353,-0.9320143892374165,0.6068817711170802,0.1557070814399298,0.33809616377248186,-0.9810141559830953,-1.1676872598353414,-0.6791456840737199,-1.1559347102263289,1.520930736527715,0.27036875653770864,0,1.4522922944798657,-0.3469958201399436,0,1,0,1,1,0,0,0,0,0,0,1,0,0,0,0,0,0,1,0,1,0,0
-0.7581699611438873,1,-1.1614239792368461,2.0739464531542895,1.0617867539482457,0.2546249253678617,0,-0.6835354165043717,-1.0261667362455194,-0.05778754527941421,-1.5679065665042957,0.04102297865789181,1.216226724143672,0.9237707881769818,0,-0.057267398720923963,3,0.26623257679518353,-0.9320143892374165,-0.2930769296747854,1.707499689688721,-1.0778621289498782,-0.16461310905422863,-0.33939373950819707,-0.6791456840737199,-0.8755809692540959,-0.9511703058160944,0.05304202108080652,0,0.3865417076498837,0.7522508244793061,1,0,0,1,0,1,0,0,0,0,0,0,0,0,0,1,0,0,1,1,0,0,0
-0.8676718124782865,1,0.4698252884233702,-1.0109093429124179,0.08504925188071055,0.2546249253678617,1,0.9402796204509211,0.3796721288811475,-0.9614863916702531,0.24620020465769926,-0.9444530080815038,0.7650903210215249,-1.0785044383346125,0,-0.3305890744344257,3,1.1914379855160337,-0.9320143892374165,-0.5502079870438897,-1.3960855268088614,-1.0778621289498782,-0.16461310905422863,-0.6154915796172451,-0.3687152874355457,0.24583399463483546,0.5320903195901912,-0.8744935422207317,1,-1.3896288299045227,-0.9465848990231709,0,1,1,0,0,0,0,0,1,0,0,0,0,0,1,0,0,0,1,1,0,0,0
0.8843578088720997,0,0.6185714222525692,-0.3939381836990763,0.08504925188071055,1.1697805251007627,0,-0.4375028351475091,-1.0261667362455194,0.8459113011114247,1.1532535902386967,0.5018891742675833,0.35513241201613455,1.3242258334793007,0,-0.8772324258614291,3,1.1914379855160337,-0.9320143892374165,1.5068404719089457,-0.6201892226844657,0.33809616377248186,1.9580296129608246,0.7649976209279952,3.0460190755843706,1.086895217551534,2.015350944996477,-0.6860290697933757,0,0.808990255779789,-0.09716703727193238,0,0,0,1,0,0,1,0,0,0,0,0,0,0,0,1,0,0,1,0,1,0,0
1.869874470881692,0,0.8540861341488011,-0.7641208792270812,0.08504925188071055,1.1697805251007627,0,-0.6835354165043717,0.3796721288811475,-0.05778754527941421,-1.5679065665042957,-0.11961088205254007,0.37916491199553864,-0.27759434772997477,0,-0.3305890744344257,3,1.1914379855160337,0.24198831185855807,0.6068817711170802,0.9316033855643254,0.33809616377248186,-0.16461310905422863,-0.6154915796172451,-0.6791456840737199,0.24583399463483546,0.5320903195901912,-0.7152666038539677,0,0.20617915040038298,-0.5468588464343528,0,1,0,1,0,1,0,0,0,0,0,0,0,0,0,1,0,1,0,0,0,1,0
-0.10115885313749257,0,1.4713825895399772,-0.5173324155417446,-0.8916882501868245,1.1697805251007627,1,-0.19147025379064658,0.3796721288811475,-0.05778754527941421,-0.6608531809232983,-0.12513532699760785,-0.6138973386153932,2.1251359240839385,0,0.21605427699257776,3,1.1914379855160337,-0.9320143892374165,0.6068817711170802,0.1557070814399298,1.754054456494842,0.9783483566461847,1.8693889813641875,0.2521455058408027,0.8065414765793012,1.520930736527715,-0.7186160378325566,0,0.19957488779347682,0.6523193113321015,0,1,1,0,1,0,0,0,0,0,1,0,0,0,0,0,0,0,1,0,1,0,0
-0.42966440714069,0,-1.6250160963378497,-0.6407266473844129,1.0617867539482457,0.2546249253678617,0,-0.9295679978612341,-1.0261667362455194,-0.9614863916702531,-0.6608531809232983,-0.82461504850388,-0.14969062848690354,1.3242258334793007,0,1.5826626555600865,4,1.1914379855160337,-0.9320143892374165,-0.5502079870438897,0.1557070814399298,0.33809616377248186,-0.6544537372115486,-0.6154915796172451,-0.3687152874355457,-0.8755809692540959,0.5320903195901912,-0.7084205080295992,1,-1.024988850857785,1.6016686862305445,0,1,1,0,0,0,1,0,0,0,0,0,0,0,1,0,0,1,0,1,0,0,0
0.008342998196906572,0,-0.34579934540673796,0.2230329755142651,0.08504925188071055,-0.6605306743650393,1,-0.9295679978612341,0.3796721288811475,0.8459113011114247,1.1532535902386967,1.20731829802239,-0.5982972947691133,-0.6780493930322936,1,-0.3305890744344257,3,0.26623257679518353,2.5899937140505074,-0.16451140099023315,-1.3960855268088614,0.33809616377248186,0.48850772848886465,1.0410954610370433,-0.6791456840737199,0.8065414765793012,0.5320903195901912,1.031076742828762,0,1.2878868127897996,-0.637705676568175,1,0,1,0,0,0,0,1,0,0,0,0,0,1,0,0,0,0,0,0,1,0,0
0.11784484953130571,0,-1.694430958791476,-0.7641208792270812,0.08504925188071055,-1.5756862740979403,1,0.4974209740085685,0.3796721288811475,0.8459113011114247,0.24620020465769926,0.8724519428905902,-0.6557785374099103,-1.0785044383346125,0,-0.8772324258614291,3,0.26623257679518353,1.4159910129545328,0.7354472998016324,2.4833959938131165,-1.0778621289498782,1.4681889848035046,1.5932911412551394,0.8730062991171511,2.488663922412698,-0.9511703058160944,-0.19417954932074086,0,1.0793684220722162,-0.9465848990231709,0,1,0,1,1,0,0,0,0,0,0,0,0,0,0,1,0,0,0,0,1,0,0
-0.6486681098094882,0,0.43759695942704374,-1.0109093429124179,1.0617867539482457,0.2546249253678617,1,1.1863122018077836,-2.432005601372186,-0.05778754527941421,0.24620020465769926,-0.458514331567274,-1.395867104027115,-1.0785044383346125,0,-0.8772324258614291,3,1.1914379855160337,0.24198831185855807,-0.678773515728442,-0.6201892226844657,0.33809616377248186,-0.32789331844000197,-0.063295899399149,-0.3687152874355457,-0.0345197463373974,1.026510528058953,0.012161749957516427,1,-0.2645705011121622,-0.9465848990231709,0,0,1,0,0,0,1,0,0,0,0,0,1,0,0,0,0,1,0,1,0,0,0
2.4173837275536876,0,-1.6374116074902831,-0.7641208792270812,0.08504925188071055,0.2546249253678617,1,0.20218187638033347,-1.0261667362455194,-0.9614863916702531,1.1532535902386967,-0.9191680485252322,-0.8231627916524266,0.12286069757234411,0,0.4893759527060795,3,-1.584178240646517,0.24198831185855807,-0.5502079870438897,2.4833959938131165,0.33809616377248186,-0.9810141559830953,-1.1676872598353414,-0.6791456840737199,-1.1559347102263289,0.037670111121429345,-0.8394533098293403,0,-1.3049990718525457,0.32754189360368685,0,1,1,0,1,0,0,0,0,0,0,0,0,0,1,0,0,1,0,0,0,0,1
0.008342998196906572,0,-1.1986105126941458,-0.6407266473844129,1.0617867539482457,-1.5756862740979403,1,-1.2248070954894692,0.3796721288811475,-0.9614863916702531,1.1532535902386967,-0.7882811990574728,-1.654743507314029,0.523315742874663,0,0.4893759527060795,3,0.26623257679518353,0.24198831185855807,0.2211851850634235,-0.6201892226844657,0.33809616377248186,0.32522751910309133,1.0410954610370433,0.8730062991171511,1.086895217551534,0.037670111121429345,-1.0376446695091563,0,-0.9298720383509231,0.024178371549673068,1,0,0,1,0,1,0,0,0,0,0,0,0,0,0,0,1,0,0,0,1,0,0
-0.8676718124782865,0,1.5135273274582501,-1.0109093429124179,-1.8684257522543597,-0.6605306743650393,0,-1.1756005792180968,0.3796721288811475,0.8459113011114247,1.1532535902386967,0.30067189107607667,-1.084147308972622,-0.6780493930322936,0,-0.3305890744344257,3,1.1914379855160337,0.24198831185855807,-0.03594587230568093,1.707499689688721,0.33809616377248186,0.651787937874638,1.5932911412551394,0.5625759024789769,-0.8755809692540959,1.026510528058953,0.0031986958609663933,0,0.6389087264920248,-0.6634456117727581,1,0,0,1,0,0,1,0,0,0,0,0,0,0,0,1,0,1,0,1,0,0,0
-0.2106607044718917,0,0.35082838136001093,-1.0109093429124179,0.08504925188071055,0.2546249253678617,0,1.2847252343505287,0.3796721288811475,0.8459113011114247,0.24620020465769926,0.48574079673584675,-0.7332165928991012,-0.6780493930322936,0,-0.3305890744344257,3,-1.584178240646517,-0.9320143892374165,-0.16451140099023315,0.1557070814399298,1.754054456494842,0.48850772848886465,0.7649976209279952,-0.6791456840737199,1.086895217551534,0.037670111121429345,0.331096571057201,0,0.7960277678398839,-0.637705676568175,1,0,0,1,0,1,0,0,0,0,0,0,0,0,0,1,0,0,1,1,0,0,0
-0.8676718124782865,1,0.2318314742966517,1.0867925984129432,-1.8684257522543597,0.2546249253678617,1,0.9894861367222936,-1.0261667362455194,-0.9614863916702531,1.1532535902386967,-0.8741225743577565,0.09105599411379363,-0.6780493930322936,1,-0.6039107501479274,3,0.26623257679518353,-0.9320143892374165,-0.9359045730975464,0.1557070814399298,-1.0778621289498782,-0.4911735278257753,-0.33939373950819707,-0.6791456840737199,-0.8755809692540959,0.5320903195901912,-0.24943763206252847,1,-1.1650959080162935,-0.26705060962218,0,1,1,0,0,0,1,0,0,0,0,0,0,0,1,0,0,0,1,1,0,0,0
1.6508707682128936,0,1.2904081267144516,-0.8875151110697495,0.08504925188071055,0.2546249253678617,0,1.137105685536411,-1.0261667362455194,-0.9614863916702531,1.1532535902386967,-0.6992526439811885,-1.5477918553589032,1.7246808787816195,0,-0.057267398720923963,3,-0.6589728319256667,-0.9320143892374165,-0.678773515728442,0.1557070814399298,-1.0778621289498782,-0.8177339465973219,-0.6154915796172451,-0.058284890797371494,-0.5952272282818631,0.037670111121429345,-0.37705965493901783,0,-0.7194348388024518,2.451086547981783,0,1,1,0,1,0,0,0,0,0,1,0,0,0,0,0,0,0,1,0,0,1,0
0.5558522548689022,0,-0.6705617376004892,-0.6407266473844129,-0.8916882501868245,0.2546249253678617,1,-0.3882963188761366,0.3796721288811475,2.6533089938931025,1.1532535902386967,2.7046553567874874,-1.3182885076023718,-0.6780493930322936,0,-1.1505541015749308,3,1.1914379855160337,-0.9320143892374165,1.3782749432243935,0.1557070814399298,0.33809616377248186,2.4478702411181446,3.5259760220184755,2.7355886789461965,3.049371404357164,1.520930736527715,0.3213715012116757,0,1.974958704921439,-0.7988600535012164,0,1,1,0,0,0,0,0,1,0,0,1,0,0,0,0,0,1,0,0,1,0,0
2.4173837275536876,0,0.03846150031869295,-0.3939381836990763,-0.8916882501868245,-0.6605306743650393,1,-0.6835354165043717,0.3796721288811475,-0.9614863916702531,0.24620020465769926,-0.9000449698692283,1.5942818407787422,2.1251359240839385,0,0.4893759527060795,3,1.1914379855160337,-0.9320143892374165,-0.5502079870438897,-0.6201892226844657,-1.0778621289498782,-0.8177339465973219,-0.6154915796172451,-0.058284890797371494,-0.5952272282818631,0.037670111121429345,-0.8129522937350107,0,-1.2440112593278816,2.451086547981783,0,1,0,0,0,0,1,0,0,1,0,0,0,0,0,0,0,1,0,0,0,0,1
1.4318670655440953,0,0.12770918061621236,-1.0109093429124179,1.0617867539482457,1.1697805251007627,0,0.10376884383758846,0.3796721288811475,2.6533089938931025,1.1532535902386967,2.765211772531499,1.3779893409641053,0.12286069757234411,0,-1.1505541015749308,3,0.26623257679518353,0.24198831185855807,2.6639302300699153,0.1557070814399298,-1.0778621289498782,-0.0013328996684553085,-1.1676872598353414,-0.6791456840737199,0.5261877356070683,1.026510528058953,-0.2233506943446727,0,1.9971053224133246,-0.637705676568175,0,1,0,1,0,0,1,0,0,0,0,1,0,0,0,0,0,0,0,0,0,1,0
-0.42966440714069,1,0.02606598916625969,0.59321567104227,0.08504925188071055,0.2546249253678617,1,-0.3882963188761366,0.3796721288811475,-0.9614863916702531,1.1532535902386967,-0.8641360777262879,1.1012642388620781,0.9237707881769818,1,-0.6039107501479274,3,0.26623257679518353,0.24198831185855807,-0.42164245835933756,-0.6201892226844657,-2.4938204216722384,-0.32789331844000197,-0.063295899399149,-0.6791456840737199,-0.0345197463373974,0.037670111121429345,-0.8528510457436959,1,-1.1357647311072172,0.9410103493129147,0,1,1,0,0,0,1,0,0,0,1,0,0,0,0,0,0,1,0,1,0,0,0
0.6653541062033014,0,0.5739475821038096,0.8400041347276065,0.08504925188071055,1.1697805251007627,0,0.6942470390940585,0.3796721288811475,1.7496101475022634,1.1532535902386967,2.0315229880961536,-0.9232279377655009,0.9237707881769818,1,1.855984331273588,4,0.26623257679518353,0.24198831185855807,1.3782749432243935,0.1557070814399298,0.33809616377248186,1.6314691941892778,2.4215846615822834,-0.3687152874355457,1.3672489585237668,1.520930736527715,0.024560120955183427,0,1.7039737302500897,-0.20796067141339827,0,1,0,1,0,1,0,0,0,0,0,1,0,0,0,0,0,1,0,0,1,0,0
-0.42966440714069,1,-0.8366615870430948,-0.8875151110697495,-0.8916882501868245,-1.5756862740979403,0,-1.3232201280322142,0.3796721288811475,-0.9614863916702531,-1.5679065665042957,-0.806554363106543,1.011318040108753,1.7246808787816195,0,1.3093409798465847,4,-1.584178240646517,-0.9320143892374165,0.2211851850634235,0.1557070814399298,1.754054456494842,0.32522751910309133,0.7649976209279952,-0.3687152874355457,0.8065414765793012,-1.940010722753618,-1.0512802350551276,0,-0.9769574500708765,0.7522508244793061,0,1,1,0,1,0,0,0,0,0,1,0,0,0,0,0,0,1,0,1,0,0,0
1.6508707682128936,0,-0.07805630451417965,-0.8875151110697495,1.0617867539482457,-1.5756862740979403,1,0.645040522822686,-1.0261667362455194,2.6533089938931025,0.24620020465769926,2.6698088579032135,0.943998931979311,-0.6780493930322936,1,0.7626976284195812,3,1.1914379855160337,-0.9320143892374165,2.7924957587544674,-0.6201892226844657,1.754054456494842,4.243952544361651,0.7649976209279952,3.977310265498893,2.2083101814404653,0.5320903195901912,-0.2894903041141857,0,1.9620654389762104,-0.8466533858759663,0,0,0,1,1,0,0,0,0,0,0,1,0,0,0,0,0,0,1,0,0,1,0
-0.5391662584750891,0,1.4837781006924105,-0.6407266473844129,-0.8916882501868245,0.2546249253678617,0,-0.4867093514188816,0.3796721288811475,-0.9614863916702531,-0.6608531809232983,-0.5464804933848915,0.9383772945572281,-0.27759434772997477,0,-1.1505541015749308,3,-1.584178240646517,0.24198831185855807,-0.678773515728442,1.707499689688721,0.33809616377248186,-0.4911735278257753,-0.33939373950819707,-0.3687152874355457,-0.5952272282818631,-0.9511703058160944,-0.13006036974871946,1,-0.41532064208674285,0.024178371549673068,0,1,0,1,1,0,0,0,0,0,0,0,0,0,0,0,1,1,0,1,0,0,0
-0.5391662584750891,1,-0.7127064755187623,-1.0109093429124179,0.08504925188071055,1.1697805251007627,1,-0.19147025379064658,-1.0261667362455194,-0.9614863916702531,0.24620020465769926,-0.5891887023832999,-0.6664596485118677,-1.0785044383346125,1,-0.3305890744344257,3,1.1914379855160337,-0.9320143892374165,-0.9359045730975464,-0.6201892226844657,-2.4938204216722384,-0.6544537372115486,-0.6154915796172451,-0.3687152874355457,-0.5952272282818631,0.5320903195901912,0.4415763625971176,1,-0.4943385430371123,-0.9465848990231709,0,1,1,0,1,0,0,0,0,0,1,0,0,0,0,0,0,0,1,1,0,0,0
0.22734670086570485,0,1.55815116760701,-1.0109093429124179,1.0617867539482457,0.2546249253678617,0,1.4815512994360187,0.3796721288811475,-0.9614863916702531,0.24620020465769926,-0.9074817226798965,0.1551426607255379,1.7246808787816195,0,-0.3305890744344257,3,0.26623257679518353,2.5899937140505074,-0.5502079870438897,-1.3960855268088614,0.33809616377248186,-0.6544537372115486,-0.6154915796172451,-0.3687152874355457,-0.5952272282818631,0.5320903195901912,-0.8232582444383612,0,-1.2674360665279079,2.0263776171061636,0,1,1,0,0,0,1,0,0,0,1,0,0,0,0,0,0,0,0,0,1,0,0
-0.5391662584750891,0,0.43015965273558376,2.0739464531542895,1.0617867539482457,0.2546249253678617,1,1.6783773645215088,0.3796721288811475,-0.05778754527941421,1.1532535902386967,-0.43301689335926896,-0.31538839150279496,-1.0785044383346125,0,0.7626976284195812,3,-1.584178240646517,-0.9320143892374165,-0.9359045730975464,-0.6201892226844657,0.33809616377248186,-0.6544537372115486,-0.6154915796172451,-0.058284890797371494,-0.5952272282818631,0.037670111121429345,0.8203200509452457,1,-0.22355505777755547,-0.9465848990231709,0,0,0,1,0,1,0,0,0,0,0,0,0,0,0,1,0,1,0,1,0,0,0
0.4463504035345031,0,1.5085691229972769,1.2101868302556114,-0.8916882501868245,0.2546249253678617,1,-1.4708396768463317,0.3796721288811475,-0.05778754527941421,-1.5679065665042957,-0.728999655223861,0.7819552332877734,-0.27759434772997477,0,0.21605427699257776,3,-1.584178240646517,1.4159910129545328,0.7354472998016324,-0.6201892226844657,-1.0778621289498782,-0.9810141559830953,-1.1676872598353414,-0.6791456840737199,-1.1559347102263289,-1.940010722753618,-1.1080142605107661,0,-0.7865281059255738,-0.5690658493559537,0,1,1,0,1,0,0,0,0,0,0,0,0,0,1,0,0,0,0,0,1,0,0
0.33684855220010396,0,1.2333887754132586,1.827157989468953,-0.8916882501868245,-1.5756862740979403,1,-0.19147025379064658,0.3796721288811475,-0.05778754527941421,1.1532535902386967,-0.6765174282457173,1.4242273087607367,-0.6780493930322936,0,0.4893759527060795,3,-1.584178240646517,1.4159910129545328,-0.2930769296747854,0.1557070814399298,0.33809616377248186,0.32522751910309133,1.0410954610370433,0.5625759024789769,0.8065414765793012,-0.9511703058160944,-0.7203623239239576,0,-0.670099493977607,-0.6068177543226755,0,1,1,0,0,0,0,0,1,0,0,0,0,0,1,0,0,0,0,0,1,0,0
0.8843578088720997,0,-1.3647103621367513,-1.0109093429124179,0.08504925188071055,0.2546249253678617,1,0.20218187638033347,1.7855109940078144,2.6533089938931025,1.1532535902386967,2.6982809972354858,0.232861798085833,-1.0785044383346125,0,-1.1505541015749308,3,0.26623257679518353,0.24198831185855807,1.76397152927805,-0.6201892226844657,0.33809616377248186,2.774430659889691,-1.1676872598353414,-0.3687152874355457,0.8065414765793012,1.026510528058953,0.10267547966814226,0,1.9726084175366512,-0.9465848990231709,0,1,1,0,0,0,0,1,0,0,0,1,0,0,0,0,0,1,0,0,1,0,0
-0.6486681098094882,0,1.3003245356363982,-0.7641208792270812,1.0617867539482457,-0.6605306743650393,1,0.349801425194451,0.3796721288811475,0.8459113011114247,0.24620020465769926,1.5239114891051195,-0.11104187121008409,2.5255909693862573,0,-0.8772324258614291,3,-1.584178240646517,0.24198831185855807,-0.2930769296747854,0.1557070814399298,0.33809616377248186,-0.8177339465973219,-0.6154915796172451,-0.058284890797371494,-0.5952272282818631,-0.9511703058160944,1.6513804646070867,0,1.4615685871443975,2.111319403281288,1,0,1,0,0,0,1,0,0,0,0,0,0,1,0,0,0,0,0,1,0,0,0
-0.42966440714069,0,0.07316893154550606,-0.5173324155417446,1.0617867539482457,0.2546249253678617,0,-0.14226373751927407,-1.0261667362455194,-0.9614863916702531,1.1532535902386967,-0.7632087181529345,0.06505592103666054,-0.6780493930322936,0,-0.6039107501479274,3,0.26623257679518353,0.24198831185855807,-1.193035630466651,-0.6201892226844657,-1.0778621289498782,-0.8177339465973219,-0.6154915796172451,-0.6791456840737199,-0.5952272282818631,0.5320903195901912,1.5195788061675721,1,-0.8675732402444561,0.1859722499784804,0,1,1,0,1,0,0,0,0,0,0,0,0,0,1,0,0,1,0,1,0,0,0
-0.3201625558062908,0,-0.8242660758906616,-0.8875151110697495,1.0617867539482457,1.1697805251007627,1,0.8910731041795485,-1.0261667362455194,-0.05778754527941421,-1.5679065665042957,-0.11599874497307269,1.317416197741163,1.3242258334793007,0,-0.6039107501479274,3,-0.6589728319256667,0.24198831185855807,0.2211851850634235,0.1557070814399298,0.33809616377248186,0.651787937874638,1.3171933011460915,0.8730062991171511,1.3672489585237668,-0.4567500973473325,-0.5359826998876063,0,0.21048171072146574,0.509560006836095,0,1,1,0,1,0,0,0,0,0,0,0,1,0,0,0,0,1,0,1,0,0,0
0.008342998196906572,0,0.5318028441855365,-1.0109093429124179,-0.8916882501868245,0.2546249253678617,0,0.841866587908176,-1.0261667362455194,-0.9614863916702531,-1.5679065665042957,-0.5488177585539586,0.6161169293363299,-0.27759434772997477,0,-0.3305890744344257,3,-1.584178240646517,0.24198831185855807,0.7354472998016324,-0.6201892226844657,-1.0778621289498782,-0.6544537372115486,-0.8915894197262932,-0.6791456840737199,-0.5952272282818631,-1.940010722753618,-1.0051972464349876,0,-0.41953938639622457,-0.5690658493559537,0,1,1,0,0,0,1,0,0,0,0,0,0,0,1,0,0,1,0,0,1,0,0
0.8843578088720997,0,0.982999450134107,-0.270543951856408,1.0617867539482457,-1.5756862740979403,1,0.5466274902799411,1.7855109940078144,-0.05778754527941421,0.24620020465769926,-0.014646428096252568,-1.2922884345252386,0.523315742874663,0,0.4893759527060795,3,1.1914379855160337,0.24198831185855807,-0.2930769296747854,-1.3960855268088614,0.33809616377248186,-0.6544537372115486,-0.6154915796172451,-0.6791456840737199,-0.5952272282818631,0.037670111121429345,-0.00696151412536701,0,0.3264507079494953,0.4124836797788108,1,0,1,0,1,0,0,0,0,0,0,0,1,0,0,0,0,1,0,0,1,0,0
0.008342998196906572,1,-0.7399766000541155,0.09963874367159682,0.08504925188071055,-1.5756862740979403,1,-0.2406767700620191,0.3796721288811475,0.8459113011114247,0.24620020465769926,0.7532514192681665,1.160853595536156,1.3242258334793007,0,-1.1505541015749308,3,-0.6589728319256667,1.4159910129545328,0.7354472998016324,1.707499689688721,0.33809616377248186,-0.9810141559830953,-1.1676872598353414,-0.6791456840737199,-1.1559347102263289,-0.9511703058160944,-0.26219882396285366,0,0.9975751410768516,0.1859722499784804,1,0,1,0,0,0,1,0,0,0,0,0,1,0,0,0,0,0,0,0,1,0,0
0.22734670086570485,0,-0.7374974978236288,-0.8875151110697495,1.0617867539482457,0.2546249253678617,0,-0.09305722124790157,0.3796721288811475,0.8459113011114247,0.24620020465769926,0.9423574193108707,-1.1093041364364427,-1.0785044383346125,0,2.675949358414093,4,1.1914379855160337,-0.9320143892374165,1.121143885855289,-1.3960855268088614,0.33809616377248186,1.9580296129608246,0.48889978081894714,2.7355886789461965,1.086895217551534,1.026510528058953,-0.3532185556452673,0,1.1253472665622588,-0.9465848990231709,1,0,1,0,0,0,0,0,1,0,0,0,0,0,0,0,0,0,1,0,1,0,0
-0.8676718124782865,0,-0.3408411409457646,0.7166099028849382,0.08504925188071055,0.2546249253678617,1,-0.2898832863333916,0.3796721288811475,-0.9614863916702531,1.1532535902386967,-0.8845340282926919,1.1749076890913632,-0.6780493930322936,0,1.036019304133083,3,-1.584178240646517,-0.9320143892374165,-0.678773515728442,-1.3960855268088614,0.33809616377248186,-0.16461310905422863,0.21280194070989908,-0.3687152874355457,0.24583399463483546,0.037670111121429345,-0.6766192887164036,1,-1.1962961183271328,-0.46120326373674886,0,1,1,0,1,0,0,0,0,0,0,0,0,0,1,0,0,0,1,1,0,0,0
0.5558522548689022,0,0.2814135189063847,0.9633983665702748,-0.8916882501868245,1.1697805251007627,0,0.7926600716368035,1.7855109940078144,-0.05778754527941421,-1.5679065665042957,0.008938702246152112,1.2231132299857235,0.12286069757234411,1,-0.6039107501479274,3,0.26623257679518353,-0.9320143892374165,-0.16451140099023315,-1.3960855268088614,0.33809616377248186,-0.6544537372115486,-0.6154915796172451,-0.6791456840737199,-0.5952272282818631,0.037670111121429345,-0.13143449650916608,0,0.3522025053772688,-0.019947231658183493,0,1,1,0,1,0,0,0,0,0,0,0,0,0,1,0,0,0,1,0,1,0,0
-0.8676718124782865,0,1.1019963571974662,1.3335810620982798,-0.8916882501868245,1.1697805251007627,1,-1.0279810304039791,0.3796721288811475,-0.05778754527941421,1.1532535902386967,0.09095546181523506,-0.5032916223359135,-0.27759434772997477,0,-0.3305890744344257,3,1.1914379855160337,0.24198831185855807,-0.16451140099023315,-0.6201892226844657,0.33809616377248186,-0.6544537372115486,-0.6154915796172451,-0.6791456840737199,-0.5952272282818631,2.015350944996477,-0.05187255707930076,0,0.4384726109361358,-0.32882645411317923,0,1,0,1,0,1,0,0,0,0,0,0,0,0,0,1,0,0,0,1,0,0,0
-1.3056792178158831,0,-0.29125909633603164,-1.0109093429124179,0.08504925188071055,-1.5756862740979403,0,-0.19147025379064658,0.3796721288811475,-0.05778754527941421,0.24620020465769926,-0.34101363715871735,-0.9568172213624458,-1.0785044383346125,0,-0.8772324258614291,3,1.1914379855160337,1.4159910129545328,-0.8073390444129942,0.1557070814399298,0.33809616377248186,-0.4911735278257753,-0.6154915796172451,-0.3687152874355457,-0.5952272282818631,0.037670111121429345,0.5386584182226786,1,-0.08420794386266142,-0.9465848990231709,0,1,1,0,1,0,0,0,0,0,0,0,1,0,0,0,0,1,0,0,0,0,0
0.5558522548689022,0,-1.3225656242184785,-0.8875151110697495,0.08504925188071055,1.1697805251007627,0,-0.4867093514188816,-1.0261667362455194,-0.9614863916702531,-1.5679065665042957,-0.8307769294041479,-0.8862656717153062,-1.0785044383346125,1,-1.1505541015749308,3,0.26623257679518353,0.24198831185855807,-0.16451140099023315,0.9316033855643254,0.33809616377248186,0.32522751910309133,0.48889978081894714,1.4938670923934996,1.086895217551534,0.037670111121429345,-0.9460168401019837,0,-1.0417330112018854,-0.9465848990231709,0,1,1,0,0,0,1,0,0,0,1,0,0,0,0,0,0,0,0,0,1,0,0
0.33684855220010396,0,1.5209646341497103,-0.8875151110697495,-0.8916882501868245,-1.5756862740979403,1,-0.8311549653184892,0.3796721288811475,2.6533089938931025,0.24620020465769926,2.7480010017410956,-1.1754989170814678,-1.0785044383346125,0,1.036019304133083,3,1.1914379855160337,0.24198831185855807,1.3782749432243935,1.707499689688721,0.33809616377248186,2.284590031732371,0.7649976209279952,0.2521455058408027,1.3672489585237668,0.037670111121429345,0.3404843552433439,0,1.990844088248076,-0.9465848990231709,0,1,1,0,0,0,1,0,0,0,0,0,0,1,0,0,0,0,0,0,1,0,0
1.5413689168784945,0,0.0756480337759927,-1.0109093429124179,0.08504925188071055,0.2546249253678617,1,1.4815512994360187,0.3796721288811475,-0.9614863916702531,1.1532535902386967,-0.8031547046788091,1.2533295311294186,-0.6780493930322936,0,-1.1505541015749308,3,-0.6589728319256667,-0.9320143892374165,-1.3216011591512031,-2.171981830933257,-1.0778621289498782,-0.9810141559830953,-1.1676872598353414,-0.6791456840737199,-1.1559347102263289,0.037670111121429345,4.132137309466905,0,-0.9680851418147238,0.7522508244793061,0,1,1,0,1,0,0,0,0,0,0,0,0,0,1,0,0,1,0,0,0,1,0
-0.6486681098094882,1,-1.2283597394599857,2.4441291486822943,-0.8916882501868245,0.2546249253678617,1,0.251388392651706,-1.0261667362455194,-0.9614863916702531,-0.6608531809232983,-0.6425208439683772,-0.37399396162800846,-1.0785044383346125,0,-1.1505541015749308,3,-0.6589728319256667,-0.9320143892374165,-0.678773515728442,-0.6201892226844657,1.754054456494842,-0.32789331844000197,-0.063295899399149,-0.3687152874355457,-0.0345197463373974,0.037670111121429345,-0.28533669367919906,1,-0.599217773922511,-0.9465848990231709,1,0,1,0,0,0,1,0,0,0,1,0,0,0,0,0,0,0,1,1,0,0,0
-0.5391662584750891,0,1.260658899948612,-0.270543951856408,0.08504925188071055,-0.6605306743650393,1,1.6783773645215088,1.7855109940078144,-0.9614863916702531,-0.6608531809232983,-0.7880687204057394,1.651200919677331,-0.6780493930322936,0,1.3093409798465847,4,0.26623257679518353,-0.9320143892374165,-0.8073390444129942,0.1557070814399298,-2.4938204216722384,-0.32789331844000197,-0.8915894197262932,-0.6791456840737199,-0.3148734873096303,-1.4455905142848562,-0.3286903929712933,1,-0.929333103156328,-0.38030632452234525,1,0,1,0,1,0,0,0,0,0,1,0,0,0,0,0,0,1,0,1,0,0,0
0.11784484953130571,0,1.3003245356363982,-0.8875151110697495,-0.8916882501868245,1.1697805251007627,1,-1.3232201280322142,-1.0261667362455194,-0.05778754527941421,1.1532535902386967,-0.26643363040030255,0.7545497508551195,0.12286069757234411,0,0.7626976284195812,3,1.1914379855160337,0.24198831185855807,0.2211851850634235,-2.171981830933257,0.33809616377248186,0.16194730971731802,0.7649976209279952,1.4938670923934996,0.24583399463483546,2.015350944996477,-0.6482382860102539,0,0.01998971948409613,-0.2185124460935379,0,0,0,1,1,0,0,0,0,0,0,0,0,0,0,1,0,1,0,0,1,0,0
-0.5391662584750891,0,-1.672119038717096,-0.8875151110697495,-1.8684257522543597,1.1697805251007627,1,0.8910731041795485,-1.0261667362455194,-0.05778754527941421,-1.5679065665042957,-0.9193805271769655,0.7622795023104835,0.523315742874663,0,-0.6039107501479274,3,1.1914379855160337,-0.9320143892374165,-0.2930769296747854,1.707499689688721,0.33809616377248186,-0.16461310905422863,-0.6154915796172451,-0.6791456840737199,-0.0345197463373974,0.5320903195901912,-0.9821334717890584,1,-1.3056907858321047,0.4124836797788108,0,1,1,0,0,0,0,0,1,0,1,0,0,0,0,0,0,0,1,1,0,0,0
0.9938596602064987,0,-0.7796422357419018,-0.8875151110697495,0.08504925188071055,0.2546249253678617,0,0.448214457737196,-2.432005601372186,1.7496101475022634,-0.6608531809232983,2.203205738696721,0.09330464908262676,0.12286069757234411,1,-0.8772324258614291,3,-0.6589728319256667,0.24198831185855807,2.1496681153317065,-0.6201892226844657,-1.0778621289498782,-0.0013328996684553085,0.7649976209279952,1.4938670923934996,0.8065414765793012,-0.9511703058160944,-0.23846915595681983,0,1.777856448804357,-0.5951016458847274,0,1,0,1,0,0,0,0,1,0,0,1,0,0,0,0,0,1,0,0,0,1,0
-0.9771736638126857,1,-0.6779990442919491,-0.8875151110697495,1.0617867539482457,-1.5756862740979403,1,0.645040522822686,0.3796721288811475,-0.9614863916702531,0.24620020465769926,-0.641245972057977,0.08740192978943978,-0.27759434772997477,0,-1.1505541015749308,3,0.26623257679518353,-0.9320143892374165,-0.8073390444129942,1.707499689688721,-2.4938204216722384,-1.1442943653688686,-1.1676872598353414,-0.6791456840737199,-1.1559347102263289,-1.4455905142848562,-0.043833915530687474,1,-0.5966235479215715,0.1859722499784804,0,1,1,0,1,0,0,0,0,0,1,0,0,0,0,0,0,0,1,1,0,0,0
-0.8676718124782865,0,1.01026957466946,-0.8875151110697495,0.08504925188071055,-1.5756862740979403,1,0.5958340065513135,-1.0261667362455194,-0.05778754527941421,-0.6608531809232983,0.02997408876775629,-1.493402513300252,-0.27759434772997477,0,1.036019304133083,3,-0.6589728319256667,1.4159910129545328,-0.16451140099023315,-0.6201892226844657,0.33809616377248186,-1.1442943653688686,-1.1676872598353414,-0.6791456840737199,-1.1559347102263289,-1.4455905142848562,-0.1110287141165323,0,0.37480449626721174,-0.32882645411317923,0,1,0,1,0,0,1,0,0,0,0,0,0,0,0,1,0,1,0,1,0,0,0
-0.6486681098094882,0,1.6374824389825828,1.7037637576262845,0.08504925188071055,-0.6605306743650393,1,-0.09305722124790157,-1.0261667362455194,-0.05778754527941421,1.1532535902386967,-0.1956782393730885,0.013336856753498508,-1.0785044383346125,0,1.5826626555600865,4,-0.6589728319256667,0.24198831185855807,-0.16451140099023315,-0.6201892226844657,0.33809616377248186,0.32522751910309133,-1.1676872598353414,1.4938670923934996,1.086895217551534,0.037670111121429345,-0.32992710705569517,0,0.11259330161485291,-0.9465848990231709,0,1,1,0,0,0,1,0,0,0,0,0,0,0,0,0,0,1,0,1,0,0,0
-1.3056792178158831,0,-0.3160501186408981,-0.5173324155417446,-0.8916882501868245,-0.6605306743650393,1,0.9402796204509211,1.7855109940078144,-0.05778754527941421,-1.5679065665042957,-0.5318194664152885,0.5721276165085317,-0.6780493930322936,0,-0.8772324258614291,3,1.1914379855160337,1.4159910129545328,-0.678773515728442,-0.6201892226844657,0.33809616377248186,-0.16461310905422863,-0.33939373950819707,-0.3687152874355457,0.24583399463483546,-0.4567500973473325,-0.10635668313101347,1,-0.3891238983973543,-0.46120326373674886,0,0,1,0,1,0,0,0,0,0,0,0,0,0,0,0,0,0,0,0,0,0,0
0.8843578088720997,0,1.444112465004624,1.3335810620982798,-0.8916882501868245,0.2546249253678617,1,0.645040522822686,0.3796721288811475,1.7496101475022634,1.1532535902386967,1.4858778104448453,-0.957379385104654,-1.0785044383346125,1,-0.3305890744344257,3,-0.6589728319256667,-0.9320143892374165,1.2497094145398413,-0.6201892226844657,0.33809616377248186,2.1213098223465976,0.7649976209279952,0.5625759024789769,1.6476026994959998,0.5320903195901912,-0.1558252465070955,0,1.441731910961394,-0.9465848990231709,0,1,1,0,0,0,1,0,0,0,0,0,0,0,0,0,0,1,0,0,1,0,0
-0.10115885313749257,0,1.4887363051533837,-0.3939381836990763,0.08504925188071055,1.1697805251007627,1,-0.9295679978612341,0.3796721288811475,-0.9614863916702531,1.1532535902386967,-0.6996776012846552,0.8345175431842479,-1.0785044383346125,0,-1.1505541015749308,3,0.26623257679518353,0.24198831185855807,0.6068817711170802,0.9316033855643254,0.33809616377248186,1.3049087754177313,2.4215846615822834,2.4251582823080224,1.9279564404682326,1.520930736527715,-1.066957171605801,0,-0.7203725625637102,-0.9465848990231709,0,1,1,0,1,0,0,0,0,0,1,0,0,0,0,0,0,1,0,0,1,0,0
1.979376322216091,0,-0.8688899160394212,-1.0109093429124179,0.08504925188071055,1.1697805251007627,1,0.743453555365431,0.3796721288811475,2.6533089938931025,-1.5679065665042957,2.664921848913346,0.649987294804379,-1.0785044383346125,1,-0.3305890744344257,3,0.26623257679518353,-0.9320143892374165,3.3067578734926766,-0.6201892226844657,0.33809616377248186,4.733793172518971,1.5932911412551394,0.5625759024789769,2.488663922412698,0.037670111121429345,-0.4195275995490404,0,1.960248376055214,-0.9465848990231709,0,1,1,0,0,0,1,0,0,0,0,1,0,0,0,0,0,0,1,0,0,1,0
1.103361511540898,1,-0.338362038715278,2.4441291486822943,1.0617867539482457,-1.5756862740979403,1,1.0878991692650386,0.3796721288811475,0.8459113011114247,-0.6608531809232983,1.1359254710399758,-0.5685026164320743,-0.6780493930322936,1,-0.8772324258614291,3,1.1914379855160337,0.24198831185855807,-0.16451140099023315,-0.6201892226844657,-1.0778621289498782,0.48850772848886465,0.7649976209279952,2.114727885669848,1.3672489585237668,-0.9511703058160944,0.9618207541022472,0,1.245789271747236,-0.637705676568175,0,0,1,0,1,0,0,0,0,0,0,1,0,0,0,0,0,1,0,0,0,1,0
-0.9771736638126857,0,0.8813562586841542,-0.02375548817107146,0.08504925188071055,1.1697805251007627,1,1.3831382668932737,0.3796721288811475,-0.9614863916702531,1.1532535902386967,-0.9419032642607033,-1.6443434780831758,-0.6780493930322936,0,2.1293060069870897,4,1.1914379855160337,0.24198831185855807,-0.8073390444129942,0.1557070814399298,-1.0778621289498782,-0.32789331844000197,-0.6154915796172451,-0.6791456840737199,-0.0345197463373974,1.520930736527715,-0.6271507253403216,1,-1.38087580844615,-0.38030632452234525,0,1,1,0,0,0,1,0,0,0,0,0,0,0,1,0,0,1,0,1,0,0,0
0.008342998196906572,0,-1.4242088156684312,-0.3939381836990763,1.0617867539482457,0.2546249253678617,1,1.5799643319787637,0.3796721288811475,-0.05778754527941421,1.1532535902386967,-0.00019787977838303393,1.196269911295278,0.523315742874663,0,-0.3305890744344257,3,-0.6589728319256667,0.24198831185855807,-0.5502079870438897,1.707499689688721,1.754054456494842,-0.32789331844000197,-0.063295899399149,-0.6791456840737199,-0.8755809692540959,1.026510528058953,0.4340677413703909,0,0.34227878364086345,0.7522508244793061,0,1,0,1,0,0,1,0,0,0,0,0,0,0,0,1,0,1,0,0,1,0,0
-1.7436866231534796,0,0.4797416973453168,-0.7641208792270812,-0.8916882501868245,1.1697805251007627,1,1.6783773645215088,-1.0261667362455194,-0.9614863916702531,0.24620020465769926,-0.6954280282499877,-0.5315403503818797,-0.6780493930322936,0,0.4893759527060795,3,-1.584178240646517,-0.9320143892374165,-1.0644701017820986,0.9316033855643254,1.754054456494842,-0.6544537372115486,-0.6154915796172451,-0.3687152874355457,-1.1559347102263289,0.5320903195901912,0.7387312745437217,1,-0.7110215048610381,-0.09716703727193238,0,1,1,0,0,0,1,0,0,0,0,0,0,0,1,0,0,0,1,0,0,0,0
0.008342998196906572,0,-0.18465770042510563,-1.0109093429124179,1.0617867539482457,-1.5756862740979403,0,0.6942470390940585,0.3796721288811475,0.8459113011114247,1.1532535902386967,1.5086130261803166,-0.3704804382392067,-0.27759434772997477,1,0.7626976284195812,3,-1.584178240646517,1.4159910129545328,0.4783162424325279,-0.6201892226844657,0.33809616377248186,-0.32789331844000197,-0.6154915796172451,-0.6791456840737199,-0.5952272282818631,-0.9511703058160944,0.38874118865794105,0,1.4536209836446015,-0.5218759681475515,0,0,1,0,0,0,1,0,0,0,0,0,0,1,0,0,0,0,0,0,1,0,0
-0.2106607044718917,0,1.2705753088705585,1.5803695257836163,0.08504925188071055,-0.6605306743650393,0,0.251388392651706,1.7855109940078144,0.8459113011114247,-0.6608531809232983,1.167159832844782,0.6727549263638144,1.7246808787816195,0,0.7626976284195812,3,-0.6589728319256667,0.24198831185855807,-0.16451140099023315,2.4833959938131165,-1.0778621289498782,-0.0013328996684553085,0.7649976209279952,1.1834366957553253,-0.5952272282818631,-1.4455905142848562,0.9921202491700971,0,1.2643519536387566,1.2155696581617998,0,1,1,0,1,0,0,0,0,0,0,1,0,0,0,0,0,0,0,1,0,0,0
0.11784484953130571,0,-1.1911732060026858,-0.270543951856408,-0.8916882501868245,-1.5756862740979403,0,-1.0771875466753518,1.7855109940078144,-0.05778754527941421,-1.5679065665042957,-0.19079123038322088,0.6855441514990529,-0.6780493930322936,1,2.4026276827005915,4,0.26623257679518353,0.24198831185855807,-0.42164245835933756,0.1557070814399298,0.33809616377248186,0.16194730971731802,-1.1676872598353414,1.4938670923934996,0.8065414765793012,-1.4455905142848562,-0.036362101270758417,0,0.11878386282688923,-0.5690658493559537,0,1,0,1,0,0,1,0,0,0,0,0,0,0,0,1,0,0,0,0,1,0,0
-1.1961773664814839,0,1.677148074670369,-1.0109093429124179,0.08504925188071055,0.2546249253678617,0,0.8910731041795485,0.3796721288811475,-0.05778754527941421,-0.6608531809232983,-0.02250813821038746,1.7502822792415407,-0.6780493930322936,0,1.3093409798465847,4,-1.584178240646517,0.24198831185855807,-0.678773515728442,2.4833959938131165,-2.4938204216722384,-0.16461310905422863,0.21280194070989908,-0.3687152874355457,-0.0345197463373974,-1.940010722753618,0.7170887780666858,0,0.3177679511804185,-0.46120326373674886,1,0,1,0,1,0,0,0,0,0,0,0,1,0,0,0,0,0,0,1,0,0,0
1.4318670655440953,0,-0.013599646521526723,-0.6407266473844129,-1.8684257522543597,-1.5756862740979403,1,1.4815512994360187,0.3796721288811475,2.6533089938931025,-0.6608531809232983,2.6859572354349504,0.21107795307526203,0.12286069757234411,0,-0.3305890744344257,3,-1.584178240646517,1.4159910129545328,2.1496681153317065,0.9316033855643254,-1.0778621289498782,0.48850772848886465,-0.063295899399149,-0.3687152874355457,0.5261877356070683,-2.43443093122238,-0.07121829882816157,0,1.9680540983017183,-0.5951016458847274,0,1,1,0,1,0,0,0,0,0,0,0,0,1,0,0,0,0,0,0,0,1,0
1.7603726195472926,0,0.663195262401329,-0.7641208792270812,1.0617867539482457,0.2546249253678617,1,-1.0279810304039791,0.3796721288811475,1.7496101475022634,0.24620020465769926,2.3544905387308845,0.942031358881582,0.12286069757234411,1,0.21605427699257776,3,1.1914379855160337,2.5899937140505074,1.2497094145398413,1.707499689688721,-1.0778621289498782,-0.32789331844000197,-0.33939373950819707,-0.3687152874355457,-0.3148734873096303,0.5320903195901912,0.24541976754334788,0,1.8400853558918644,-0.4832660653406772,0,1,1,0,0,0,1,0,0,0,0,0,0,1,0,0,0,1,0,0,0,1,0
0.5558522548689022,0,-0.41521420786036417,-1.0109093429124179,-1.8684257522543597,-0.6605306743650393,1,1.6291708482501361,0.3796721288811475,-0.05778754527941421,0.24620020465769926,-0.339101329293117,1.4361732882826628,-0.6780493930322936,0,2.675949358414093,4,0.26623257679518353,-0.9320143892374165,1.121143885855289,0.1557070814399298,0.33809616377248186,2.1213098223465976,3.249878181909428,2.7355886789461965,0.5261877356070683,0.037670111121429345,-0.9747704425643313,0,-0.08144412074066304,-0.7847910205943636,0,1,0,1,1,0,0,0,0,0,0,0,0,0,0,1,0,1,0,0,1,0,0
-0.8676718124782865,0,-0.8936809383442877,-0.8875151110697495,-0.8916882501868245,-0.6605306743650393,1,-1.0771875466753518,0.3796721288811475,-0.05778754527941421,1.1532535902386967,-0.41410629335499854,0.8357824116042165,-0.6780493930322936,0,0.7626976284195812,3,-1.584178240646517,-0.9320143892374165,-0.16451140099023315,0.1557070814399298,-1.0778621289498782,0.48850772848886465,0.7649976209279952,-0.6791456840737199,1.3672489585237668,-0.9511703058160944,-0.5418174535165801,1,-0.19384107073136028,-0.637705676568175,1,0,0,1,1,0,0,0,0,0,0,0,0,0,0,1,0,0,1,1,0,0,0
1.979376322216091,0,-1.6250160963378497,1.3335810620982798,-0.8916882501868245,-0.6605306743650393,1,-1.4216331605749593,0.3796721288811475,-0.05778754527941421,1.1532535902386967,-0.23116217421256222,0.23314287995693714,0.12286069757234411,1,1.036019304133083,3,1.1914379855160337,0.24198831185855807,0.09261965637887129,0.9316033855643254,0.33809616377248186,0.48850772848886465,0.7649976209279952,-0.6791456840737199,1.086895217551534,1.026510528058953,-0.5503713926003608,0,0.06686439193944148,-0.16250687279125836,0,1,1,0,0,0,0,0,1,0,1,0,0,0,0,0,0,1,0,0,0,1,0
-1.1961773664814839,0,-0.7598094178980086,0.2230329755142651,-0.8916882501868245,-1.5756862740979403,1,-0.2898832863333916,0.3796721288811475,-0.05778754527941421,-1.5679065665042957,-0.3743727854808573,1.1817941949334145,-0.6780493930322936,1,-0.6039107501479274,3,0.26623257679518353,0.24198831185855807,-0.8073390444129942,0.1557070814399298,0.33809616377248186,-0.32789331844000197,-0.33939373950819707,0.2521455058408027,-0.3148734873096303,-1.4455905142848562,0.473937047805638,1,-0.13325594293245352,-0.38030632452234525,1,0,1,0,0,0,1,0,0,0,0,0,0,0,0,0,0,1,0,1,0,0,0
0.008342998196906572,0,1.4118841360082974,-1.0109093429124179,0.08504925188071055,1.1697805251007627,0,-1.1756005792180968,0.3796721288811475,-0.9614863916702531,1.1532535902386967,-0.9323417249327014,0.22035365482169872,-0.6780493930322936,0,-0.8772324258614291,3,-0.6589728319256667,-0.9320143892374165,0.7354472998016324,0.1557070814399298,0.33809616377248186,1.6314691941892778,2.1454868214732357,0.8730062991171511,0.8065414765793012,1.026510528058953,-1.2240471407826057,0,-1.3484978842145692,-0.7578253741895623,0,1,1,0,1,0,0,0,0,0,0,0,0,0,1,0,0,0,1,0,1,0,0
0.7748559575377005,1,0.29132992782833134,1.827157989468953,0.08504925188071055,1.1697805251007627,1,-1.1263940629467242,0.3796721288811475,-0.9614863916702531,0.24620020465769926,-0.7100890552195906,0.7879984935165124,0.12286069757234411,1,1.855984331273588,4,1.1914379855160337,0.24198831185855807,0.9925783571707368,-2.171981830933257,-2.4938204216722384,-0.9810141559830953,-1.1676872598353414,-0.6791456840737199,-1.1559347102263289,0.5320903195901912,-1.1375664943852033,0,-0.7435311598579495,-0.4369341819724278,1,0,1,0,1,0,0,0,0,0,1,0,0,0,0,0,0,0,0,0,1,0,0
0.11784484953130571,0,-0.28382178964457166,1.7037637576262845,1.0617867539482457,1.1697805251007627,1,0.7926600716368035,0.3796721288811475,-0.05778754527941421,1.1532535902386967,-0.16104421914054828,0.6445061983178482,2.5255909693862573,0,-0.3305890744344257,3,-0.6589728319256667,0.24198831185855807,-0.16451140099023315,-0.6201892226844657,0.33809616377248186,-0.8177339465973219,-0.6154915796172451,-0.3687152874355457,-0.5952272282818631,1.026510528058953,-0.2963297077627729,0,0.1559262158583899,1.8333281030717916,0,1,1,0,1,0,0,0,0,0,0,0,0,0,0,0,0,0,0,0,1,0,0
-1.1961773664814839,1,1.6027750077557696,0.8400041347276065,1.0617867539482457,-1.5756862740979403,1,-1.0279810304039791,0.3796721288811475,-0.9614863916702531,-0.6608531809232983,-0.8775222327854906,-0.018706476552373622,-0.27759434772997477,1,-0.6039107501479274,3,1.1914379855160337,0.24198831185855807,-0.8073390444129942,-0.6201892226844657,0.33809616377248186,-0.6544537372115486,-0.6154915796172451,-0.6791456840737199,-0.5952272282818631,-0.4567500973473325,-0.5022426028157143,1,-1.1752128075737447,0.1859722499784804,0,1,1,0,0,0,1,0,0,0,1,0,0,0,0,0,0,0,0,1,0,0,0
-0.9771736638126857,0,0.7797130672342015,-0.14714972001373974,-0.8916882501868245,1.1697805251007627,0,0.005355811294843447,0.3796721288811475,-0.9614863916702531,1.1532535902386967,-0.6784297361113176,-1.3808292239230433,-0.6780493930322936,0,1.5826626555600865,4,1.1914379855160337,-0.9320143892374165,-0.8073390444129942,0.1557070814399298,0.33809616377248186,-0.32789331844000197,-0.33939373950819707,-0.6791456840737199,-0.5952272282818631,2.015350944996477,-0.11597557045414045,1,-0.674187485341449,-0.38030632452234525,0,1,1,0,1,0,0,0,0,0,0,0,0,0,1,0,0,0,1,1,0,0,0
1.3223652142096962,0,-0.41273510562987753,0.09963874367159682,1.0617867539482457,0.2546249253678617,0,-1.5200461931177043,0.3796721288811475,2.6533089938931025,-1.5679065665042957,2.584179961254663,1.5854277618389618,2.5255909693862573,1,-1.1505541015749308,3,1.1914379855160337,-0.9320143892374165,1.3782749432243935,0.9316033855643254,0.33809616377248186,-0.6544537372115486,-0.6154915796172451,-0.3687152874355457,-0.5952272282818631,0.037670111121429345,0.2682490098589513,0,1.9299054836402323,0.38293871067441987,1,0,1,0,1,0,0,0,0,0,0,0,0,1,0,0,0,0,1,0,0,1,0
-0.10115885313749257,0,-0.7350183955931421,-0.7641208792270812,0.08504925188071055,0.2546249253678617,1,-1.7660787744745667,0.3796721288811475,-0.05778754527941421,-0.6608531809232983,-0.42876732032460146,1.6825415483054427,0.523315742874663,0,-0.8772324258614291,3,1.1914379855160337,-0.9320143892374165,-0.16451140099023315,-0.6201892226844657,0.33809616377248186,0.16194730971731802,-1.1676872598353414,1.4938670923934996,0.8065414765793012,0.5320903195901912,-0.5560396654872036,0,-0.21682648590709835,0.2889319907968124,0,1,1,0,0,0,0,0,1,0,0,0,0,0,1,0,0,0,1,0,1,0,0
-0.6486681098094882,0,-0.8887227338833145,-0.5173324155417446,0.08504925188071055,1.1697805251007627,0,0.8910731041795485,0.3796721288811475,-0.9614863916702531,-0.6608531809232983,-0.7891311136644064,-1.4622024256076922,-0.6780493930322936,0,-1.1505541015749308,3,0.26623257679518353,0.24198831185855807,-1.193035630466651,1.707499689688721,-1.0778621289498782,-0.8177339465973219,-0.6154915796172451,-0.058284890797371494,-0.5952272282818631,0.037670111121429345,1.3938462075866969,1,-0.9320297104508444,0.1859722499784804,1,0,0,1,0,1,0,0,0,0,0,0,0,0,0,0,1,0,0,1,0,0,0
-1.1961773664814839,1,0.3657029947429309,-0.6407266473844129,1.0617867539482457,1.1697805251007627,1,-0.8803614815898617,-1.0261667362455194,-0.05778754527941421,1.1532535902386967,-0.14340849104667813,-0.824006037265739,-0.6780493930322936,1,-0.8772324258614291,3,-0.6589728319256667,-0.9320143892374165,-0.42164245835933756,-2.171981830933257,0.33809616377248186,0.16194730971731802,0.7649976209279952,1.4938670923934996,-0.0345197463373974,1.026510528058953,0.021093573900420208,0,0.1775212948952395,-0.5690658493559537,0,1,0,1,0,1,0,0,0,0,0,0,0,0,0,1,0,0,1,1,0,0,0
0.008342998196906572,0,0.21447775868324515,-0.02375548817107146,0.08504925188071055,-0.6605306743650393,1,-0.6343289002329991,0.3796721288811475,-0.9614863916702531,1.1532535902386967,-0.8875087294169591,-0.4078643270960575,-0.6780493930322936,1,-0.8772324258614291,3,0.26623257679518353,2.5899937140505074,-0.9359045730975464,0.1557070814399298,-1.0778621289498782,-0.4911735278257753,-0.6154915796172451,-0.3687152874355457,-0.5952272282818631,0.037670111121429345,-0.2819013767780823,0,-1.2053305287645169,-0.26705060962218,1,0,1,0,0,0,1,0,0,0,0,0,0,0,1,0,0,1,0,0,1,0,0
0.5558522548689022,0,-0.6135423862992962,2.0739464531542895,0.08504925188071055,0.2546249253678617,0,0.5466274902799411,0.3796721288811475,1.7496101475022634,-0.6608531809232983,1.4920396913451133,0.07742352336524276,0.9237707881769818,0,-0.3305890744344257,3,1.1914379855160337,0.24198831185855807,1.5068404719089457,-0.6201892226844657,1.754054456494842,2.1213098223465976,-0.063295899399149,0.5625759024789769,1.086895217551534,1.026510528058953,-0.2684140239010888,0,1.4449634689950637,-0.23873668089713876,1,0,0,1,0,1,0,0,0,0,0,0,0,0,0,1,0,1,0,0,1,0,0
-2.072192177156677,1,-1.4192506112074579,-0.7641208792270812,0.08504925188071055,0.2546249253678617,1,-0.5851223839616266,0.3796721288811475,-0.9614863916702531,0.24620020465769926,-1.0800143878873973,1.5346924841046643,-0.6780493930322936,0,-0.6039107501479274,3,0.26623257679518353,-0.9320143892374165,-1.4501666878357553,-0.6201892226844657,0.33809616377248186,-1.1442943653688686,-1.1676872598353414,-0.6791456840737199,-1.1559347102263289,0.5320903195901912,1.446406556173784,1,-1.9482921394754182,2.451086547981783,0,1,1,0,1,0,0,0,0,0,1,0,0,0,0,0,0,0,1,0,0,0,0
-0.2106607044718917,0,1.0648098237401664,0.8400041347276065,0.08504925188071055,0.2546249253678617,1,1.4815512994360187,0.3796721288811475,0.8459113011114247,-0.6608531809232983,0.32234471355288097,-1.2948181713651759,-1.0785044383346125,0,-0.057267398720923963,3,0.26623257679518353,1.4159910129545328,0.09261965637887129,0.1557070814399298,-1.0778621289498782,0.651787937874638,1.3171933011460915,1.1834366957553253,1.3672489585237668,-0.4567500973473325,-0.1029213662298965,0,0.6581789827931432,-0.9465848990231709,0,1,0,1,0,1,0,0,0,0,0,0,0,0,0,1,0,1,0,1,0,0,0
-0.10115885313749257,0,-0.5862722617639431,1.0867925984129432,1.0617867539482457,0.2546249253678617,1,0.743453555365431,1.7855109940078144,-0.9614863916702531,1.1532535902386967,-0.5981128057561017,-1.010644399678889,0.523315742874663,0,0.7626976284195812,3,1.1914379855160337,1.4159910129545328,-0.9359045730975464,-0.6201892226844657,0.33809616377248186,-0.9810141559830953,-1.1676872598353414,-0.6791456840737199,-1.1559347102263289,1.520930736527715,0.41993386612008166,0,-0.5113868915379434,1.7715522585807923,1,0,1,0,1,0,0,0,0,0,1,0,0,0,0,0,0,1,0,0,1,0,0
1.5413689168784945,0,1.238346979874232,-0.8875151110697495,0.08504925188071055,1.1697805251007627,1,0.8910731041795485,-2.432005601372186,-0.05778754527941421,-0.6608531809232983,-0.21692610454642605,0.28219166646460986,0.9237707881769818,0,0.7626976284195812,3,1.1914379855160337,0.24198831185855807,0.2211851850634235,0.1557070814399298,0.33809616377248186,-0.4911735278257753,-0.8915894197262932,-0.3687152874355457,-0.5952272282818631,1.026510528058953,-0.6112954165659363,0,0.0853778922175313,0.26686918919288416,0,1,1,0,0,0,1,0,0,0,0,0,1,0,0,0,0,0,0,0,0,1,0
0.4463504035345031,0,-1.1614239792368461,-0.8875151110697495,1.0617867539482457,1.1697805251007627,1,1.0878991692650386,0.3796721288811475,1.7496101475022634,-0.6608531809232983,2.0211115341612182,0.22246176885497976,-0.6780493930322936,0,1.036019304133083,3,-0.6589728319256667,-0.9320143892374165,1.3782749432243935,-0.6201892226844657,0.33809616377248186,2.4478702411181446,1.5932911412551394,-0.6791456840737199,-0.0345197463373974,0.037670111121429345,0.019969288369145702,0,1.6993744400961106,-0.7988600535012164,0,1,0,1,1,0,0,0,0,0,0,1,0,0,0,0,0,0,1,0,1,0,0
-2.072192177156677,0,0.02358688693577304,0.09963874367159682,0.08504925188071055,1.1697805251007627,0,0.15297536010896096,-1.0261667362455194,-0.9614863916702531,0.24620020465769926,-1.12675969126874,-0.6449568853724008,-0.6780493930322936,0,-0.8772324258614291,3,-1.584178240646517,-0.9320143892374165,-1.4501666878357553,-0.6201892226844657,0.33809616377248186,-1.1442943653688686,-1.1676872598353414,-0.6791456840737199,-1.1559347102263289,0.037670111121429345,0.9929447252263653,1,-2.201723556720665,2.451086547981783,0,1,0,1,0,0,1,0,0,0,0,0,0,0,0,0,1,0,1,0,0,0,0
-0.9771736638126857,0,1.6697107679789092,0.8400041347276065,-0.8916882501868245,-0.6605306743650393,1,0.10376884383758846,1.7855109940078144,-0.05778754527941421,-1.5679065665042957,-0.17889242588615184,-1.3336074695775475,-1.0785044383346125,0,1.036019304133083,3,0.26623257679518353,-0.9320143892374165,-0.2930769296747854,-0.6201892226844657,0.33809616377248186,0.16194730971731802,-0.33939373950819707,-0.6791456840737199,0.8065414765793012,-0.9511703058160944,-0.18399484509625327,0,0.133750942460811,-0.9465848990231709,0,1,1,0,0,0,1,0,0,0,0,0,0,0,0,0,0,0,1,1,0,0,0
-0.6486681098094882,0,-1.4489998379732976,-0.270543951856408,0.08504925188071055,-0.6605306743650393,1,1.6783773645215088,1.7855109940078144,-0.05778754527941421,1.1532535902386967,0.0905305045117683,-0.29121535058783876,0.523315742874663,0,-1.1505541015749308,3,-0.6589728319256667,0.24198831185855807,-0.16451140099023315,0.1557070814399298,-1.0778621289498782,0.16194730971731802,0.7649976209279952,1.4938670923934996,0.8065414765793012,-0.4567500973473325,-0.05228479510743487,0,0.438038118739752,0.2889319907968124,0,1,0,1,0,0,0,0,1,0,0,0,0,0,0,1,0,1,0,1,0,0,0
0.22734670086570485,0,0.8168996006915014,-1.0109093429124179,0.08504925188071055,0.2546249253678617,1,-0.8803614815898617,1.7855109940078144,0.8459113011114247,1.1532535902386967,0.6608232057641482,-0.4737780258699787,-1.0785044383346125,0,0.4893759527060795,3,-1.584178240646517,2.5899937140505074,0.9925783571707368,1.707499689688721,-1.0778621289498782,1.794749403575051,1.5932911412551394,0.2521455058408027,0.8065414765793012,-0.4567500973473325,-0.4376297160902879,0,0.9309451514042653,-0.9465848990231709,0,1,1,0,0,0,1,0,0,0,0,0,0,0,0,0,0,0,0,0,1,0,0
-0.10115885313749257,0,0.7499638404683617,1.827157989468953,1.0617867539482457,-0.6605306743650393,0,-0.9295679978612341,0.3796721288811475,-0.05778754527941421,-0.6608531809232983,-0.17613020341361796,-1.0380498821115427,1.7246808787816195,0,-0.057267398720923963,3,0.26623257679518353,0.24198831185855807,-0.03594587230568093,0.1557070814399298,0.33809616377248186,0.32522751910309133,1.0410954610370433,-0.6791456840737199,1.086895217551534,-0.4567500973473325,-0.417284092835731,0,0.13720426569532299,1.035390111729719,0,0,1,0,1,0,0,0,0,0,1,0,0,0,0,0,0,1,0,0,1,0,0
-0.5391662584750891,0,0.2566224966015182,-0.270543951856408,0.08504925188071055,1.1697805251007627,1,1.235518718079156,-1.0261667362455194,-0.05778754527941421,0.24620020465769926,-0.2165011472429593,0.3755108476711848,-0.6780493930322936,0,-0.3305890744344257,3,0.26623257679518353,0.24198831185855807,0.2211851850634235,0.1557070814399298,-1.0778621289498782,0.9783483566461847,1.0410954610370433,0.5625759024789769,1.086895217551534,0.5320903195901912,-0.6109783103904486,0,0.08592704978336063,-0.7038940813799599,0,1,0,1,1,0,0,0,0,0,0,0,0,0,0,1,0,1,0,1,0,0,0
0.11784484953130571,0,0.11531366946377912,1.950552221311621,-0.8916882501868245,-1.5756862740979403,0,0.743453555365431,-1.0261667362455194,0.8459113011114247,-0.6608531809232983,1.1809709452074515,1.7418498231084165,0.12286069757234411,0,0.4893759527060795,3,0.26623257679518353,0.24198831185855807,0.9925783571707368,-0.6201892226844657,0.33809616377248186,0.48850772848886465,1.0410954610370433,-0.6791456840737199,-0.8755809692540959,-0.9511703058160944,-0.17206163901868962,0,1.2724875268512563,-0.4369341819724278,0,1,1,0,1,0,0,0,0,0,0,0,0,1,0,0,0,1,0,0,1,0,0
2.3078818762192883,0,-1.0225942543295936,-1.0109093429124179,1.0617867539482457,1.1697805251007627,1,-1.6676657419318217,-2.432005601372186,-0.05778754527941421,0.24620020465769926,-0.17910490453788522,0.3854892540953818,-0.27759434772997477,1,-0.6039107501479274,3,1.1914379855160337,0.24198831185855807,0.09261965637887129,-0.6201892226844657,0.33809616377248186,-0.32789331844000197,-0.33939373950819707,-0.3687152874355457,-0.5952272282818631,1.520930736527715,-0.5082887605616799,0,0.13348497382660215,-0.4238662148685625,0,0,1,0,1,0,0,0,0,0,0,0,0,0,0,0,0,0,0,0,0,0,1
-0.6486681098094882,0,-0.2763844829531117,-0.5173324155417446,1.0617867539482457,0.2546249253678617,1,0.9894861367222936,0.3796721288811475,-0.9614863916702531,1.1532535902386967,-0.3573744933421873,-0.5953459351225199,-1.0785044383346125,1,-0.8772324258614291,3,0.26623257679518353,0.24198831185855807,-0.678773515728442,0.9316033855643254,0.33809616377248186,-0.32789331844000197,-0.6154915796172451,-0.6791456840737199,-0.3148734873096303,1.026510528058953,0.1756828344506766,1,-0.10806371404414879,-0.9465848990231709,0,1,1,0,0,0,0,0,1,0,0,0,0,0,1,0,0,1,0,1,0,0,0
-0.6486681098094882,0,-1.7266592877878024,-0.8875151110697495,0.08504925188071055,-1.5756862740979403,1,-0.19147025379064658,-1.0261667362455194,-0.05778754527941421,-1.5679065665042957,-0.01974591573785358,0.493143610728268,0.12286069757234411,0,-0.8772324258614291,3,1.1914379855160337,-0.9320143892374165,-0.2930769296747854,-1.3960855268088614,0.33809616377248186,-0.8177339465973219,-0.6154915796172451,-0.3687152874355457,-1.1559347102263289,-0.9511703058160944,-0.01245802116715406,0,0.32082435901556305,0.07271653507831528,0,1,0,0,0,0,0,0,0,1,0,0,0,0,0,0,0,1,0,1,0,0,0
0.8843578088720997,0,1.1069545616584395,-0.270543951856408,0.08504925188071055,-1.5756862740979403,1,1.5307578157073911,0.3796721288811475,0.8459113011114247,-1.5679065665042957,-0.2747202978179042,0.8425283765107159,-0.6780493930322936,0,0.7626976284195812,3,-1.584178240646517,0.24198831185855807,1.6354060005934978,-0.6201892226844657,0.33809616377248186,2.774430659889691,1.3171933011460915,2.114727885669848,1.9279564404682326,-2.43443093122238,-1.0330334172072724,0,0.0087619970089236,-0.8106780411429727,1,0,1,0,1,0,0,0,0,0,1,0,0,0,0,0,0,0,0,0,1,0,0
-0.6486681098094882,0,-1.5134564959659504,-0.8875151110697495,1.0617867539482457,0.2546249253678617,1,-1.6676657419318217,0.3796721288811475,-0.9614863916702531,1.1532535902386967,-0.8091041069273436,-0.9228063149588447,-1.0785044383346125,1,0.7626976284195812,3,-0.6589728319256667,0.24198831185855807,-1.0644701017820986,-0.6201892226844657,-2.4938204216722384,-0.8177339465973219,-0.6154915796172451,-0.058284890797371494,-0.5952272282818631,-0.4567500973473325,0.3711523661242231,1,-0.9836461635536441,-0.9465848990231709,0,1,1,0,1,0,0,0,0,0,0,0,0,0,1,0,0,0,0,1,0,0,0
-0.42966440714069,0,-0.6185005907602695,-0.5173324155417446,1.0617867539482457,1.1697805251007627,0,0.3990079414658235,0.3796721288811475,0.8459113011114247,-0.6608531809232983,1.1420873519402437,1.272021475557844,1.3242258334793007,0,-1.1505541015749308,3,-0.6589728319256667,1.4159910129545328,0.09261965637887129,-0.6201892226844657,0.33809616377248186,0.48850772848886465,0.48889978081894714,1.8042974890316739,1.086895217551534,0.037670111121429345,0.5597512639955359,0,1.2494694647586926,0.6215711534406541,1,0,1,0,1,0,0,0,0,0,0,1,0,0,0,0,0,1,0,1,0,0,0
0.22734670086570485,0,-1.6993891632524494,0.09963874367159682,-1.8684257522543597,0.2546249253678617,1,1.6291708482501361,0.3796721288811475,1.7496101475022634,-1.5679065665042957,2.2448515544364627,-1.258980232799398,-0.6780493930322936,1,-0.3305890744344257,3,1.1914379855160337,-0.9320143892374165,1.2497094145398413,0.1557070814399298,0.33809616377248186,2.284590031732371,1.3171933011460915,2.7355886789461965,1.6476026994959998,0.037670111121429345,0.1947733812297401,0,1.7952450350466906,-0.7921452877956728,0,1,1,0,0,0,1,0,0,0,0,1,0,0,0,0,0,1,0,0,1,0,0
0.6653541062033014,0,-1.5308102115793571,0.09963874367159682,1.0617867539482457,0.2546249253678617,0,-1.6184592256604493,0.3796721288811475,-0.9614863916702531,1.1532535902386967,-0.8600989833433538,-0.5113024556623815,-1.0785044383346125,0,1.036019304133083,3,-1.584178240646517,-0.9320143892374165,-0.2930769296747854,1.707499689688721,0.33809616377248186,0.16194730971731802,0.7649976209279952,-0.3687152874355457,0.8065414765793012,0.037670111121429345,-0.9182365774282858,0,-1.1240677622086694,-0.9465848990231709,1,0,1,0,1,0,0,0,0,0,1,0,0,0,0,0,0,0,1,0,1,0,0
1.3223652142096962,0,0.7152564092415487,-1.0109093429124179,-0.8916882501868245,0.2546249253678617,0,1.1863122018077836,-1.0261667362455194,1.7496101475022634,0.24620020465769926,1.585317819456065,0.49145711950164317,1.7246808787816195,1,-0.8772324258614291,3,1.1914379855160337,-0.9320143892374165,1.76397152927805,-0.6201892226844657,0.33809616377248186,-0.0013328996684553085,-0.8915894197262932,-0.6791456840737199,0.8065414765793012,1.026510528058953,-0.3291850786050542,0,1.4930537944817652,-0.03182720175260638,0,1,1,0,0,0,0,0,1,0,0,0,0,0,0,0,0,0,1,0,0,1,0
1.6508707682128936,1,-0.19705321157753888,-0.14714972001373974,1.0617867539482457,0.2546249253678617,1,0.9402796204509211,-1.0261667362455194,-0.05778754527941421,-0.6608531809232983,-0.3318770551341822,0.4826030405618627,-0.27759434772997477,0,-0.057267398720923963,3,-1.584178240646517,-0.9320143892374165,-0.03594587230568093,0.1557070814399298,-1.0778621289498782,0.16194730971731802,-0.6154915796172451,1.4938670923934996,0.8065414765793012,-1.4455905142848562,-0.5546343085731104,0,-0.07104856251957532,-0.38030632452234525,0,1,1,0,0,0,1,0,0,0,0,0,0,0,1,0,0,1,0,0,0,1,0
-1.0866755151470848,0,1.0350605969743265,-0.5173324155417446,0.08504925188071055,0.2546249253678617,0,0.9402796204509211,0.3796721288811475,-0.9614863916702531,-0.6608531809232983,-0.8552119743534861,0.9310691659085204,-0.6780493930322936,1,-0.8772324258614291,3,-0.6589728319256667,-0.9320143892374165,-0.9359045730975464,-0.6201892226844657,-1.0778621289498782,-0.4911735278257753,-0.33939373950819707,-0.3687152874355457,-0.5952272282818631,-0.9511703058160944,-0.20357615143261906,1,-1.1100287975753589,-0.26705060962218,0,1,1,0,1,0,0,0,0,0,0,0,0,0,1,0,0,0,1,1,0,0,0
-0.5391662584750891,0,-0.5317320126932368,-0.14714972001373974,-0.8916882501868245,0.2546249253678617,0,-0.043850704976529056,-1.0261667362455194,-0.05778754527941421,-0.6608531809232983,-0.27089568208670345,1.449103054353453,-0.6780493930322936,1,-1.1505541015749308,3,1.1914379855160337,-0.9320143892374165,0.2211851850634235,-0.6201892226844657,0.33809616377248186,0.9783483566461847,2.1454868214732357,2.7355886789461965,1.3672489585237668,0.5320903195901912,-0.651567900852875,0,0.013954429460166153,-0.7038940813799599,0,1,0,1,0,0,0,0,1,0,0,0,0,0,0,1,0,1,0,1,0,0,0
-1.0866755151470848,0,1.4242796471607309,-0.8875151110697495,0.08504925188071055,1.1697805251007627,1,0.3990079414658235,0.3796721288811475,-0.05778754527941421,0.24620020465769926,-0.4302546708867351,-1.2748613585167818,-0.6780493930322936,1,-1.1505541015749308,3,-1.584178240646517,-0.9320143892374165,-0.8073390444129942,0.1557070814399298,0.33809616377248186,-0.32789331844000197,-0.063295899399149,-0.6791456840737199,-0.0345197463373974,0.037670111121429345,0.3655184464063915,1,-0.21917806691632077,-0.38030632452234525,0,1,0,1,1,0,0,0,0,0,0,0,0,0,0,1,0,0,1,1,0,0,0
-0.6486681098094882,0,-0.2763844829531117,-0.270543951856408,0.08504925188071055,1.1697805251007627,1,0.349801425194451,0.3796721288811475,-0.05778754527941421,1.1532535902386967,0.22184231128299436,-1.0076930400322954,0.523315742874663,0,-0.8772324258614291,3,1.1914379855160337,2.5899937140505074,0.2211851850634235,0.1557070814399298,0.33809616377248186,-0.0013328996684553085,0.7649976209279952,-0.3687152874355457,0.8065414765793012,2.015350944996477,-0.28388329037488047,0,0.5666612751618263,0.024178371549673068,0,1,0,1,0,1,0,0,0,0,0,0,0,0,0,1,0,0,0,1,0,0,0
-0.5391662584750891,0,0.5342819464160231,-0.8875151110697495,1.0617867539482457,-1.5756862740979403,0,0.3990079414658235,1.7855109940078144,-0.05778754527941421,1.1532535902386967,-0.3076544888365774,-0.5278862860575259,1.7246808787816195,0,0.21605427699257776,3,0.26623257679518353,-0.9320143892374165,-0.16451140099023315,-2.171981830933257,-1.0778621289498782,-0.0013328996684553085,0.7649976209279952,-0.6791456840737199,0.8065414765793012,-0.4567500973473325,-0.4385518274690088,0,-0.03670758557017131,1.2155696581617998,0,1,1,0,0,0,1,0,0,0,0,0,0,0,1,0,0,0,1,1,0,0,0
-0.9771736638126857,1,0.8788771564536676,-0.8875151110697495,1.0617867539482457,-1.5756862740979403,1,0.8910731041795485,-2.432005601372186,-0.9614863916702531,1.1532535902386967,-0.6457080237443779,1.4649841800708372,0.9237707881769818,1,-0.6039107501479274,3,1.1914379855160337,-0.9320143892374165,-0.8073390444129942,0.9316033855643254,-1.0778621289498782,-0.6544537372115486,-0.6154915796172451,-0.058284890797371494,-0.5952272282818631,0.037670111121429345,-0.052490914121501926,1,-0.6057229638651173,1.8848079734809575,0,1,1,0,0,0,1,0,0,0,0,0,0,0,1,0,0,1,0,1,0,0,0
-0.7581699611438873,0,1.1714112196510924,2.320734916839626,-0.8916882501868245,1.1697805251007627,0,-0.09305722124790157,0.3796721288811475,-0.05778754527941421,1.1532535902386967,-0.15466985958854704,-0.3343614178023245,-0.6780493930322936,0,-0.6039107501479274,3,1.1914379855160337,1.4159910129545328,-0.03594587230568093,-0.6201892226844657,0.33809616377248186,0.48850772848886465,1.0410954610370433,-0.3687152874355457,1.3672489585237668,2.015350944996477,-0.3983586197259421,0,0.1637674598862527,-0.6634456117727581,0,1,1,0,0,0,1,0,0,0,0,0,0,0,1,0,0,1,0,1,0,0,0
-0.6486681098094882,0,-0.011120544291040072,-0.270543951856408,-0.8916882501868245,0.2546249253678617,0,-0.8803614815898617,-1.0261667362455194,0.8459113011114247,0.24620020465769926,0.5184625091027866,-0.03922545314297595,-0.6780493930322936,0,2.4026276827005915,4,-1.584178240646517,0.24198831185855807,-0.16451140099023315,-0.6201892226844657,0.33809616377248186,0.48850772848886465,1.3171933011460915,1.8042974890316739,1.3672489585237668,-0.4567500973473325,0.36283889922352025,0,0.8221788177824604,-0.637705676568175,1,0,1,0,1,0,0,0,0,0,0,0,1,0,0,0,0,1,0,1,0,0,0
0.22734670086570485,0,-0.3234874253323581,-0.270543951856408,-0.8916882501868245,0.2546249253678617,1,-0.5851223839616266,-1.0261667362455194,2.6533089938931025,1.1532535902386967,2.7131545028568222,0.9595989758255908,-0.6780493930322936,0,-0.057267398720923963,3,-1.584178240646517,0.24198831185855807,1.2497094145398413,-0.6201892226844657,0.33809616377248186,2.284590031732371,1.3171933011460915,3.3564494722225446,-0.3148734873096303,0.037670111121429345,0.41110019408863835,0,1.978086724850002,-0.7921452877956728,1,0,1,0,0,0,1,0,0,0,0,1,0,0,0,0,0,1,0,0,1,0,0
0.22734670086570485,1,0.8912726676061008,-0.7641208792270812,-0.8916882501868245,1.1697805251007627,0,-1.2248070954894692,0.3796721288811475,-0.05778754527941421,0.24620020465769926,-0.26877089556936967,0.4869598095639769,0.523315742874663,1,0.7626976284195812,3,-1.584178240646517,-0.9320143892374165,0.09261965637887129,0.1557070814399298,-1.0778621289498782,-0.9810141559830953,-1.1676872598353414,-0.6791456840737199,-1.1559347102263289,-0.4567500973473325,-0.5807739471752447,0,0.01683139469649425,0.0988524692860458,0,1,0,1,0,0,1,0,0,0,0,0,0,0,0,1,0,1,0,0,1,0,0
-0.42966440714069,0,-0.7300601911321688,0.09963874367159682,0.08504925188071055,-0.6605306743650393,1,-0.9787745141326066,-1.0261667362455194,-0.05778754527941421,1.1532535902386967,-0.3869090259331265,-1.4048617239024472,0.12286069757234411,0,-0.3305890744344257,3,0.26623257679518353,-0.9320143892374165,-0.2930769296747854,2.4833959938131165,-1.0778621289498782,-0.0013328996684553085,0.7649976209279952,-0.6791456840737199,-0.8755809692540959,0.037670111121429345,-0.4082065281758104,1,-0.15210908361729497,0.07271653507831528,1,0,0,1,0,1,0,0,0,0,0,0,0,0,0,1,0,0,1,1,0,0,0
1.103361511540898,0,1.6845853813618292,-0.5173324155417446,2.038524256015781,1.1697805251007627,1,-1.1756005792180968,0.3796721288811475,2.6533089938931025,0.24620020465769926,2.5066252533719813,0.2897808769844217,0.523315742874663,0,-1.1505541015749308,3,-0.6589728319256667,0.24198831185855807,1.2497094145398413,-0.6201892226844657,0.33809616377248186,-0.6544537372115486,-0.6154915796172451,-0.3687152874355457,-0.8755809692540959,0.5320903195901912,0.3156965361490517,0,1.9001729799492548,-0.32882645411317923,0,1,1,0,1,0,0,0,0,0,0,0,0,1,0,0,0,1,0,0,0,1,0
0.6653541062033014,0,-0.6036259773773496,0.09963874367159682,1.0617867539482457,0.2546249253678617,0,0.7926600716368035,-1.0261667362455194,-0.05778754527941421,0.24620020465769926,-0.2647338011864355,-1.1364285369979923,-0.6780493930322936,0,-1.1505541015749308,3,-0.6589728319256667,0.24198831185855807,-0.2930769296747854,0.1557070814399298,1.754054456494842,0.32522751910309133,0.7649976209279952,-0.6791456840737199,-1.1559347102263289,0.5320903195901912,-0.276519380299666,0,0.022282528531894198,-0.6068177543226755,1,0,1,0,1,0,0,0,0,0,1,0,0,0,0,0,0,0,0,0,1,0,0
-1.0866755151470848,0,-1.4688326558171907,-1.0109093429124179,-1.8684257522543597,0.2546249253678617,1,0.349801425194451,0.3796721288811475,-0.05778754527941421,-0.6608531809232983,-0.032707113493589485,1.095361519568891,-1.0785044383346125,1,-0.6039107501479274,3,1.1914379855160337,0.24198831185855807,-0.678773515728442,-2.171981830933257,0.33809616377248186,-0.32789331844000197,-0.063295899399149,-0.3687152874355457,-0.0345197463373974,0.5320903195901912,0.7005992569413251,0,0.30642869443768816,-0.9465848990231709,0,0,0,1,0,1,0,0,0,0,0,0,0,0,0,1,0,1,0,1,0,0,0
1.869874470881692,0,0.3111627456722245,1.3335810620982798,1.0617867539482457,1.1697805251007627,0,-1.7168722582031943,0.3796721288811475,-0.05778754527941421,0.24620020465769926,-0.3471755180589852,0.3614567541159777,0.12286069757234411,0,-0.8772324258614291,3,1.1914379855160337,-0.9320143892374165,1.121143885855289,0.9316033855643254,-1.0778621289498782,-0.4911735278257753,-0.33939373950819707,-0.6791456840737199,-0.3148734873096303,1.026510528058953,-0.9786867038316046,0,-0.09314826870223598,-0.46120326373674886,1,0,1,0,1,0,0,0,0,0,0,0,0,0,1,0,0,0,1,0,0,1,0
0.6653541062033014,0,0.49213720849775006,-0.270543951856408,0.08504925188071055,0.2546249253678617,0,-1.1263940629467242,0.3796721288811475,0.8459113011114247,-1.5679065665042957,0.7398652642089639,-0.7098867975974575,2.1251359240839385,0,0.21605427699257776,3,-1.584178240646517,0.24198831185855807,-0.16451140099023315,-1.3960855268088614,-1.0778621289498782,-0.9810141559830953,-1.1676872598353414,-0.6791456840737199,-1.1559347102263289,-1.940010722753618,0.5776149118813432,0,0.9881059865788928,1.5244488806167957,0,1,1,0,1,0,0,0,0,0,0,0,0,0,0,0,0,1,0,0,1,0,0
0.8843578088720997,0,-0.6284169996822161,-0.14714972001373974,1.0617867539482457,1.1697805251007627,1,0.448214457737196,0.3796721288811475,-0.05778754527941421,1.1532535902386967,-0.5962004978905013,-0.7076381426286243,2.5255909693862573,0,-0.3305890744344257,3,-1.584178240646517,1.4159910129545328,0.09261965637887129,0.1557070814399298,0.33809616377248186,0.48850772848886465,1.3171933011460915,2.114727885669848,1.086895217551534,0.5320903195901912,-0.8454651144062948,0,-0.5077173869317949,1.4056491796725663,0,1,1,0,0,0,0,1,0,0,0,0,0,0,1,0,0,1,0,0,1,0,0
0.33684855220010396,0,0.7970667828476081,-1.0109093429124179,-0.8916882501868245,-0.6605306743650393,1,-0.4375028351475091,-2.432005601372186,-0.05778754527941421,1.1532535902386967,0.20271923262699057,-0.14617710509810178,-0.27759434772997477,1,1.855984331273588,4,0.26623257679518353,2.5899937140505074,-0.678773515728442,-0.6201892226844657,-1.0778621289498782,-0.4911735278257753,-0.33939373950819707,-0.6791456840737199,-0.5952272282818631,0.037670111121429345,1.0812323695850672,0,0.5485996895010381,0.024178371549673068,0,1,0,1,0,0,1,0,0,0,0,0,0,0,0,1,0,1,0,0,1,0,0
-0.8676718124782865,1,-1.2010896149246324,-0.14714972001373974,1.0617867539482457,-0.6605306743650393,1,0.5466274902799411,-2.432005601372186,-0.9614863916702531,-1.5679065665042957,-0.9314918103257679,-1.342742630388432,-0.6780493930322936,1,-1.1505541015749308,3,1.1914379855160337,-0.9320143892374165,-0.5502079870438897,0.9316033855643254,-1.0778621289498782,-0.0013328996684553085,0.7649976209279952,-0.6791456840737199,0.8065414765793012,-0.9511703058160944,-0.8565317424234639,1,-1.3456532627730433,-0.5218759681475515,0,1,1,0,0,0,0,1,0,0,1,0,0,0,0,0,0,1,0,1,0,0,0
-0.8676718124782865,0,-0.15986667812023914,-0.02375548817107146,2.038524256015781,-0.6605306743650393,1,-1.7660787744745667,-1.0261667362455194,-0.9614863916702531,1.1532535902386967,-0.5354316034947559,-0.9405144728384056,-1.0785044383346125,0,0.4893759527060795,3,0.26623257679518353,-0.9320143892374165,-0.9359045730975464,-0.6201892226844657,0.33809616377248186,-0.6544537372115486,-0.6154915796172451,-0.058284890797371494,-0.5952272282818631,0.5320903195901912,0.5719466389945005,1,-0.39553597439353105,-0.9465848990231709,0,1,1,0,0,0,0,1,0,0,1,0,0,0,0,0,0,0,1,1,0,0,0
-0.7581699611438873,0,-0.5763558528419964,-0.5173324155417446,0.08504925188071055,1.1697805251007627,0,-1.7660787744745667,-1.0261667362455194,-0.05778754527941421,0.24620020465769926,-0.08178968204399924,-1.2482991216974406,-0.6780493930322936,0,-0.6039107501479274,3,0.26623257679518353,2.5899937140505074,-0.16451140099023315,-0.6201892226844657,0.33809616377248186,0.48850772848886465,1.3171933011460915,-0.3687152874355457,-0.5952272282818631,1.026510528058953,-0.2194473155157788,0,0.2506311687287596,-0.637705676568175,0,1,0,1,0,1,0,0,0,0,0,0,0,0,0,1,0,0,0,1,0,0,0
-1.0866755151470848,0,0.811941396230528,-0.14714972001373974,1.0617867539482457,-0.6605306743650393,0,-0.4867093514188816,0.3796721288811475,-0.05778754527941421,-0.6608531809232983,-0.061391731477595184,-1.5316296477704152,-0.6780493930322936,0,0.7626976284195812,3,-1.584178240646517,0.24198831185855807,-0.42164245835933756,0.1557070814399298,0.33809616377248186,0.16194730971731802,0.7649976209279952,-0.6791456840737199,0.8065414765793012,-1.4455905142848562,0.12054599818775182,0,0.27407138975098844,-0.5690658493559537,0,1,0,1,0,1,0,0,0,0,0,0,0,0,0,1,0,1,0,1,0,0,0
0.008342998196906572,0,0.9656457345207003,-0.5173324155417446,-0.8916882501868245,1.1697805251007627,1,-0.2406767700620191,0.3796721288811475,-0.05778754527941421,1.1532535902386967,-0.03313207079705624,1.2457403206096067,1.7246808787816195,0,0.21605427699257776,3,0.26623257679518353,1.4159910129545328,-0.42164245835933756,-0.6201892226844657,-1.0778621289498782,-0.16461310905422863,-0.6154915796172451,-0.6791456840737199,-0.0345197463373974,1.026510528058953,0.154813284276392,0,0.3059543669447819,1.6960484486473488,0,1,1,0,0,0,1,0,0,0,0,0,1,0,0,0,0,0,0,0,1,0,0
0.11784484953130571,0,-1.1391120591624662,0.7166099028849382,-0.8916882501868245,0.2546249253678617,1,1.2847252343505287,-1.0261667362455194,0.8459113011114247,1.1532535902386967,1.0638952081023616,0.19238600864683664,-1.0785044383346125,1,-0.3305890744344257,3,-0.6589728319256667,0.24198831185855807,0.09261965637887129,0.1557070814399298,0.33809616377248186,0.651787937874638,1.5932911412551394,-0.058284890797371494,1.3672489585237668,0.5320903195901912,0.49654143301498643,0,1.2020882937321629,-0.9465848990231709,0,1,1,0,1,0,0,0,0,0,0,0,0,1,0,0,0,0,0,0,1,0,0
-0.6486681098094882,0,1.0648098237401664,-0.270543951856408,1.0617867539482457,0.2546249253678617,0,-1.3232201280322142,0.3796721288811475,0.8459113011114247,1.1532535902386967,0.13600093598271068,1.6021521331696582,-0.6780493930322936,1,-0.3305890744344257,3,0.26623257679518353,-0.9320143892374165,-0.03594587230568093,-0.6201892226844657,-1.0778621289498782,0.651787937874638,1.3171933011460915,0.5625759024789769,1.6476026994959998,0.5320903195901912,-0.14202151859533516,0,0.4838319144244303,-0.6634456117727581,0,1,1,0,0,0,1,0,0,0,0,0,1,0,0,0,0,0,1,1,0,0,0
-0.8676718124782865,0,-1.6324534030293096,0.09963874367159682,-1.8684257522543597,1.1697805251007627,0,-1.3232201280322142,-1.0261667362455194,-0.05778754527941421,-0.6608531809232983,0.3750394191827581,-0.3439182014198653,-0.6780493930322936,1,-0.3305890744344257,3,-1.584178240646517,1.4159910129545328,-0.5502079870438897,-0.6201892226844657,0.33809616377248186,-0.0013328996684553085,0.7649976209279952,-0.3687152874355457,0.8065414765793012,-0.4567500973473325,0.9540765682880151,0,0.7040282814329445,-0.5218759681475515,0,1,0,1,0,1,0,0,0,0,0,0,0,0,0,1,0,0,0,1,0,0,0
-0.2106607044718917,0,1.223472366491312,-0.5173324155417446,1.0617867539482457,0.2546249253678617,1,-0.19147025379064658,0.3796721288811475,0.8459113011114247,-0.6608531809232983,0.33828061243288415,0.5552627042422833,-1.0785044383346125,0,-0.6039107501479274,3,1.1914379855160337,-0.9320143892374165,0.7354472998016324,1.707499689688721,0.33809616377248186,1.4681889848035046,0.48889978081894714,-0.6791456840737199,2.488663922412698,0.5320903195901912,-0.49899319718218743,0,0.6721925693901788,-0.9465848990231709,0,1,1,0,0,0,0,0,1,0,0,0,1,0,0,0,0,0,1,1,0,0,0
-1.5246829204846812,0,1.2557006954876386,2.0739464531542895,-1.8684257522543597,0.2546249253678617,1,0.841866587908176,0.3796721288811475,-0.9614863916702531,1.1532535902386967,-0.7646960687150681,0.25000779222318564,-0.6780493930322936,0,-0.8772324258614291,3,0.26623257679518353,1.4159910129545328,-0.9359045730975464,-0.6201892226844657,-1.0778621289498782,-0.4911735278257753,-0.6154915796172451,-0.6791456840737199,-0.5952272282818631,0.5320903195901912,0.015940598548744994,1,-0.8711978707657505,-0.26705060962218,0,1,1,0,1,0,0,0,0,0,0,0,0,0,1,0,0,0,0,0,0,0,0
0.4463504035345031,0,-0.7920377468943351,-0.3939381836990763,0.08504925188071055,1.1697805251007627,1,1.432344783164646,-1.0261667362455194,-0.05778754527941421,-0.6608531809232983,-0.10006284609306952,-0.5907080842493015,1.3242258334793007,1,-0.057267398720923963,3,1.1914379855160337,-0.9320143892374165,-0.42164245835933756,0.1557070814399298,0.33809616377248186,-0.32789331844000197,-0.063295899399149,-0.3687152874355457,-0.5952272282818631,1.026510528058953,0.07365392248750738,0,0.22931816609148423,1.3185293989801317,0,1,1,0,0,0,1,0,0,0,0,0,1,0,0,0,0,0,1,0,1,0,0
1.103361511540898,0,1.2557006954876386,-0.6407266473844129,-1.8684257522543597,-0.6605306743650393,1,1.6291708482501361,0.3796721288811475,-0.05778754527941421,0.24620020465769926,-0.749397605790265,1.6074926887206369,0.12286069757234411,0,1.036019304133083,3,-1.584178240646517,-0.9320143892374165,-0.8073390444129942,0.1557070814399298,0.33809616377248186,-1.1442943653688686,-1.1676872598353414,-0.6791456840737199,-1.1559347102263289,-0.9511703058160944,-0.25366307185090203,0,-0.8343262617563759,0.7522508244793061,1,0,0,1,0,0,1,0,0,0,0,0,0,0,0,0,1,0,1,0,0,1,0
0.5558522548689022,0,0.01862868247479974,1.7037637576262845,2.038524256015781,-1.5756862740979403,0,-1.0771875466753518,0.3796721288811475,1.7496101475022634,1.1532535902386967,2.0162245251713506,0.22316447353274013,-0.27759434772997477,0,-0.3305890744344257,3,-0.6589728319256667,-0.9320143892374165,0.6068817711170802,-0.6201892226844657,0.33809616377248186,-0.9810141559830953,-1.1676872598353414,-0.6791456840737199,-1.1559347102263289,-0.4567500973473325,0.5796761020220133,0,1.6972107345747727,-0.5468588464343528,0,1,1,0,1,0,0,0,0,0,0,0,0,1,0,0,0,0,1,0,1,0,0
-0.8676718124782865,0,-0.14003386027634593,-0.8875151110697495,0.08504925188071055,1.1697805251007627,1,-0.2406767700620191,0.3796721288811475,-0.05778754527941421,0.24620020465769926,-0.39392082144032786,0.3675000143447168,-0.6780493930322936,0,-0.3305890744344257,3,-1.584178240646517,0.24198831185855807,-0.9359045730975464,0.1557070814399298,-1.0778621289498782,-0.4911735278257753,-0.33939373950819707,-0.6791456840737199,-0.5952272282818631,-0.4567500973473325,0.9151347974160696,1,-0.1627579351842112,-0.26705060962218,0,0,0,1,1,0,0,0,0,0,0,0,0,0,0,1,0,1,0,1,0,0,0
0.5558522548689022,0,-0.6408125108346494,-0.8875151110697495,-1.8684257522543597,0.2546249253678617,1,-0.6835354165043717,0.3796721288811475,-0.9614863916702531,0.24620020465769926,-0.8088916282756102,1.3637947064733462,-1.0785044383346125,1,-1.1505541015749308,3,0.26623257679518353,0.24198831185855807,-0.9359045730975464,1.707499689688721,0.33809616377248186,-0.6544537372115486,-0.6154915796172451,-0.3687152874355457,-1.1559347102263289,0.5320903195901912,-0.09124128876609944,0,-0.9830876343504185,-0.9465848990231709,0,1,0,0,0,0,0,0,1,1,0,0,0,0,0,0,0,0,0,0,1,0,0
-0.5391662584750891,0,0.6433624445574357,-0.8875151110697495,0.08504925188071055,0.2546249253678617,0,0.448214457737196,0.3796721288811475,-0.9614863916702531,-0.6608531809232983,-0.8781596687406906,-1.4555970016367448,-0.6780493930322936,0,-0.6039107501479274,3,0.26623257679518353,0.24198831185855807,-0.42164245835933756,0.9316033855643254,0.33809616377248186,0.16194730971731802,-1.1676872598353414,-0.6791456840737199,0.8065414765793012,0.037670111121429345,-0.8698558644042241,1,-1.1771173182009382,-0.5690658493559537,0,1,1,0,0,0,1,0,0,0,1,0,0,0,0,0,0,1,0,1,0,0,0
1.2128633628752972,0,-0.6755199420614625,2.4441291486822943,-1.8684257522543597,-1.5756862740979403,0,1.235518718079156,0.3796721288811475,0.8459113011114247,0.24620020465769926,1.2750989879253367,1.3583136099868154,0.12286069757234411,0,1.5826626555600865,4,-0.6589728319256667,0.24198831185855807,0.4783162424325279,0.1557070814399298,-2.4938204216722384,-1.1442943653688686,-1.1676872598353414,-0.6791456840737199,-1.1559347102263289,-1.940010722753618,0.23772465768484619,0,1.3267937071095997,-0.309521502709742,0,1,0,1,0,0,1,0,0,0,0,1,0,0,0,0,0,1,0,0,0,1,0
0.008342998196906572,0,1.280491717792505,-0.3939381836990763,0.08504925188071055,0.2546249253678617,1,-0.7327419327757442,1.7855109940078144,-0.05778754527941421,-1.5679065665042957,-0.1123866078936053,0.37775950264001795,0.523315742874663,1,-0.6039107501479274,3,-1.584178240646517,1.4159910129545328,0.2211851850634235,-0.6201892226844657,0.33809616377248186,-0.0013328996684553085,0.7649976209279952,1.1834366957553253,0.8065414765793012,-1.4455905142848562,-0.5332872973959607,0,0.21477200993709408,0.024178371549673068,0,1,1,0,0,0,1,0,0,0,0,0,0,0,1,0,0,0,0,0,1,0,0
-0.7581699611438873,0,-0.40033959447744427,1.950552221311621,-0.8916882501868245,1.1697805251007627,0,0.9402796204509211,0.3796721288811475,-0.05778754527941421,0.24620020465769926,-0.3754351787395242,-1.1586340048152193,1.7246808787816195,1,-0.8772324258614291,3,-0.6589728319256667,0.24198831185855807,-0.9359045730975464,-0.6201892226844657,1.754054456494842,-0.8177339465973219,-0.6154915796172451,-0.058284890797371494,-0.5952272282818631,1.026510528058953,0.959965682975644,1,-0.13484454226738588,3.8101551267837643,0,0,0,1,0,0,0,0,1,0,0,0,0,0,0,1,0,1,0,1,0,0,0
-1.1961773664814839,0,0.3235582568246578,-1.0109093429124179,0.08504925188071055,0.2546249253678617,1,-0.4375028351475091,0.3796721288811475,-0.05778754527941421,0.24620020465769926,-0.2564471337688339,0.8211661543068011,-0.6780493930322936,0,0.4893759527060795,3,-0.6589728319256667,0.24198831185855807,-0.42164245835933756,0.1557070814399298,0.33809616377248186,0.16194730971731802,0.7649976209279952,1.4938670923934996,0.8065414765793012,0.037670111121429345,-0.11597557045414045,0,0.033410240056097947,-0.5690658493559537,0,1,0,1,1,0,0,0,0,0,0,0,0,0,0,1,0,1,0,1,0,0,0
0.5558522548689022,0,1.3127200467888316,-0.8875151110697495,1.0617867539482457,-1.5756862740979403,1,1.5799643319787637,-1.0261667362455194,-0.05778754527941421,1.1532535902386967,0.05908366405522873,0.3885811546775274,0.12286069757234411,0,2.1293060069870897,4,-0.6589728319256667,-0.9320143892374165,0.34975071374797573,2.4833959938131165,0.33809616377248186,-0.9810141559830953,-1.1676872598353414,-0.6791456840737199,-1.1559347102263289,-0.4567500973473325,-0.48213127615746204,0,0.4055326566900032,-0.26705060962218,0,1,1,0,0,0,0,1,0,0,0,0,0,0,0,0,0,0,1,0,1,0,0
-1.7436866231534796,1,-0.11524283797147941,-1.0109093429124179,-1.8684257522543597,-1.5756862740979403,0,1.6291708482501361,-1.0261667362455194,-0.9614863916702531,-0.6608531809232983,-0.9198054844804322,-0.7256273823792895,-0.6780493930322936,1,-1.1505541015749308,3,0.26623257679518353,-0.9320143892374165,-1.0644701017820986,0.1557070814399298,0.33809616377248186,-0.6544537372115486,-0.6154915796172451,-0.3687152874355457,-0.5952272282818631,-0.9511703058160944,0.013192345027851469,1,-1.3070751679526635,-0.09716703727193238,1,0,0,1,0,0,0,0,1,0,0,0,0,0,0,0,1,0,1,0,0,0,0
-0.10115885313749257,0,0.10539726054183252,-1.0109093429124179,2.038524256015781,1.1697805251007627,0,-1.0279810304039791,0.3796721288811475,-0.05778754527941421,1.1532535902386967,0.03188639663335667,0.1353263888126959,0.523315742874663,0,-0.057267398720923963,3,-0.6589728319256667,-0.9320143892374165,-0.5502079870438897,2.4833959938131165,0.33809616377248186,-0.9810141559830953,-1.1676872598353414,-0.6791456840737199,-1.1559347102263289,1.026510528058953,0.4785305572619884,0,0.3768424959843431,0.7522508244793061,0,0,0,1,0,0,1,0,0,0,0,0,0,0,0,1,0,0,1,0,1,0,0
-0.10115885313749257,0,-0.6482498175261093,-0.7641208792270812,1.0617867539482457,-1.5756862740979403,1,-0.8803614815898617,-1.0261667362455194,0.8459113011114247,1.1532535902386967,0.6790963698132185,-0.9932173236704321,0.523315742874663,0,-1.1505541015749308,3,-1.584178240646517,0.24198831185855807,0.6068817711170802,-0.6201892226844657,0.33809616377248186,0.9783483566461847,1.3171933011460915,-0.3687152874355457,2.2083101814404653,-0.9511703058160944,-0.23101574518028958,0,0.9443539319113563,-0.14713279384553465,1,0,0,1,0,0,1,0,0,0,0,0,0,0,0,1,0,1,0,0,1,0,0
2.1983800248848895,0,-0.5193365015408035,-1.0109093429124179,1.0617867539482457,1.1697805251007627,1,1.0878991692650386,0.3796721288811475,-0.05778754527941421,0.24620020465769926,0.05355921911016097,-1.5945919868977427,-0.27759434772997477,0,-1.1505541015749308,3,0.26623257679518353,-0.9320143892374165,0.4783162424325279,-0.6201892226844657,0.33809616377248186,-0.6544537372115486,-0.6154915796172451,-0.3687152874355457,-0.5952272282818631,1.026510528058953,-0.5522608168959752,0,0.39974905003508804,-0.5218759681475515,0,1,1,0,0,0,1,0,0,0,0,0,0,0,0,0,0,1,0,0,0,0,1
0.33684855220010396,0,0.9135845876804807,0.09963874367159682,1.0617867539482457,1.1697805251007627,0,-0.9787745141326066,1.7855109940078144,-0.9614863916702531,0.24620020465769926,-0.9115188170628306,1.1498914025630946,0.12286069757234411,1,-0.6039107501479274,3,0.26623257679518353,0.24198831185855807,-0.16451140099023315,0.1557070814399298,0.33809616377248186,-0.0013328996684553085,0.7649976209279952,-0.3687152874355457,0.8065414765793012,1.026510528058953,-1.0243420654474469,0,-1.280306693194124,-0.019947231658183493,0,1,1,0,1,0,0,0,0,0,1,0,0,0,0,0,0,1,0,0,1,0,0
-1.7436866231534796,0,0.22935237206616507,-0.02375548817107146,-0.8916882501868245,-1.5756862740979403,1,-1.3232201280322142,0.3796721288811475,-0.9614863916702531,1.1532535902386967,-0.8271647923246805,-1.610894735421783,-0.6780493930322936,0,2.4026276827005915,4,0.26623257679518353,-0.9320143892374165,-1.0644701017820986,0.1557070814399298,-1.0778621289498782,-0.6544537372115486,-0.6154915796172451,-0.058284890797371494,-0.5952272282818631,-0.4567500973473325,0.31275197880523725,1,-1.0318948971419841,-0.09716703727193238,0,0,0,1,0,0,1,0,0,0,0,0,0,0,0,0,1,0,1,0,0,0,0
-0.42966440714069,1,-1.1217583435490597,-0.5173324155417446,0.08504925188071055,1.1697805251007627,0,-1.5692527093890767,0.3796721288811475,-0.9614863916702531,0.24620020465769926,-0.775957437256937,-0.7256273823792895,-0.6780493930322936,1,-0.6039107501479274,3,-0.6589728319256667,-0.9320143892374165,-1.3216011591512031,-0.6201892226844657,0.33809616377248186,-0.9810141559830953,-1.1676872598353414,-0.6791456840737199,-1.1559347102263289,0.5320903195901912,4.3959696474726755,1,-0.8989283919709045,0.7522508244793061,0,1,0,1,0,1,0,0,0,0,0,0,0,0,0,0,1,0,1,1,0,0,0
0.008342998196906572,0,0.293809030058818,0.09963874367159682,0.08504925188071055,0.2546249253678617,0,1.5799643319787637,0.3796721288811475,-0.9614863916702531,-1.5679065665042957,-0.6482577675651784,0.47079760197548876,1.3242258334793007,0,1.3093409798465847,4,-0.6589728319256667,0.24198831185855807,0.7354472998016324,0.1557070814399298,0.33809616377248186,-0.32789331844000197,-0.063295899399149,-0.6791456840737199,-0.3148734873096303,-0.9511703058160944,-1.0619405985428467,0,-0.6109474298947116,0.1859722499784804,0,1,1,0,0,0,1,0,0,0,1,0,0,0,0,0,0,1,0,0,1,0,0
0.9938596602064987,0,0.8466488274573412,-0.270543951856408,1.0617867539482457,0.2546249253678617,0,-1.7660787744745667,0.3796721288811475,-0.05778754527941421,0.24620020465769926,-0.2645213225347022,0.24326182731668625,-0.27759434772997477,0,-0.3305890744344257,3,0.26623257679518353,-0.9320143892374165,-0.5502079870438897,-0.6201892226844657,1.754054456494842,-0.9810141559830953,-1.1676872598353414,-0.6791456840737199,-1.1559347102263289,1.026510528058953,0.0677648077998785,0,0.022568884300712688,-0.09716703727193238,0,0,1,0,0,0,1,0,0,0,0,0,1,0,0,0,0,1,0,0,0,1,0
0.4463504035345031,1,-1.6349325052597965,-0.6407266473844129,0.08504925188071055,-1.5756862740979403,1,-0.4867093514188816,0.3796721288811475,-0.05778754527941421,-0.6608531809232983,0.6060037136169373,-0.6682866806740446,-0.6780493930322936,0,0.7626976284195812,3,0.26623257679518353,-0.9320143892374165,-0.42164245835933756,1.707499689688721,0.33809616377248186,0.16194730971731802,0.7649976209279952,1.4938670923934996,0.8065414765793012,-0.9511703058160944,0.929820777168344,0,0.8899870174023986,-0.5690658493559537,1,0,0,1,0,1,0,0,0,0,0,0,0,0,0,1,0,0,1,0,1,0,0
1.4318670655440953,0,0.6036968088696494,0.09963874367159682,0.08504925188071055,1.1697805251007627,1,1.6783773645215088,-1.0261667362455194,0.8459113011114247,1.1532535902386967,0.8484418552447187,-1.6243866652347818,1.3242258334793007,0,-0.057267398720923963,3,1.1914379855160337,-0.9320143892374165,1.121143885855289,-0.6201892226844657,0.33809616377248186,-0.4911735278257753,-0.33939373950819707,-0.3687152874355457,-0.3148734873096303,2.015350944996477,-0.3987708577540762,0,1.0632466621540368,0.024178371549673068,0,1,1,0,0,0,0,0,1,0,0,0,0,0,0,0,0,0,1,0,0,1,0
0.33684855220010396,1,-0.5639603416895632,1.5803695257836163,-0.8916882501868245,0.2546249253678617,1,0.10376884383758846,-1.0261667362455194,-0.05778754527941421,0.24620020465769926,-0.026120275289854847,-1.1528718264575846,-0.27759434772997477,1,-0.8772324258614291,3,-1.584178240646517,1.4159910129545328,-0.42164245835933756,2.4833959938131165,0.33809616377248186,-0.16461310905422863,-0.063295899399149,-0.3687152874355457,-1.1559347102263289,-0.4567500973473325,0.16331569360665607,0,0.3137617247183238,-0.1915467996887367,0,1,0,1,0,1,0,0,0,0,0,0,0,0,0,1,0,1,0,0,1,0,0
-0.6486681098094882,0,-0.977970414180834,-0.02375548817107146,1.0617867539482457,0.2546249253678617,1,-1.1756005792180968,-1.0261667362455194,-0.9614863916702531,-0.6608531809232983,-0.8171782956932119,-0.9503523383270506,-1.0785044383346125,1,0.21605427699257776,3,1.1914379855160337,-0.9320143892374165,-1.0644701017820986,1.707499689688721,0.33809616377248186,-0.8177339465973219,-0.6154915796172451,-0.058284890797371494,-0.5952272282818631,0.5320903195901912,0.34504395767573515,1,-1.005025292283946,-0.9465848990231709,0,1,1,0,1,0,0,0,0,0,0,0,0,0,1,0,0,0,1,1,0,0,0
-1.7436866231534796,1,-1.60270417626347,0.3464272073569334,0.08504925188071055,0.2546249253678617,0,1.1863122018077836,1.7855109940078144,-0.9614863916702531,-0.6608531809232983,-0.8046420552409427,1.5612547209240055,-0.6780493930322936,0,-0.057267398720923963,3,1.1914379855160337,-0.9320143892374165,-1.3216011591512031,-2.171981830933257,0.33809616377248186,-0.9810141559830953,-1.1676872598353414,-0.6791456840737199,-1.1559347102263289,0.5320903195901912,4.117708978482215,1,-0.9719603445978832,0.7522508244793061,0,1,0,1,1,0,0,0,0,0,0,0,0,0,0,0,1,0,1,0,0,0,0
-0.8676718124782865,0,1.1912440374949855,1.7037637576262845,0.08504925188071055,1.1697805251007627,1,-0.5851223839616266,0.3796721288811475,-0.9614863916702531,1.1532535902386967,-0.9140685608836311,0.5417707744292845,2.5255909693862573,0,0.21605427699257776,3,1.1914379855160337,-0.9320143892374165,-0.678773515728442,0.9316033855643254,0.33809616377248186,-0.6544537372115486,-0.6154915796172451,-0.3687152874355457,-0.5952272282818631,2.015350944996477,-0.7243701936419272,1,-1.2884925699086747,3.421849818554627,0,1,1,0,1,0,0,0,0,0,0,0,0,0,1,0,0,0,1,1,0,0,0
-0.2106607044718917,0,-0.11772194020196607,-0.02375548817107146,1.0617867539482457,0.2546249253678617,1,1.5307578157073911,-1.0261667362455194,-0.05778754527941421,-0.6608531809232983,0.007876308987485236,0.7140739614161232,2.5255909693862573,0,1.036019304133083,3,0.26623257679518353,-0.9320143892374165,-0.16451140099023315,1.707499689688721,0.33809616377248186,-0.9810141559830953,-0.8915894197262932,-0.6791456840737199,-1.1559347102263289,0.037670111121429345,-0.13246509157950112,0,0.3510519394442914,1.8333281030717916,0,1,1,0,1,0,0,0,0,0,0,0,0,0,0,0,0,0,1,1,0,0,0
-1.0866755151470848,0,1.6523570523655027,-1.0109093429124179,-0.8916882501868245,1.1697805251007627,1,0.7926600716368035,0.3796721288811475,-0.9614863916702531,-0.6608531809232983,-0.5709155383342297,0.5014355259258402,-0.6780493930322936,0,-1.1505541015749308,3,-0.6589728319256667,0.24198831185855807,-0.8073390444129942,-0.6201892226844657,0.33809616377248186,-0.32789331844000197,-0.6154915796172451,-0.6791456840737199,-0.0345197463373974,0.037670111121429345,0.09261687178167226,1,-0.46002104110610725,-0.38030632452234525,0,1,1,0,0,0,1,0,0,0,1,0,0,0,0,0,0,0,0,1,0,0,0
-0.9771736638126857,0,-1.2357970461514456,-0.02375548817107146,1.0617867539482457,-0.6605306743650393,1,1.2847252343505287,0.3796721288811475,-0.05778754527941421,1.1532535902386967,-0.26558371579336904,0.9046474700247311,-0.6780493930322936,0,0.21605427699257776,3,1.1914379855160337,-0.9320143892374165,-0.5502079870438897,-1.3960855268088614,0.33809616377248186,-0.0013328996684553085,0.21280194070989908,-0.6791456840737199,0.8065414765793012,1.026510528058953,0.06629252912797139,0,0.021136560484155527,-0.5218759681475515,0,1,0,1,1,0,0,0,0,0,0,0,0,0,0,1,0,0,1,1,0,0,0
1.3223652142096962,0,1.1367037884242792,-0.270543951856408,0.08504925188071055,-0.6605306743650393,1,-1.7168722582031943,-1.0261667362455194,0.8459113011114247,0.24620020465769926,0.9480943429076719,-0.31581001430945116,2.1251359240839385,0,2.4026276827005915,4,0.26623257679518353,-0.9320143892374165,1.8925370579626022,-0.6201892226844657,0.33809616377248186,-0.32789331844000197,-0.6154915796172451,-0.6791456840737199,-1.1559347102263289,0.037670111121429345,-0.6112161400220644,0,1.1290589898641181,0.060132566756074694,0,1,1,0,0,0,0,1,0,0,0,0,0,0,0,0,0,0,1,0,0,1,0
1.5413689168784945,0,0.9309383032938873,0.59321567104227,-0.8916882501868245,0.2546249253678617,0,1.038692652993666,0.3796721288811475,-0.05778754527941421,1.1532535902386967,-0.3329394483928491,0.07714244149413862,0.523315742874663,0,-1.1505541015749308,3,0.26623257679518353,0.24198831185855807,0.8640128284861845,-0.6201892226844657,-1.0778621289498782,-0.0013328996684553085,0.7649976209279952,-0.6791456840737199,0.8065414765793012,0.5320903195901912,-0.9152593027806513,0,-0.07257282654572766,-0.23128564702212795,0,1,0,1,1,0,0,0,0,0,0,0,0,0,0,1,0,1,0,0,0,1,0
-0.10115885313749257,0,-1.1738194903892794,-0.8875151110697495,0.08504925188071055,1.1697805251007627,0,1.4815512994360187,0.3796721288811475,-0.9614863916702531,0.24620020465769926,-0.8414008619908167,-0.3436371195487612,0.523315742874663,0,-0.6039107501479274,3,-0.6589728319256667,0.24198831185855807,-0.678773515728442,0.1557070814399298,0.33809616377248186,-0.8177339465973219,-0.6154915796172451,-0.058284890797371494,-0.5952272282818631,0.5320903195901912,-0.6068823556237324,0,-1.0710469328151027,0.994941642122517,0,1,1,0,1,0,0,0,0,0,0,0,0,0,1,0,0,1,0,0,1,0,0
-0.3201625558062908,1,1.387093113703431,1.2101868302556114,0.08504925188071055,-1.5756862740979403,1,0.05456232756621595,1.7855109940078144,-0.05778754527941421,1.1532535902386967,-0.2547473045549669,-1.3577805104925036,2.1251359240839385,1,-0.6039107501479274,3,-0.6589728319256667,-0.9320143892374165,-0.2930769296747854,0.1557070814399298,-1.0778621289498782,-0.32789331844000197,-0.6154915796172451,-0.6791456840737199,-0.0345197463373974,-0.9511703058160944,-0.2657553873428332,0,0.03568271663854568,1.7715522585807923,0,0,0,1,0,1,0,0,0,0,0,0,0,0,0,1,0,0,1,1,0,0,0
1.979376322216091,0,1.260658899948612,-0.8875151110697495,0.08504925188071055,0.2546249253678617,0,1.5307578157073911,0.3796721288811475,1.7496101475022634,1.1532535902386967,2.157947785877512,1.2571241363893246,-0.27759434772997477,1,-0.6039107501479274,3,0.26623257679518353,-0.9320143892374165,2.406799172700811,-0.6201892226844657,0.33809616377248186,-0.32789331844000197,-0.063295899399149,-0.3687152874355457,-0.5952272282818631,1.026510528058953,-0.33590455846363865,0,1.7587291275636625,-0.7273802895389803,0,1,1,0,1,0,0,0,0,0,0,1,0,0,0,0,0,0,1,0,0,1,0
-1.4151810691502822,0,1.4094050337778108,0.09963874367159682,1.0617867539482457,1.1697805251007627,0,0.5466274902799411,0.3796721288811475,-0.05778754527941421,0.24620020465769926,-0.4765750169646109,-1.1802773088902383,-0.6780493930322936,1,-0.8772324258614291,3,1.1914379855160337,0.24198831185855807,-0.8073390444129942,-0.6201892226844657,1.754054456494842,-0.32789331844000197,-0.6154915796172451,-0.6791456840737199,-0.3148734873096303,2.015350944996477,0.2756505562731757,1,-0.29431436529762683,-0.38030632452234525,0,1,0,1,0,1,0,0,0,0,0,0,0,0,0,1,0,0,0,0,0,0,0
-0.7581699611438873,0,-1.488665473661084,-0.8875151110697495,-1.8684257522543597,0.2546249253678617,1,0.3005949089230785,0.3796721288811475,-0.9614863916702531,-0.6608531809232983,-0.8556369316569529,0.43861372773406454,-0.6780493930322936,0,0.7626976284195812,3,-1.584178240646517,0.24198831185855807,-1.3216011591512031,0.1557070814399298,0.33809616377248186,-0.9810141559830953,-1.1676872598353414,-0.6791456840737199,-1.1559347102263289,-0.9511703058160944,3.623023344721394,1,-1.1112443934831644,0.7522508244793061,0,1,0,1,0,0,0,0,1,0,0,0,0,0,0,0,1,1,0,1,0,0,0
-1.1961773664814839,1,-0.5639603416895632,-0.7641208792270812,-1.8684257522543597,0.2546249253678617,1,0.349801425194451,0.3796721288811475,-0.9614863916702531,-1.5679065665042957,-0.7226252956718597,-1.086536504877007,-1.0785044383346125,0,1.855984331273588,4,0.26623257679518353,-0.9320143892374165,-0.5502079870438897,-0.6201892226844657,0.33809616377248186,-0.16461310905422863,-0.063295899399149,-0.6791456840737199,-0.0345197463373974,-0.4567500973473325,-0.5670817555265076,1,-0.7718971312029098,-0.9465848990231709,1,0,1,0,0,0,0,0,1,0,0,0,0,0,1,0,0,0,1,1,0,0,0
-1.6341847718190805,0,-1.3622312599062647,0.2230329755142651,0.08504925188071055,-1.5756862740979403,0,-1.1263940629467242,0.3796721288811475,-0.9614863916702531,-0.6608531809232983,-0.9049319788590959,1.4232435222118722,-0.6780493930322936,0,-0.6039107501479274,3,1.1914379855160337,0.24198831185855807,-1.193035630466651,-1.3960855268088614,0.33809616377248186,-0.8177339465973219,-0.8915894197262932,-0.3687152874355457,-0.5952272282818631,-0.4567500973473325,0.8321718942540987,1,-1.2593635782863937,0.1859722499784804,0,1,1,0,0,0,1,0,0,0,0,0,0,0,1,0,0,1,0,0,0,0,0
-0.10115885313749257,0,-1.5828713584195768,-0.8875151110697495,-0.8916882501868245,-0.6605306743650393,1,-0.2406767700620191,-1.0261667362455194,0.8459113011114247,0.24620020465769926,0.2322537652179298,-1.4762565191628993,-0.6780493930322936,0,-0.6039107501479274,3,-0.6589728319256667,1.4159910129545328,-0.16451140099023315,-0.6201892226844657,0.33809616377248186,0.48850772848886465,1.3171933011460915,2.114727885669848,-1.1559347102263289,-0.4567500973473325,0.0851965872752599,0,0.5764044587481565,-0.637705676568175,0,1,0,1,0,0,1,0,0,0,0,0,0,0,0,1,0,1,0,0,1,0,0
-0.7581699611438873,1,-0.8391406892735814,-0.6407266473844129,0.08504925188071055,0.2546249253678617,1,-1.2740136117608418,0.3796721288811475,-0.9614863916702531,1.1532535902386967,-0.8962203541380276,-1.5299431565437902,2.5255909693862573,1,2.1293060069870897,4,0.26623257679518353,-0.9320143892374165,-1.0644701017820986,0.9316033855643254,0.33809616377248186,-0.9810141559830953,-1.1676872598353414,-0.6791456840737199,-1.1559347102263289,1.026510528058953,0.08945638023264461,1,-1.2321046603173156,6.698175856737976,1,0,1,0,0,0,0,0,1,0,0,0,0,0,1,0,0,0,1,1,0,0,0
0.008342998196906572,0,0.754922044929335,0.59321567104227,0.08504925188071055,1.1697805251007627,0,1.432344783164646,0.3796721288811475,-0.9614863916702531,-1.5679065665042957,-0.7370738439897293,1.7709417967676953,-0.6780493930322936,0,-0.8772324258614291,3,0.26623257679518353,0.24198831185855807,0.8640128284861845,-0.6201892226844657,-1.0778621289498782,1.794749403575051,0.7649976209279952,3.0460190755843706,3.6100788863016295,-0.4567500973473325,-1.133058394311457,0,-0.8052671579086303,-0.7677600860229101,0,1,1,0,1,0,0,0,0,0,1,0,0,0,0,0,0,0,0,0,1,0,0
0.33684855220010396,0,-0.10780553128001946,-0.8875151110697495,-0.8916882501868245,1.1697805251007627,0,-0.9787745141326066,0.3796721288811475,-0.05778754527941421,-0.6608531809232983,-0.16741857869254956,1.1580427768251147,1.7246808787816195,0,-0.8772324258614291,3,0.26623257679518353,1.4159910129545328,-0.42164245835933756,1.707499689688721,0.33809616377248186,-0.32789331844000197,-0.063295899399149,-0.3687152874355457,-0.3148734873096303,0.5320903195901912,-0.008020736836544745,0,0.1480439180098055,1.6960484486473488,0,1,0,1,0,1,0,0,0,0,0,0,0,0,0,1,0,0,0,0,1,0,0
0.5558522548689022,0,-1.4911445758915707,-1.0109093429124179,1.0617867539482457,-0.6605306743650393,0,1.432344783164646,0.3796721288811475,-0.9614863916702531,-1.5679065665042957,-0.8343890664836153,0.8681068267811928,0.12286069757234411,0,0.21605427699257776,3,-0.6589728319256667,0.24198831185855807,-0.42164245835933756,1.707499689688721,0.33809616377248186,-0.32789331844000197,-0.6154915796172451,-0.3687152874355457,-0.5952272282818631,-1.4455905142848562,-0.8167802182819693,0,-1.0516358376398527,0.1859722499784804,0,1,1,0,1,0,0,0,0,0,1,0,0,0,0,0,0,0,0,0,1,0,0
0.008342998196906572,0,1.2457842865656918,0.09963874367159682,1.0617867539482457,0.2546249253678617,1,-0.8311549653184892,0.3796721288811475,-0.05778754527941421,-0.6608531809232983,-0.48996117202381356,0.9570692389856535,-0.27759434772997477,1,-0.8772324258614291,3,1.1914379855160337,-0.9320143892374165,0.8640128284861845,-0.6201892226844657,-1.0778621289498782,-0.9810141559830953,-1.1676872598353414,-0.6791456840737199,-0.8755809692540959,0.037670111121429345,-0.9998826091114954,0,-0.31674530485262775,-0.5889352730226494,0,1,1,0,1,0,0,0,0,0,0,0,1,0,0,0,0,0,1,0,1,0,0
0.6653541062033014,0,0.44503426611850366,0.3464272073569334,0.08504925188071055,-1.5756862740979403,1,-0.3390898026047641,-1.0261667362455194,1.7496101475022634,-0.6608531809232983,1.6643598779008808,-1.4009265777069893,-0.6780493930322936,0,-1.1505541015749308,3,0.26623257679518353,0.24198831185855807,1.76397152927805,0.1557070814399298,0.33809616377248186,2.9377108692754645,1.5932911412551394,0.2521455058408027,1.3672489585237668,-0.9511703058160944,-0.2985145693118831,0,1.5326357031356317,-0.8159052279845188,0,1,1,0,1,0,0,0,0,0,0,0,0,1,0,0,0,0,0,0,1,0,0
0.33684855220010396,0,-0.6135423862992962,-0.8875151110697495,0.08504925188071055,-0.6605306743650393,0,0.5958340065513135,-1.0261667362455194,-0.05778754527941421,0.24620020465769926,-0.6491076821721119,-0.12326893260311425,1.3242258334793007,0,1.855984331273588,4,-0.6589728319256667,0.24198831185855807,1.121143885855289,0.1557070814399298,0.33809616377248186,-0.9810141559830953,-1.1676872598353414,-0.6791456840737199,-1.1559347102263289,-0.4567500973473325,-1.1251342633262142,0,-0.6126929552496964,0.024178371549673068,0,1,1,0,0,0,1,0,0,0,1,0,0,0,0,0,0,1,0,0,1,0,0
1.869874470881692,0,0.0458988070101529,-0.5173324155417446,-0.8916882501868245,-1.5756862740979403,1,0.9894861367222936,0.3796721288811475,2.6533089938931025,-1.5679065665042957,2.7416266421890945,-0.8157141220681667,0.523315742874663,0,-1.1505541015749308,3,0.26623257679518353,0.24198831185855807,1.6354060005934978,0.9316033855643254,-1.0778621289498782,-0.4911735278257753,-0.6154915796172451,-0.3687152874355457,-0.5952272282818631,-1.940010722753618,0.18616055099908294,0,1.988518488511617,-0.4029574675023782,0,1,1,0,0,0,1,0,0,0,0,0,0,1,0,0,0,1,0,0,0,1,0
-0.3201625558062908,0,1.4341960560826774,-0.6407266473844129,1.0617867539482457,0.2546249253678617,0,0.3005949089230785,0.3796721288811475,-0.05778754527941421,0.24620020465769926,0.007451351684018484,-0.2210854237473555,2.5255909693862573,0,-0.057267398720923963,3,-1.584178240646517,0.24198831185855807,-0.678773515728442,0.1557070814399298,0.33809616377248186,-0.6544537372115486,-0.6154915796172451,-0.3687152874355457,-0.5952272282818631,-0.4567500973473325,0.7655267463724328,0,0.35059146675373876,3.421849818554627,0,0,0,1,0,1,0,0,0,0,0,0,0,0,0,1,0,1,0,1,0,0,0
-0.6486681098094882,0,-0.7994750535857951,-0.270543951856408,-0.8916882501868245,-0.6605306743650393,0,-1.7168722582031943,0.3796721288811475,-0.05778754527941421,-1.5679065665042957,-0.46680099898487565,-1.4274888145263307,-0.6780493930322936,0,-0.8772324258614291,3,-0.6589728319256667,0.24198831185855807,0.2211851850634235,1.707499689688721,-2.4938204216722384,0.9783483566461847,1.5932911412551394,0.2521455058408027,2.2083101814404653,-2.43443093122238,-0.7977538477527071,0,-0.2781447700566918,-0.7038940813799599,0,1,1,0,0,0,1,0,0,0,0,0,1,0,0,0,0,1,0,1,0,0,0
0.6653541062033014,0,-1.2134851260770658,1.456975293940948,0.08504925188071055,1.1697805251007627,1,-0.2406767700620191,0.3796721288811475,-0.9614863916702531,1.1532535902386967,-0.9019572777348287,0.12998583326171723,1.7246808787816195,0,1.3093409798465847,4,-1.584178240646517,0.24198831185855807,-0.42164245835933756,-1.3960855268088614,0.33809616377248186,-0.6544537372115486,-0.6154915796172451,-0.3687152874355457,-0.5952272282818631,0.5320903195901912,-0.8987125263736052,0,-1.2500000579653994,1.6960484486473488,1,0,1,0,0,0,1,0,0,0,1,0,0,0,0,0,0,1,0,0,1,0,0
0.6653541062033014,0,1.6622734612874492,-0.14714972001373974,1.0617867539482457,0.2546249253678617,0,0.3990079414658235,0.3796721288811475,-0.05778754527941421,0.24620020465769926,-0.4209056102104666,-1.698592279206275,0.523315742874663,1,-0.3305890744344257,3,1.1914379855160337,-0.9320143892374165,-0.42164245835933756,0.1557070814399298,0.33809616377248186,-0.32789331844000197,-0.6154915796172451,-0.6791456840737199,-0.5952272282818631,1.026510528058953,-0.3153957165639712,0,-0.20445735412314336,0.5634912996456974,0,1,1,0,0,0,0,1,0,0,0,0,0,0,0,0,0,0,0,0,1,0,0
-1.3056792178158831,0,0.21943596314421845,-0.6407266473844129,-0.8916882501868245,-0.6605306743650393,0,1.6291708482501361,-1.0261667362455194,-0.05778754527941421,1.1532535902386967,-0.4283423630211347,-0.3124370318562015,-0.6780493930322936,1,-1.1505541015749308,3,-0.6589728319256667,-0.9320143892374165,-0.8073390444129942,0.1557070814399298,0.33809616377248186,-0.32789331844000197,-0.063295899399149,-0.3687152874355457,-0.3148734873096303,0.037670111121429345,0.3692285886595975,1,-0.21615527972120194,-0.38030632452234525,0,1,0,1,1,0,0,0,0,0,0,0,0,0,0,1,0,0,1,0,0,0,0
0.008342998196906572,0,0.6458415467879224,1.950552221311621,2.038524256015781,-0.6605306743650393,0,0.3005949089230785,0.3796721288811475,-0.05778754527941421,0.24620020465769926,-0.43641655178700295,1.3425730252049835,0.12286069757234411,1,-0.057267398720923963,3,-1.584178240646517,1.4159910129545328,0.4783162424325279,-0.6201892226844657,0.33809616377248186,0.9783483566461847,1.8693889813641875,2.4251582823080224,0.8065414765793012,-0.9511703058160944,-0.8691344478549895,0,-0.22895965124163545,-0.309521502709742,0,0,1,0,0,0,1,0,0,0,0,0,0,0,1,0,0,1,0,0,1,0,0
-0.6486681098094882,0,-1.1738194903892794,-1.0109093429124179,-0.8916882501868245,1.1697805251007627,1,1.5799643319787637,-1.0261667362455194,-0.9614863916702531,-1.5679065665042957,-0.9104564238041637,0.2642024267139448,-0.6780493930322936,0,-0.8772324258614291,3,0.26623257679518353,0.24198831185855807,-0.9359045730975464,0.1557070814399298,0.33809616377248186,-0.4911735278257753,-0.6154915796172451,0.2521455058408027,-0.5952272282818631,0.037670111121429345,-0.3375535105761746,1,-1.2769090039839557,-0.26705060962218,0,1,1,0,1,0,0,0,0,0,1,0,0,0,0,0,0,1,0,1,0,0,0
0.22734670086570485,0,1.0301023925133532,-1.0109093429124179,-1.8684257522543597,-0.6605306743650393,1,-0.6835354165043717,0.3796721288811475,2.6533089938931025,0.24620020465769926,2.697218603976819,-0.8573142389915798,-0.6780493930322936,1,-0.3305890744344257,3,0.26623257679518353,0.24198831185855807,1.2497094145398413,0.1557070814399298,0.33809616377248186,2.284590031732371,1.0410954610370433,-0.3687152874355457,0.5261877356070683,0.037670111121429345,0.40373880072910234,0,1.972216346009128,-0.7921452877956728,1,0,1,0,1,0,0,0,0,0,0,1,0,0,0,0,0,0,0,0,1,0,0
2.08887817355049,0,0.2566224966015182,-0.3939381836990763,0.08504925188071055,0.2546249253678617,0,0.9894861367222936,1.7855109940078144,1.7496101475022634,-1.5679065665042957,1.4255338733525666,0.5541383767578667,2.5255909693862573,0,-1.1505541015749308,3,1.1914379855160337,2.5899937140505074,3.1781923448081244,-2.171981830933257,-1.0778621289498782,-0.0013328996684553085,0.7649976209279952,1.4938670923934996,0.8065414765793012,-0.4567500973473325,-0.7240266619518155,0,1.4097128526926386,-0.12012427677872256,1,0,0,1,1,0,0,0,0,0,0,0,0,0,0,1,0,1,0,0,0,0,1
-0.7581699611438873,0,0.6929444891671688,0.3464272073569334,0.08504925188071055,-0.6605306743650393,0,0.841866587908176,0.3796721288811475,-0.05778754527941421,0.24620020465769926,0.015738019101620128,0.7371226748466628,-1.0785044383346125,0,-1.1505541015749308,3,-0.6589728319256667,-0.9320143892374165,-0.678773515728442,2.4833959938131165,0.33809616377248186,-0.32789331844000197,-0.063295899399149,0.5625759024789769,-0.0345197463373974,-0.4567500973473325,0.7789244822867883,0,0.3595453784001994,-0.9465848990231709,0,1,0,1,0,0,0,0,1,0,0,0,0,0,0,1,0,0,1,1,0,0,0
0.4463504035345031,0,-0.39042318555549765,-1.0109093429124179,0.08504925188071055,-0.6605306743650393,1,-0.8311549653184892,1.7855109940078144,0.8459113011114247,-1.5679065665042957,0.4013867719976967,0.7382470023310794,-0.6780493930322936,0,0.21605427699257776,3,0.26623257679518353,0.24198831185855807,-0.16451140099023315,-0.6201892226844657,0.33809616377248186,0.48850772848886465,0.7649976209279952,-0.6791456840737199,0.8065414765793012,-0.9511703058160944,0.24926732247259872,0,0.7264397295982877,-0.637705676568175,0,1,0,1,0,1,0,0,0,0,0,0,0,0,0,1,0,1,0,0,1,0,0
-0.9771736638126857,0,1.2333887754132586,0.9633983665702748,-0.8916882501868245,0.2546249253678617,1,0.645040522822686,0.3796721288811475,-0.05778754527941421,-1.5679065665042957,-0.41325637874806503,-0.10935537998345925,-0.6780493930322936,0,-0.8772324258614291,3,1.1914379855160337,0.24198831185855807,-0.16451140099023315,-0.6201892226844657,0.33809616377248186,0.48850772848886465,-1.1676872598353414,-0.3687152874355457,1.086895217551534,0.037670111121429345,-0.5409929774603119,1,-0.19251928359638998,-0.637705676568175,0,1,1,0,0,0,1,0,0,0,1,0,0,0,0,0,0,0,0,1,0,0,0
-1.3056792178158831,1,-0.28382178964457166,-0.7641208792270812,0.08504925188071055,-1.5756862740979403,1,1.235518718079156,0.3796721288811475,-0.9614863916702531,-1.5679065665042957,-0.5252326282115539,-0.69105431223348,0.9237707881769818,0,-0.6039107501479274,3,0.26623257679518353,0.24198831185855807,-0.678773515728442,1.707499689688721,0.33809616377248186,-0.8177339465973219,-0.6154915796172451,-0.6791456840737199,-0.5952272282818631,-1.4455905142848562,-0.0957072007375512,1,-0.3775011339219653,1.4803232774089392,0,1,1,0,0,0,1,0,0,0,1,0,0,0,0,0,0,1,0,0,0,0,0
1.6508707682128936,0,-1.1986105126941458,-0.7641208792270812,0.08504925188071055,1.1697805251007627,1,-1.3232201280322142,-1.0261667362455194,0.8459113011114247,0.24620020465769926,0.31150830231447885,0.7442902625598184,-0.27759434772997477,1,-0.3305890744344257,3,0.26623257679518353,-0.9320143892374165,2.1496681153317065,0.9316033855643254,0.33809616377248186,-0.32789331844000197,-0.063295899399149,-0.6791456840737199,-0.0345197463373974,1.026510528058953,-0.8938540067563115,0,0.648574686295873,-0.7122627302642085,0,1,1,0,0,0,1,0,0,0,0,0,1,0,0,0,0,1,0,0,0,1,0
0.8843578088720997,0,-1.5134564959659504,0.09963874367159682,-0.8916882501868245,-1.5756862740979403,1,0.15297536010896096,0.3796721288811475,-0.9614863916702531,1.1532535902386967,-0.817815731648412,-0.6546542099254937,0.12286069757234411,0,1.5826626555600865,4,1.1914379855160337,1.4159910129545328,-0.42164245835933756,0.1557070814399298,-1.0778621289498782,-0.8177339465973219,-0.6154915796172451,-0.6791456840737199,-0.5952272282818631,0.037670111121429345,-0.796683614410436,0,-1.006726119559581,0.1859722499784804,0,1,1,0,1,0,0,0,0,0,0,0,0,0,1,0,0,1,0,0,1,0,0
1.6508707682128936,0,1.7044181992057224,-0.6407266473844129,-0.8916882501868245,1.1697805251007627,0,-1.7660787744745667,0.3796721288811475,1.7496101475022634,1.1532535902386967,2.135850006097241,-0.5625998971388874,-0.27759434772997477,0,-0.6039107501479274,3,1.1914379855160337,-0.9320143892374165,2.535364701385363,-0.6201892226844657,-2.4938204216722384,-0.32789331844000197,-0.6154915796172451,-0.3687152874355457,-0.0345197463373974,1.026510528058953,-0.3797414184553737,0,1.7493009274966462,-0.7342304335853612,0,1,1,0,1,0,0,0,0,0,0,1,0,0,0,0,0,1,0,0,0,1,0
0.5558522548689022,0,-0.6705617376004892,2.4441291486822943,-0.8916882501868245,-1.5756862740979403,0,1.2847252343505287,0.3796721288811475,-0.05778754527941421,0.24620020465769926,-0.4136813360515318,-0.1941015641213579,-0.27759434772997477,0,-1.1505541015749308,3,-0.6589728319256667,0.24198831185855807,0.9925783571707368,0.1557070814399298,0.33809616377248186,-0.32789331844000197,-0.063295899399149,-0.6791456840737199,-0.5952272282818631,-0.9511703058160944,-0.9862317445833733,0,-0.19318003210382578,-0.6068177543226755,1,0,1,0,1,0,0,0,0,0,0,0,0,0,1,0,0,0,0,0,1,0,0
-0.7581699611438873,0,-1.203568717155119,-0.8875151110697495,0.08504925188071055,0.2546249253678617,0,-1.1263940629467242,-2.432005601372186,-0.05778754527941421,1.1532535902386967,-0.08752660564080036,1.4728544724617532,-0.27759434772997477,0,1.3093409798465847,4,0.26623257679518353,-0.9320143892374165,-0.03594587230568093,-0.6201892226844657,0.33809616377248186,-0.32789331844000197,-0.063295899399149,-0.6791456840737199,-0.5952272282818631,1.026510528058953,-0.3391462484121469,0,0.24397231322584487,-0.38030632452234525,0,1,1,0,1,0,0,0,0,0,0,0,1,0,0,0,0,0,1,1,0,0,0
2.526885578888087,0,-0.9432629829540208,-0.270543951856408,0.08504925188071055,-1.5756862740979403,0,-1.2248070954894692,0.3796721288811475,2.6533089938931025,-1.5679065665042957,2.7756232264664344,-1.469932177063056,0.9237707881769818,0,-1.1505541015749308,3,1.1914379855160337,-0.9320143892374165,2.7924957587544674,1.707499689688721,-2.4938204216722384,3.5908317068185576,1.0410954610370433,2.7355886789461965,1.6476026994959998,-1.940010722753618,-0.2583850710822555,0,2.0008803804029194,-0.4469273332871482,0,1,1,0,1,0,0,0,0,0,0,1,0,0,0,0,0,1,0,0,0,0,1
0.9938596602064987,0,1.6920226880532891,1.0867925984129432,0.08504925188071055,0.2546249253678617,0,1.038692652993666,0.3796721288811475,-0.05778754527941421,0.24620020465769926,-0.3597117585112544,1.6866172354364528,-0.27759434772997477,0,-0.3305890744344257,3,0.26623257679518353,0.24198831185855807,0.9925783571707368,1.707499689688721,-1.0778621289498782,0.48850772848886465,0.7649976209279952,-0.6791456840737199,1.086895217551534,0.037670111121429345,-0.9586768869133626,0,-0.11150274989741166,-0.6068177543226755,0,1,1,0,0,0,1,0,0,0,0,0,1,0,0,0,0,0,0,0,0,1,0
0.5558522548689022,0,1.4019677270863509,2.320734916839626,1.0617867539482457,1.1697805251007627,0,1.0878991692650386,-1.0261667362455194,-0.05778754527941421,1.1532535902386967,-0.42069313155873317,-1.3951643993493545,-1.0785044383346125,0,-1.1505541015749308,3,1.1914379855160337,2.5899937140505074,-0.5502079870438897,0.9316033855643254,1.754054456494842,-0.16461310905422863,0.21280194070989908,-0.6791456840737199,-0.0345197463373974,2.5097711534652385,-0.14866015697048043,0,-0.20412445960547174,-0.9465848990231709,1,0,1,0,0,0,0,0,1,0,0,0,0,0,0,0,0,1,0,0,1,0,0
-1.4151810691502822,1,1.600295905525283,-1.0109093429124179,-1.8684257522543597,-1.5756862740979403,0,-0.19147025379064658,0.3796721288811475,-0.9614863916702531,-0.6608531809232983,-0.7013774304985222,1.0763884932693615,-0.6780493930322936,1,0.21605427699257776,3,-0.6589728319256667,-0.9320143892374165,-0.678773515728442,0.9316033855643254,0.33809616377248186,-0.32789331844000197,-0.33939373950819707,-0.3687152874355457,-0.0345197463373974,-1.4455905142848562,-0.3804949718401348,1,-0.7241293092417284,-0.46120326373674886,0,1,0,1,0,0,0,0,1,0,0,0,0,0,0,0,1,0,1,0,0,0,0
-0.3201625558062908,1,-1.2556298639953387,-0.3939381836990763,-0.8916882501868245,1.1697805251007627,0,-1.6184592256604493,-2.432005601372186,-0.9614863916702531,0.24620020465769926,-0.8821967631236248,-0.2895288593612139,-1.0785044383346125,0,0.21605427699257776,3,1.1914379855160337,0.24198831185855807,-1.0644701017820986,0.1557070814399298,-1.0778621289498782,-0.8177339465973219,-0.6154915796172451,-0.3687152874355457,-1.1559347102263289,1.026510528058953,0.1348025633273865,1,-1.1892354914654626,-0.9465848990231709,1,0,0,1,0,1,0,0,0,0,0,0,0,0,0,0,1,0,0,1,0,0,0
0.11784484953130571,0,1.7044181992057224,-0.8875151110697495,-0.8916882501868245,1.1697805251007627,1,-1.1756005792180968,0.3796721288811475,-0.9614863916702531,1.1532535902386967,-1.0200954080985856,-0.31018837688736833,-0.6780493930322936,1,2.1293060069870897,4,0.26623257679518353,0.24198831185855807,-1.3216011591512031,0.1557070814399298,0.33809616377248186,-0.9810141559830953,-1.1676872598353414,-0.6791456840737199,-1.1559347102263289,1.520930736527715,2.027662175842748,0,-1.675572293568208,0.7522508244793061,1,0,1,0,1,0,0,0,0,0,1,0,0,0,0,0,0,1,0,0,1,0,0
0.33684855220010396,0,1.4763407940009505,-0.8875151110697495,1.0617867539482457,0.2546249253678617,0,0.645040522822686,0.3796721288811475,2.6533089938931025,0.24620020465769926,2.451593282573037,-0.18145287992167153,-1.0785044383346125,0,-0.3305890744344257,3,1.1914379855160337,-0.9320143892374165,1.2497094145398413,-0.6201892226844657,0.33809616377248186,2.1213098223465976,2.9737803418003796,-0.3687152874355457,2.2083101814404653,1.026510528058953,0.29027519108078725,0,1.8787131905286862,-0.9465848990231709,0,1,0,1,1,0,0,0,0,0,0,1,0,0,0,0,0,1,0,0,1,0,0
-1.1961773664814839,0,1.3548647847071045,1.7037637576262845,0.08504925188071055,-1.5756862740979403,0,1.1863122018077836,0.3796721288811475,-0.9614863916702531,1.1532535902386967,-0.7685206844462689,-1.5854568260868582,-0.6780493930322936,0,1.855984331273588,4,-0.6589728319256667,1.4159910129545328,-1.0644701017820986,0.1557070814399298,-2.4938204216722384,-0.6544537372115486,-0.6154915796172451,-0.6791456840737199,-0.5952272282818631,-1.4455905142848562,0.5023814717468851,1,-0.8805586187460601,-0.09716703727193238,0,1,1,0,1,0,0,0,0,0,0,0,0,0,1,0,0,0,0,1,0,0,0
-0.7581699611438873,0,1.4812989984619238,-0.7641208792270812,0.08504925188071055,0.2546249253678617,1,-0.6343289002329991,0.3796721288811475,-0.9614863916702531,1.1532535902386967,-0.9361663406639021,0.34023507284761506,0.523315742874663,0,-0.057267398720923963,3,0.26623257679518353,0.24198831185855807,-0.2930769296747854,0.1557070814399298,-2.4938204216722384,-0.32789331844000197,-0.33939373950819707,-0.3687152874355457,-0.0345197463373974,0.037670111121429345,-1.0002261408016069,1,-1.361365615967742,0.4124836797788108,0,0,1,0,1,0,0,0,0,0,1,0,0,0,0,0,0,1,0,1,0,0,0
-0.8676718124782865,0,0.4549506750404503,-0.7641208792270812,1.0617867539482457,-0.6605306743650393,1,1.333931750621901,-1.0261667362455194,0.8459113011114247,0.24620020465769926,1.154198635089046,1.013707236013138,-0.6780493930322936,0,0.7626976284195812,3,0.26623257679518353,-0.9320143892374165,-0.16451140099023315,-0.6201892226844657,0.33809616377248186,0.48850772848886465,-0.6154915796172451,-0.6791456840737199,0.8065414765793012,0.037670111121429345,0.9795469893120098,0,1.2566768342245296,-0.637705676568175,0,1,1,0,0,0,1,0,0,0,0,0,0,1,0,0,0,1,0,1,0,0,0
-0.8676718124782865,1,-0.977970414180834,1.950552221311621,2.038524256015781,0.2546249253678617,0,0.251388392651706,-1.0261667362455194,-0.9614863916702531,-0.6608531809232983,-0.8407634260356166,0.5603221779221578,0.9237707881769818,0,0.21605427699257776,3,-0.6589728319256667,-0.9320143892374165,-0.678773515728442,-0.6201892226844657,1.754054456494842,-0.8177339465973219,-0.6154915796172451,-0.3687152874355457,-0.8755809692540959,0.037670111121429345,-0.6058517605533974,1,-1.0692719094811378,1.4803232774089392,0,1,1,0,0,0,0,0,1,0,0,0,0,0,1,0,0,1,0,1,0,0,0
-1.9626903258222779,1,-0.7771631335114152,-0.8875151110697495,-0.8916882501868245,-1.5756862740979403,1,-0.6835354165043717,-1.0261667362455194,-0.9614863916702531,1.1532535902386967,-0.8369388103044157,0.5795762860927915,-0.6780493930322936,0,-0.8772324258614291,3,0.26623257679518353,-0.9320143892374165,-1.3216011591512031,0.1557070814399298,1.754054456494842,-0.9810141559830953,-1.1676872598353414,-0.6791456840737199,-1.1559347102263289,0.5320903195901912,3.804408077100361,1,-1.058665494536216,0.7522508244793061,0,1,0,0,0,0,0,0,1,1,0,0,0,0,0,0,0,0,1,0,0,0,0
-0.7581699611438873,0,1.4763407940009505,1.5803695257836163,1.0617867539482457,0.2546249253678617,0,0.15297536010896096,0.3796721288811475,0.8459113011114247,-1.5679065665042957,0.4056363450323642,-1.6054136389352522,-1.0785044383346125,0,-1.1505541015749308,3,0.26623257679518353,-0.9320143892374165,-0.16451140099023315,0.1557070814399298,0.33809616377248186,0.32522751910309133,1.0410954610370433,1.4938670923934996,1.086895217551534,-0.4567500973473325,0.2533897027539389,0,0.7300234386221157,-0.9465848990231709,0,0,0,1,0,0,0,1,0,0,0,0,0,0,0,1,0,1,0,1,0,0,0
2.1983800248848895,0,-1.4688326558171907,2.4441291486822943,0.08504925188071055,-1.5756862740979403,1,-0.4867093514188816,-1.0261667362455194,1.7496101475022634,1.1532535902386967,1.618039531823005,1.0946588148911307,0.12286069757234411,0,-0.8772324258614291,3,0.26623257679518353,0.24198831185855807,2.6639302300699153,0.1557070814399298,-1.0778621289498782,-0.9810141559830953,-1.1676872598353414,-0.6791456840737199,-1.1559347102263289,-0.4567500973473325,-0.5711121183908536,0,1.5095662724767402,-0.637705676568175,0,1,0,1,0,1,0,0,0,0,0,1,0,0,0,0,0,0,0,0,0,0,1
1.4318670655440953,0,0.7350892270854419,2.4441291486822943,1.0617867539482457,-0.6605306743650393,1,1.0878991692650386,-1.0261667362455194,1.7496101475022634,0.24620020465769926,2.2401770240983283,-0.7025786689487499,-1.0785044383346125,0,-0.057267398720923963,3,-0.6589728319256667,0.24198831185855807,2.1496681153317065,-0.6201892226844657,0.33809616377248186,3.264271288047011,1.5932911412551394,3.977310265498893,0.8065414765793012,-0.4567500973473325,-0.22566033151122702,0,1.7933032314181383,-0.9465848990231709,0,1,1,0,1,0,0,0,0,0,0,1,0,0,0,0,0,1,0,0,0,1,0
-0.7581699611438873,0,0.7772339650037149,-0.8875151110697495,0.08504925188071055,0.2546249253678617,0,-0.8311549653184892,0.3796721288811475,-0.9614863916702531,1.1532535902386967,-0.8369388103044157,-1.0023524844813168,-1.0785044383346125,0,-0.3305890744344257,3,0.26623257679518353,-0.9320143892374165,0.09261965637887129,-0.6201892226844657,-1.0778621289498782,0.651787937874638,0.7649976209279952,1.1834366957553253,0.8065414765793012,0.5320903195901912,-1.040075816854562,0,-1.058665494536216,-0.9465848990231709,0,0,1,0,0,0,1,0,0,0,1,0,0,0,0,0,0,0,1,1,0,0,0
2.526885578888087,0,1.7267301192801021,2.320734916839626,0.08504925188071055,0.2546249253678617,0,0.6942470390940585,-1.0261667362455194,0.8459113011114247,-1.5679065665042957,0.7995717653460424,-1.6117379810350954,0.523315742874663,0,1.036019304133083,3,1.1914379855160337,-0.9320143892374165,1.3782749432243935,1.707499689688721,1.754054456494842,1.794749403575051,2.4215846615822834,3.3564494722225446,1.9279564404682326,0.5320903195901912,-0.5186571715723235,0,1.0298893055116203,-0.3556855169353528,1,0,0,1,0,1,0,0,0,0,0,0,0,0,0,1,0,1,0,0,0,0,1
1.103361511540898,0,0.44751336834899036,-0.8875151110697495,-0.8916882501868245,-1.5756862740979403,0,-0.043850704976529056,0.3796721288811475,-0.05778754527941421,1.1532535902386967,-0.3044673090605768,-0.973119969886486,0.9237707881769818,0,-0.6039107501479274,3,0.26623257679518353,2.5899937140505074,1.121143885855289,-0.6201892226844657,0.33809616377248186,-0.32789331844000197,-1.1676872598353414,-0.6791456840737199,-0.0345197463373974,0.037670111121429345,-0.9579717429178702,0,-0.03224679578808104,-0.13761550687913426,0,1,1,0,0,0,1,0,0,0,0,0,1,0,0,0,0,0,0,0,0,1,0
0.9938596602064987,0,0.5119700263416432,-0.8875151110697495,0.08504925188071055,-1.5756862740979403,1,-0.7327419327757442,0.3796721288811475,1.7496101475022634,0.24620020465769926,2.4133471252610295,-1.6900192821375988,1.3242258334793007,0,-0.6039107501479274,3,0.26623257679518353,-0.9320143892374165,1.8925370579626022,-0.6201892226844657,-2.4938204216722384,-0.6544537372115486,-0.6154915796172451,-0.6791456840737199,-0.8755809692540959,-1.4455905142848562,-0.06452509348126027,0,1.8636168141899059,-0.1915467996887367,0,1,1,0,1,0,0,0,0,0,0,0,0,1,0,0,0,1,0,0,0,1,0
-0.2106607044718917,0,-1.6324534030293096,1.5803695257836163,0.08504925188071055,1.1697805251007627,1,-0.9787745141326066,-2.432005601372186,-0.9614863916702531,0.24620020465769926,-0.4829493765166122,0.6903225433078233,-1.0785044383346125,0,-0.057267398720923963,3,0.26623257679518353,-0.9320143892374165,-0.678773515728442,-0.6201892226844657,0.33809616377248186,-0.32789331844000197,-0.063295899399149,0.5625759024789769,-0.3148734873096303,1.026510528058953,-0.027344394405326794,1,-0.3049540947399055,-0.9465848990231709,0,1,1,0,1,0,0,0,0,0,1,0,0,0,0,0,0,0,1,1,0,0,0
1.869874470881692,0,-0.6308961019127028,-0.14714972001373974,1.0617867539482457,0.2546249253678617,0,-1.1756005792180968,0.3796721288811475,-0.05778754527941421,0.24620020465769926,-0.5785647697966312,1.2810160954331766,1.7246808787816195,0,-1.1505541015749308,3,0.26623257679518353,-0.9320143892374165,0.9925783571707368,0.1557070814399298,0.33809616377248186,-0.9810141559830953,-1.1676872598353414,-0.6791456840737199,-1.1559347102263289,0.5320903195901912,-1.070415089276004,0,-0.47429143657650946,0.24260010742856294,0,1,1,0,1,0,0,0,0,0,1,0,0,0,0,0,0,0,1,0,0,1,0
-0.3201625558062908,0,1.2408260821047186,-0.8875151110697495,1.0617867539482457,1.1697805251007627,1,-0.19147025379064658,-1.0261667362455194,-0.9614863916702531,0.24620020465769926,-0.7935931653508072,-0.8287844290745093,0.12286069757234411,0,-0.8772324258614291,3,0.26623257679518353,0.24198831185855807,0.34975071374797573,0.1557070814399298,0.33809616377248186,-0.0013328996684553085,-0.33939373950819707,0.8730062991171511,0.8065414765793012,1.026510528058953,-1.0729567071938226,0,-0.9434085029480209,-0.26705060962218,0,1,1,0,1,0,0,0,0,0,0,0,0,0,1,0,0,0,0,1,0,0,0
0.9938596602064987,0,0.7995458850780948,0.09963874367159682,0.08504925188071055,0.2546249253678617,0,1.3831382668932737,-1.0261667362455194,0.8459113011114247,1.1532535902386967,0.5456597765246587,-0.38650210489214276,-0.27759434772997477,1,1.036019304133083,3,0.26623257679518353,0.24198831185855807,0.4783162424325279,0.1557070814399298,0.33809616377248186,-0.6544537372115486,-0.6154915796172451,-0.3687152874355457,-0.5952272282818631,1.026510528058953,-0.23401305917651397,0,0.8435743124977059,-0.5218759681475515,0,1,0,1,0,1,0,0,0,0,0,0,0,0,0,1,0,1,0,0,0,1,0
-0.6486681098094882,0,1.1689321174206058,-0.02375548817107146,-1.8684257522543597,0.2546249253678617,1,-1.6184592256604493,0.3796721288811475,0.8459113011114247,-0.6608531809232983,0.8807386103081919,0.011369283655769518,-0.6780493930322936,0,2.675949358414093,4,1.1914379855160337,0.24198831185855807,0.2211851850634235,2.4833959938131165,1.754054456494842,0.9783483566461847,1.0410954610370433,-0.6791456840737199,1.086895217551534,1.026510528058953,0.2077898347188068,0,1.0848927357976879,-0.7038940813799599,0,1,1,0,1,0,0,0,0,0,0,0,1,0,0,0,0,0,0,1,0,0,0
-0.42966440714069,1,1.1763694241120657,0.7166099028849382,-1.8684257522543597,-0.6605306743650393,1,-0.4867093514188816,0.3796721288811475,0.8459113011114247,0.24620020465769926,1.5101003767424501,1.4484003496756928,1.7246808787816195,1,-0.8772324258614291,3,1.1914379855160337,-0.9320143892374165,0.4783162424325279,-0.6201892226844657,1.754054456494842,-0.0013328996684553085,0.48889978081894714,1.4938670923934996,0.8065414765793012,1.026510528058953,0.38970307739025384,0,1.4543955111412121,0.5398963590414965,0,1,1,0,0,0,1,0,0,0,0,1,0,0,0,0,0,1,0,1,0,0,0
-0.42966440714069,1,-0.5342111149237234,0.09963874367159682,-1.8684257522543597,-1.5756862740979403,1,-1.3724266443035866,-2.432005601372186,-0.9614863916702531,1.1532535902386967,-0.6576068282414469,-1.0692499698041025,1.7246808787816195,0,-0.6039107501479274,3,-1.584178240646517,2.5899937140505074,-0.42164245835933756,-0.6201892226844657,0.33809616377248186,-0.4911735278257753,-0.33939373950819707,-0.3687152874355457,-0.3148734873096303,-0.9511703058160944,-0.6024164436522805,1,-0.6302604293747421,1.6960484486473488,0,1,1,0,0,0,1,0,0,0,1,0,0,0,0,0,0,0,0,1,0,0,0
-0.7581699611438873,0,-0.9655749030284007,-0.270543951856408,-1.8684257522543597,1.1697805251007627,1,-0.4375028351475091,0.3796721288811475,-0.9614863916702531,-0.6608531809232983,-0.7479102552281315,0.5740951896062607,-1.0785044383346125,0,-0.3305890744344257,3,-1.584178240646517,-0.9320143892374165,-0.9359045730975464,0.1557070814399298,0.33809616377248186,-0.6544537372115486,-0.6154915796172451,-0.3687152874355457,-0.5952272282818631,-0.4567500973473325,0.05664910382697917,1,-0.8307892209785245,-0.9465848990231709,0,1,0,1,0,1,0,0,0,0,0,0,0,0,0,0,1,0,1,1,0,0,0
-0.2106607044718917,0,1.173890321881579,0.8400041347276065,0.08504925188071055,1.1697805251007627,1,0.3005949089230785,0.3796721288811475,0.8459113011114247,0.24620020465769926,0.2399029966803313,-0.002544268963885486,0.523315742874663,1,-0.8772324258614291,3,0.26623257679518353,-0.9320143892374165,-0.16451140099023315,-0.6201892226844657,0.33809616377248186,0.16194730971731802,0.7649976209279952,-0.6791456840737199,-1.1559347102263289,1.026510528058953,0.09261687178167226,0,0.5835227483685551,0.2889319907968124,0,1,1,0,1,0,0,0,0,0,0,0,0,0,0,0,0,1,0,1,0,0,0
-0.6486681098094882,1,-0.6656035331395159,1.3335810620982798,0.08504925188071055,-1.5756862740979403,1,0.005355811294843447,0.3796721288811475,0.8459113011114247,0.24620020465769926,0.7056562012798904,1.2079348089460997,0.12286069757234411,0,-0.8772324258614291,3,-1.584178240646517,-0.9320143892374165,0.09261965637887129,-0.6201892226844657,0.33809616377248186,-0.9810141559830953,-1.1676872598353414,-0.6791456840737199,-1.1559347102263289,-1.4455905142848562,0.20694421825083947,0,0.9636329364599928,-0.16250687279125836,1,0,1,0,1,0,0,0,0,0,0,0,0,0,0,0,0,1,0,1,0,0,0
-0.3201625558062908,1,0.4599088795014236,1.7037637576262845,0.08504925188071055,-0.6605306743650393,0,-1.1263940629467242,0.3796721288811475,0.8459113011114247,-1.5679065665042957,0.7324285113982957,-0.39071833295870484,2.5255909693862573,1,-0.057267398720923963,3,0.26623257679518353,2.5899937140505074,-0.03594587230568093,-0.6201892226844657,0.33809616377248186,-0.6544537372115486,-0.6154915796172451,-0.6791456840737199,-0.5952272282818631,-0.9511703058160944,0.3839567291192946,0,0.9828194959951798,1.6016686862305445,1,0,0,0,0,0,0,0,0,1,0,0,0,0,0,0,0,0,0,1,0,0,0
0.5558522548689022,0,1.6647525635179359,-0.5173324155417446,-0.8916882501868245,-0.6605306743650393,1,1.5307578157073911,0.3796721288811475,-0.9614863916702531,0.24620020465769926,-0.9370162552708357,-0.7101678794685616,0.523315742874663,0,0.4893759527060795,3,1.1914379855160337,0.24198831185855807,-0.42164245835933756,0.9316033855643254,0.33809616377248186,-0.8177339465973219,-0.6154915796172451,-0.058284890797371494,-1.1559347102263289,0.5320903195901912,-0.9412245730249258,0,-1.3642401093469951,0.5634912996456974,1,0,1,0,0,0,0,1,0,0,1,0,0,0,0,0,0,1,0,0,1,0,0
-0.10115885313749257,0,-0.41521420786036417,0.09963874367159682,1.0617867539482457,-0.6605306743650393,1,-1.6676657419318217,0.3796721288811475,0.8459113011114247,1.1532535902386967,0.738802870950297,0.14122910810588288,-0.6780493930322936,0,-0.3305890744344257,3,1.1914379855160337,-0.9320143892374165,-0.16451140099023315,0.1557070814399298,-1.0778621289498782,0.48850772848886465,-0.33939373950819707,2.114727885669848,0.8065414765793012,0.5320903195901912,0.5765843168110082,0,0.9873519092027346,-0.637705676568175,0,0,0,1,0,0,1,0,0,0,0,0,0,0,0,1,0,0,1,0,1,0,0
-1.6341847718190805,1,1.4019677270863509,-0.6407266473844129,-1.8684257522543597,0.2546249253678617,1,1.6291708482501361,-1.0261667362455194,-0.9614863916702531,0.24620020465769926,-0.5543422034990264,-0.7285787420258829,0.9237707881769818,0,0.21605427699257776,3,0.26623257679518353,-0.9320143892374165,-0.9359045730975464,0.1557070814399298,0.33809616377248186,-0.8177339465973219,-0.6154915796172451,-0.3687152874355457,-0.5952272282818631,0.5320903195901912,0.526085158364591,1,-0.4295582105984651,2.451086547981783,1,0,1,0,0,0,0,0,1,0,1,0,0,0,0,0,0,0,1,0,0,0,0
1.2128633628752972,0,-1.5853504606500635,-0.8875151110697495,2.038524256015781,-0.6605306743650393,0,-1.4216331605749593,0.3796721288811475,-0.05778754527941421,1.1532535902386967,-0.5209830551768864,0.7511767684018699,-0.27759434772997477,0,-0.3305890744344257,3,-1.584178240646517,0.24198831185855807,0.34975071374797573,-0.6201892226844657,0.33809616377248186,0.32522751910309133,0.7649976209279952,1.1834366957553253,0.8065414765793012,-0.4567500973473325,-0.8840633535881286,0,-0.3700499162867044,-0.4935620394225103,0,1,0,1,0,1,0,0,0,0,0,0,0,0,0,1,0,1,0,0,0,1,0
1.979376322216091,0,0.7797130672342015,1.0867925984129432,2.038524256015781,-1.5756862740979403,0,0.841866587908176,0.3796721288811475,1.7496101475022634,-0.6608531809232983,2.195344028582586,-0.6240162859751422,0.12286069757234411,0,2.1293060069870897,4,1.1914379855160337,-0.9320143892374165,3.3067578734926766,-0.6201892226844657,0.33809616377248186,0.48850772848886465,1.3171933011460915,1.4938670923934996,0.8065414765793012,-0.4567500973473325,-0.5426419295728481,0,1.7745512543922635,-0.6783476795227797,0,1,0,1,1,0,0,0,0,0,0,1,0,0,0,0,0,0,1,0,0,1,0
0.4463504035345031,0,-1.3275238286794517,0.09963874367159682,-0.8916882501868245,1.1697805251007627,1,-0.4867093514188816,0.3796721288811475,-0.05778754527941421,1.1532535902386967,-0.057992073049861176,-0.12411217821642667,1.7246808787816195,0,-0.3305890744344257,3,1.1914379855160337,-0.9320143892374165,0.6068817711170802,0.1557070814399298,0.33809616377248186,1.141628566031958,-0.33939373950819707,-0.3687152874355457,1.6476026994959998,2.015350944996477,-0.6779075325543225,0,0.2779428555938813,0.4524562850376924,0,0,0,1,1,0,0,0,0,0,0,0,0,0,0,1,0,0,1,0,1,0,0
-0.2106607044718917,0,-0.4548798435481506,-1.0109093429124179,0.08504925188071055,-0.6605306743650393,1,0.9402796204509211,0.3796721288811475,-0.05778754527941421,0.24620020465769926,-0.37947227312245835,0.6107763737853512,2.5255909693862573,0,-1.1505541015749308,3,0.26623257679518353,-0.9320143892374165,0.4783162424325279,-0.6201892226844657,0.33809616377248186,0.651787937874638,1.3171933011460915,1.1834366957553253,1.3672489585237668,0.037670111121429345,-0.8323078506750174,0,-0.14089655370724696,0.9646052899171157,0,1,0,1,0,1,0,0,0,0,0,0,0,0,0,1,0,1,0,1,0,0,0
0.33684855220010396,0,-1.2407552506124189,-0.3939381836990763,0.08504925188071055,-0.6605306743650393,0,0.448214457737196,0.3796721288811475,1.7496101475022634,0.24620020465769926,1.430845839645901,0.8503986689016318,1.7246808787816195,0,-0.057267398720923963,3,0.26623257679518353,-0.9320143892374165,1.3782749432243935,0.1557070814399298,0.33809616377248186,2.1213098223465976,0.48889978081894714,0.8730062991171511,2.488663922412698,0.037670111121429345,-0.2403028121209225,0,1.4125589260761018,0.08748901963051084,0,1,1,0,1,0,0,0,0,0,0,0,1,0,0,0,0,0,1,0,1,0,0
0.22734670086570485,0,-0.8912018361138011,-0.14714972001373974,-1.8684257522543597,0.2546249253678617,0,-0.8803614815898617,0.3796721288811475,-0.9614863916702531,0.24620020465769926,-0.5838767360899656,0.5001706575058715,-0.6780493930322936,0,-1.1505541015749308,3,-1.584178240646517,0.24198831185855807,-0.42164245835933756,0.1557070814399298,0.33809616377248186,0.16194730971731802,-0.33939373950819707,-0.6791456840737199,0.8065414765793012,-0.4567500973473325,-0.5130123213007156,0,-0.4842816222060032,-0.5690658493559537,1,0,1,0,1,0,0,0,0,0,1,0,0,0,0,0,0,1,0,0,1,0,0
-0.6486681098094882,0,0.06325252262355946,-0.8875151110697495,-1.8684257522543597,-0.6605306743650393,1,0.5466274902799411,0.3796721288811475,-0.05778754527941421,1.1532535902386967,0.016800412360287006,-0.8386222945631543,0.523315742874663,1,-0.6039107501479274,3,0.26623257679518353,-0.9320143892374165,-0.16451140099023315,-0.6201892226844657,1.754054456494842,-0.16461310905422863,0.21280194070989908,-0.6791456840737199,0.24583399463483546,1.026510528058953,-0.12380809298868668,0,0.360689474093245,0.2889319907968124,0,1,0,1,1,0,0,0,0,0,0,0,0,0,0,1,0,0,1,1,0,0,0
0.5558522548689022,0,-1.1986105126941458,1.827157989468953,0.08504925188071055,1.1697805251007627,1,-0.4867093514188816,0.3796721288811475,0.8459113011114247,-1.5679065665042957,0.19188282138858842,-1.034817440593845,-0.6780493930322936,1,1.5826626555600865,4,1.1914379855160337,0.24198831185855807,-0.16451140099023315,1.707499689688721,-1.0778621289498782,0.48850772848886465,1.3171933011460915,0.8730062991171511,1.086895217551534,0.037670111121429345,0.04603397460252828,0,0.5382677794833122,-0.637705676568175,0,1,1,0,0,0,1,0,0,0,0,0,1,0,0,0,0,1,0,0,1,0,0
0.8843578088720997,0,-0.5986677729163763,-0.8875151110697495,0.08504925188071055,1.1697805251007627,1,-0.2406767700620191,0.3796721288811475,-0.05778754527941421,-0.6608531809232983,-0.3607741517699213,0.26195377174511164,-1.0785044383346125,0,1.036019304133083,3,-0.6589728319256667,0.24198831185855807,-0.2930769296747854,0.1557070814399298,1.754054456494842,0.16194730971731802,0.7649976209279952,0.2521455058408027,0.8065414765793012,0.5320903195901912,-0.3800369295866524,0,-0.11306854873852946,-0.9465848990231709,0,1,0,1,0,0,0,1,0,0,0,0,0,0,0,1,0,1,0,0,1,0,0
-1.1961773664814839,1,-0.9333465740320742,0.9633983665702748,1.0617867539482457,-0.6605306743650393,0,-0.3882963188761366,0.3796721288811475,-0.9614863916702531,0.24620020465769926,-0.7993300889476084,1.1938807153908928,-1.0785044383346125,1,-1.1505541015749308,3,-0.6589728319256667,0.24198831185855807,-0.42164245835933756,-0.6201892226844657,-1.0778621289498782,-0.0013328996684553085,0.7649976209279952,-0.3687152874355457,-1.1559347102263289,-0.9511703058160944,-0.7742681716306489,1,-0.9581658972571298,-0.9465848990231709,1,0,0,0,1,0,0,0,0,1,0,0,0,0,0,0,0,0,0,1,0,0,0
-0.8676718124782865,0,-1.4142924067464844,1.2101868302556114,0.08504925188071055,1.1697805251007627,1,-1.5692527093890767,0.3796721288811475,-0.05778754527941421,1.1532535902386967,-0.4761500596611442,1.1709725428959052,0.523315742874663,0,-0.8772324258614291,3,-0.6589728319256667,1.4159910129545328,-0.42164245835933756,-0.6201892226844657,1.754054456494842,-0.6544537372115486,-0.6154915796172451,-0.3687152874355457,-0.5952272282818631,1.520930736527715,-0.3823843961357489,1,-0.29360771639940264,0.5634912996456974,0,1,1,0,0,0,0,0,1,0,0,0,1,0,0,0,0,0,0,1,0,0,0
-0.42966440714069,0,0.2962881322893046,-1.0109093429124179,2.038524256015781,-1.5756862740979403,0,1.432344783164646,1.7855109940078144,1.7496101475022634,0.24620020465769926,2.0570204263041587,1.1615563002139164,0.523315742874663,0,1.036019304133083,3,0.26623257679518353,0.24198831185855807,-0.16451140099023315,-0.6201892226844657,0.33809616377248186,-0.16461310905422863,-0.8915894197262932,-0.6791456840737199,0.24583399463483546,-0.4567500973473325,1.8553466800827292,0,1.7151783127288336,0.2889319907968124,0,1,1,0,0,0,1,0,0,0,0,0,0,1,0,0,0,0,0,1,0,0,0
-0.6486681098094882,0,-0.28382178964457166,-0.270543951856408,0.08504925188071055,0.2546249253678617,1,-1.0771875466753518,-1.0261667362455194,0.8459113011114247,1.1532535902386967,1.0738817047338303,1.5428438583666844,2.5255909693862573,0,1.5826626555600865,4,0.26623257679518353,0.24198831185855807,-0.16451140099023315,0.1557070814399298,-1.0778621289498782,-0.32789331844000197,-0.063295899399149,-0.6791456840737199,-0.8755809692540959,0.5320903195901912,0.9016340019946807,0,1.2082234065836228,1.8333281030717916,0,1,0,1,1,0,0,0,0,0,0,1,0,0,0,0,0,0,0,1,0,0,0
-2.072192177156677,1,1.2482633887961785,-0.5173324155417446,0.08504925188071055,-0.6605306743650393,1,0.15297536010896096,0.3796721288811475,-0.9614863916702531,-0.6608531809232983,-0.9826991653935114,-0.8789575430665986,-0.6780493930322936,1,-0.3305890744344257,3,1.1914379855160337,-0.9320143892374165,-1.4501666878357553,0.1557070814399298,0.33809616377248186,-1.1442943653688686,-1.1676872598353414,-0.6791456840737199,-1.1559347102263289,0.037670111121429345,2.390431640600683,1,-1.5274245288530997,2.451086547981783,1,0,0,1,0,1,0,0,0,0,0,0,0,0,0,0,1,0,1,0,0,0,0
0.33684855220010396,0,0.7226937159330086,2.320734916839626,0.08504925188071055,0.2546249253678617,1,-0.3882963188761366,-2.432005601372186,0.8459113011114247,-1.5679065665042957,0.9410825474004705,-0.4132048826470362,0.12286069757234411,0,-0.057267398720923963,3,0.26623257679518353,0.24198831185855807,1.121143885855289,-0.6201892226844657,0.33809616377248186,-0.9810141559830953,-1.1676872598353414,-0.6791456840737199,-0.8755809692540959,-0.4567500973473325,-0.35383691268746825,0,1.1245211949640161,-0.46120326373674886,0,0,0,1,0,0,0,1,0,0,0,0,0,0,0,1,0,0,0,0,1,0,0
0.4463504035345031,0,-0.7275810889016822,-0.8875151110697495,1.0617867539482457,-1.5756862740979403,0,-0.19147025379064658,-1.0261667362455194,-0.05778754527941421,0.24620020465769926,0.06545802360722999,-1.7147544867947633,-0.27759434772997477,1,0.4893759527060795,3,-1.584178240646517,-0.9320143892374165,-0.16451140099023315,0.1557070814399298,0.33809616377248186,0.16194730971731802,0.7649976209279952,-0.6791456840737199,0.8065414765793012,-1.4455905142848562,-0.07660683876734178,0,0.41217855675539145,-0.32882645411317923,0,0,1,0,0,0,0,1,0,0,0,0,0,0,0,0,0,0,1,0,1,0,0
-1.1961773664814839,0,-0.06813989559223305,2.4441291486822943,-0.8916882501868245,-1.5756862740979403,1,-1.0279810304039791,0.3796721288811475,-0.05778754527941421,0.24620020465769926,-0.46680099898487565,-1.411888770680051,0.9237707881769818,0,-0.8772324258614291,3,-1.584178240646517,1.4159910129545328,-0.42164245835933756,1.707499689688721,0.33809616377248186,-1.1442943653688686,-1.1676872598353414,-0.6791456840737199,-1.1559347102263289,-1.4455905142848562,-0.3710478503620635,1,-0.2781447700566918,0.9410103493129147,0,1,0,1,0,0,1,0,0,0,0,0,0,0,0,1,0,0,0,1,0,0,0
-0.2106607044718917,0,-1.5060191892744905,-1.0109093429124179,0.08504925188071055,-1.5756862740979403,0,0.6942470390940585,0.3796721288811475,-0.05778754527941421,0.24620020465769926,-0.349300304576319,-1.070233756352967,-0.6780493930322936,0,0.21605427699257776,3,1.1914379855160337,-0.9320143892374165,-0.8073390444129942,0.1557070814399298,0.33809616377248186,-0.32789331844000197,-0.063295899399149,-0.6791456840737199,-0.3148734873096303,0.037670111121429345,0.5225811351254518,1,-0.0962434907012486,-0.38030632452234525,0,1,0,1,0,0,1,0,0,0,0,0,0,0,0,1,0,0,1,1,0,0,0
-0.3201625558062908,0,-1.3498357487538315,1.456975293940948,1.0617867539482457,1.1697805251007627,1,0.3990079414658235,1.7855109940078144,-0.05778754527941421,1.1532535902386967,-0.2477355090477655,0.7881390344520645,-0.6780493930322936,0,-0.8772324258614291,3,1.1914379855160337,-0.9320143892374165,-0.16451140099023315,0.1557070814399298,0.33809616377248186,0.48850772848886465,0.7649976209279952,0.8730062991171511,0.8065414765793012,2.015350944996477,-0.3804262655021123,0,0.045020592613414706,-0.637705676568175,0,1,0,1,1,0,0,0,0,0,0,0,0,0,0,1,0,0,1,1,0,0,0
-1.1961773664814839,1,-0.821786973660175,1.827157989468953,0.08504925188071055,0.2546249253678617,1,0.005355811294843447,-2.432005601372186,-0.9614863916702531,1.1532535902386967,-0.8845340282926919,1.2507997942894813,-0.6780493930322936,1,0.7626976284195812,3,-0.6589728319256667,-0.9320143892374165,-1.3216011591512031,0.1557070814399298,-2.4938204216722384,-0.9810141559830953,-1.1676872598353414,-0.6791456840737199,-1.1559347102263289,-0.4567500973473325,3.342701485590262,1,-1.1962961183271328,0.7522508244793061,0,1,1,0,0,0,0,0,1,0,1,0,0,0,0,0,0,0,1,1,0,0,0
0.008342998196906572,0,-0.00864144206055342,-1.0109093429124179,0.08504925188071055,-0.6605306743650393,0,-0.3390898026047641,0.3796721288811475,0.8459113011114247,1.1532535902386967,0.20994350678592535,1.3400432883650464,0.523315742874663,0,0.4893759527060795,3,1.1914379855160337,-0.9320143892374165,0.09261965637887129,0.1557070814399298,1.754054456494842,-0.16461310905422863,0.21280194070989908,-0.3687152874355457,-0.5952272282818631,1.520930736527715,-0.19378549826443617,0,0.5554484470037809,0.0988524692860458,0,1,1,0,0,0,0,0,1,0,0,0,1,0,0,0,0,0,1,0,1,0,0
0.9938596602064987,0,0.5739475821038096,1.0867925984129432,-1.8684257522543597,-1.5756862740979403,0,0.9894861367222936,0.3796721288811475,0.8459113011114247,0.24620020465769926,0.8550286934484534,-0.7489571776809332,0.9237707881769818,0,-1.1505541015749308,3,1.1914379855160337,-0.9320143892374165,2.1496681153317065,0.1557070814399298,-1.0778621289498782,-0.8177339465973219,-0.6154915796172451,-0.3687152874355457,-0.5952272282818631,-0.4567500973473325,-0.7055495646193801,0,1.0676866576615804,-0.36077947712576497,1,0,1,0,0,0,1,0,0,0,0,0,0,0,0,0,0,1,0,0,0,1,0
0.4463504035345031,0,1.173890321881579,-0.8875151110697495,2.038524256015781,-0.6605306743650393,0,1.235518718079156,0.3796721288811475,1.7496101475022634,-1.5679065665042957,2.144349152166576,-1.2208936392647867,1.7246808787816195,0,0.21605427699257776,3,-0.6589728319256667,0.24198831185855807,1.3782749432243935,-0.6201892226844657,0.33809616377248186,1.794749403575051,3.249878181909428,2.7355886789461965,1.086895217551534,-1.4455905142848562,0.07430975571408432,0,1.7529341490488355,0.08748901963051084,0,1,0,1,1,0,0,0,0,0,0,1,0,0,0,0,0,1,0,0,1,0,0
0.008342998196906572,0,-1.6374116074902831,-0.02375548817107146,1.0617867539482457,-1.5756862740979403,1,0.15297536010896096,0.3796721288811475,0.8459113011114247,-0.6608531809232983,0.49530233606384866,1.4550057736466402,-0.6780493930322936,0,-0.6039107501479274,3,1.1914379855160337,0.24198831185855807,-0.2930769296747854,2.4833959938131165,0.33809616377248186,0.32522751910309133,0.21280194070989908,1.4938670923934996,0.8065414765793012,-0.4567500973473325,0.5426891900533223,0,0.8037163954852524,-0.6068177543226755,0,0,0,1,0,0,1,0,0,0,0,0,0,0,0,1,0,0,0,0,1,0,0
1.6508707682128936,0,0.3805776081258508,-0.3939381836990763,-0.8916882501868245,1.1697805251007627,1,0.5958340065513135,0.3796721288811475,-0.05778754527941421,-1.5679065665042957,-0.1967406326317554,1.0925507008578497,0.12286069757234411,1,-0.8772324258614291,3,-0.6589728319256667,1.4159910129545328,0.8640128284861845,0.1557070814399298,0.33809616377248186,0.48850772848886465,1.3171933011460915,1.1834366957553253,1.3672489585237668,-0.4567500973473325,-0.8418580316601221,0,0.11124415245204645,-0.41011046002238866,0,1,1,0,0,0,0,0,1,0,0,0,0,0,1,0,0,0,0,0,0,1,0
-0.5391662584750891,1,1.6647525635179359,0.2230329755142651,1.0617867539482457,1.1697805251007627,1,-0.2898832863333916,1.7855109940078144,-0.05778754527941421,0.24620020465769926,-0.38159705963979207,1.349318990111483,2.1251359240839385,0,-0.8772324258614291,3,1.1914379855160337,-0.9320143892374165,-0.678773515728442,-0.6201892226844657,0.33809616377248186,-0.4911735278257753,-0.6154915796172451,-0.3687152874355457,-0.5952272282818631,1.520930736527715,0.13652022177794498,1,-0.14409162165097505,2.9364681832682047,0,0,0,1,0,0,0,1,0,0,0,0,0,0,0,1,0,1,0,1,0,0,0
-1.4151810691502822,0,-0.6631244309090293,1.827157989468953,0.08504925188071055,1.1697805251007627,1,-1.3724266443035866,0.3796721288811475,-0.9614863916702531,1.1532535902386967,-0.8717853091886894,-1.2343855690777854,-1.0785044383346125,0,-0.6039107501479274,3,0.26623257679518353,1.4159910129545328,-1.0644701017820986,0.1557070814399298,0.33809616377248186,-0.8177339465973219,-0.6154915796172451,-0.058284890797371494,-0.8755809692540959,1.520930736527715,0.1684686689583313,1,-1.1581797672460028,-0.9465848990231709,1,0,0,1,0,0,1,0,0,0,0,0,0,0,0,0,1,1,0,0,0,0,0
0.11784484953130571,0,1.7168137103581556,0.09963874367159682,0.08504925188071055,0.2546249253678617,0,0.4974209740085685,0.3796721288811475,-0.05778754527941421,0.24620020465769926,0.7056562012798904,1.1047777622508799,0.12286069757234411,0,1.036019304133083,3,0.26623257679518353,0.24198831185855807,0.8640128284861845,0.9316033855643254,0.33809616377248186,-0.9810141559830953,-1.1676872598353414,-0.6791456840737199,-1.1559347102263289,0.5320903195901912,-0.35553166902535244,0,0.9636329364599928,-0.41011046002238866,0,1,1,0,0,0,1,0,0,0,0,0,0,0,0,0,0,1,0,0,1,0,0
0.008342998196906572,0,-0.8837645294223412,-1.0109093429124179,1.0617867539482457,-0.6605306743650393,0,-0.043850704976529056,0.3796721288811475,-0.05778754527941421,-0.6608531809232983,-0.011884205623718688,0.19505628642232598,1.3242258334793007,0,-0.8772324258614291,3,-0.6589728319256667,0.24198831185855807,-0.42164245835933756,-0.6201892226844657,-1.0778621289498782,-0.16461310905422863,0.21280194070989908,0.5625759024789769,-0.3148734873096303,-1.4455905142848562,0.18057816103476804,0,0.32948955702881,1.3185293989801317,0,1,1,0,1,0,0,0,0,0,0,0,1,0,0,0,0,1,0,0,1,0,0
1.3223652142096962,0,1.097038152736493,1.0867925984129432,1.0617867539482457,1.1697805251007627,1,-0.3882963188761366,-1.0261667362455194,2.6533089938931025,0.24620020465769926,2.7620245927554987,-1.7129274546325863,-0.6780493930322936,1,0.4893759527060795,3,0.26623257679518353,0.24198831185855807,2.535364701385363,1.707499689688721,0.33809616377248186,3.9173921255901045,1.3171933011460915,-0.6791456840737199,1.3672489585237668,1.026510528058953,-0.18379537508263996,0,1.9959477974709718,-0.840407666304266,0,1,1,0,1,0,0,0,0,0,0,0,0,1,0,0,0,0,0,0,0,1,0
-1.4151810691502822,0,-0.2763844829531117,1.7037637576262845,0.08504925188071055,-0.6605306743650393,1,1.137105685536411,1.7855109940078144,-0.9614863916702531,1.1532535902386967,-0.8027297473753423,1.0283234933105534,-0.6780493930322936,1,-1.1505541015749308,3,-0.6589728319256667,1.4159910129545328,-0.678773515728442,0.1557070814399298,0.33809616377248186,-0.16461310905422863,0.21280194070989908,-0.3687152874355457,-0.0345197463373974,0.037670111121429345,-0.5443595880234064,1,-0.9669797706563847,-0.46120326373674886,0,1,1,0,0,0,1,0,0,0,0,0,0,0,1,0,0,1,0,0,0,0,0
-1.1961773664814839,0,-0.24663525618727192,2.320734916839626,-0.8916882501868245,-1.5756862740979403,1,0.005355811294843447,0.3796721288811475,-0.05778754527941421,-0.6608531809232983,-0.049067969677059405,-0.9676388733999552,-0.6780493930322936,0,1.3093409798465847,4,1.1914379855160337,1.4159910129545328,-0.678773515728442,1.707499689688721,1.754054456494842,-0.32789331844000197,-0.33939373950819707,-0.3687152874355457,-0.0345197463373974,0.037670111121429345,0.6741473168027253,0,0.2880583390013198,-0.46120326373674886,0,1,0,1,0,1,0,0,0,0,0,0,0,0,0,1,0,1,0,1,0,0,0
-1.4151810691502822,0,0.0508570114711262,0.9633983665702748,-0.8916882501868245,1.1697805251007627,1,1.3831382668932737,-1.0261667362455194,-0.9614863916702531,-0.6608531809232983,-0.9297919811119009,-0.7326544291568929,-0.6780493930322936,0,1.5826626555600865,4,1.1914379855160337,0.24198831185855807,-1.3216011591512031,-0.6201892226844657,0.33809616377248186,-0.9810141559830953,-1.1676872598353414,-0.6791456840737199,-1.1559347102263289,1.026510528058953,2.9036679856275343,1,-1.3399800937423447,0.7522508244793061,0,1,1,0,0,0,0,1,0,0,1,0,0,0,0,0,0,1,0,0,0,0,0
1.4318670655440953,0,1.0995172549669796,-0.7641208792270812,0.08504925188071055,-1.5756862740979403,1,1.6291708482501361,0.3796721288811475,2.6533089938931025,-0.6608531809232983,2.4853773881986436,-0.8873899991997228,-0.6780493930322936,0,-1.1505541015749308,3,0.26623257679518353,0.24198831185855807,2.6639302300699153,-0.6201892226844657,0.33809616377248186,4.080672334975878,0.21280194070989908,2.4251582823080224,0.8065414765793012,-0.9511703058160944,-0.30818155107162587,0,1.891923559582724,-0.8436251582048389,1,0,0,0,0,0,1,0,0,0,0,1,0,0,0,0,0,1,0,0,0,1,0
-1.3056792178158831,0,-0.4474425368566906,0.4698214391996017,-1.8684257522543597,-0.6605306743650393,1,-1.2740136117608418,0.3796721288811475,-0.9614863916702531,0.24620020465769926,-0.9363788193156355,1.695330773440681,-0.6780493930322936,0,-1.1505541015749308,3,0.26623257679518353,-0.9320143892374165,-0.5502079870438897,-1.3960855268088614,0.33809616377248186,-0.0013328996684553085,-0.063295899399149,-0.6791456840737199,0.5261877356070683,0.037670111121429345,-0.863304224314237,1,-1.3620837249486961,-0.5218759681475515,0,1,0,1,0,0,1,0,0,0,0,0,0,0,0,0,1,1,0,0,0,0,0
-1.4151810691502822,1,1.2011604464169323,-0.270543951856408,0.08504925188071055,-1.5756862740979403,0,-0.5359158676902541,0.3796721288811475,-0.9614863916702531,0.24620020465769926,-0.7685206844462689,-0.020392967778998468,-0.6780493930322936,1,0.21605427699257776,3,1.1914379855160337,0.24198831185855807,-0.678773515728442,0.9316033855643254,0.33809616377248186,-0.16461310905422863,-0.33939373950819707,-0.3687152874355457,-0.5952272282818631,0.037670111121429345,-0.48905098591542584,1,-0.8805586187460601,-0.46120326373674886,1,0,1,0,1,0,0,0,0,0,1,0,0,0,0,0,0,1,0,0,0,0,0
-0.7581699611438873,1,-0.8788063249613679,0.3464272073569334,1.0617867539482457,-0.6605306743650393,1,0.3990079414658235,-1.0261667362455194,-0.9614863916702531,-1.5679065665042957,-0.9497649743748382,0.022050394757726893,-0.6780493930322936,0,0.7626976284195812,3,0.26623257679518353,0.24198831185855807,-1.3216011591512031,-0.6201892226844657,1.754054456494842,-0.9810141559830953,-1.1676872598353414,-0.6791456840737199,-1.1559347102263289,-0.4567500973473325,2.7099161124045463,1,-1.408029394450006,0.7522508244793061,1,0,0,1,1,0,0,0,0,0,0,0,0,0,0,0,1,1,0,1,0,0,0
-0.3201625558062908,0,-1.359752157675778,-1.0109093429124179,-0.8916882501868245,-0.6605306743650393,1,0.841866587908176,-1.0261667362455194,-0.9614863916702531,1.1532535902386967,-0.6121363967705045,1.1919131422931637,-0.6780493930322936,1,-0.6039107501479274,3,1.1914379855160337,0.24198831185855807,-0.678773515728442,0.1557070814399298,0.33809616377248186,-0.16461310905422863,0.21280194070989908,-0.3687152874355457,-0.3148734873096303,1.026510528058953,-0.23621166199322882,1,-0.5385734085876434,-0.46120326373674886,0,1,1,0,1,0,0,0,0,0,0,0,0,0,1,0,0,1,0,1,0,0,0
-0.6486681098094882,1,1.394530420394891,0.4698214391996017,1.0617867539482457,-0.6605306743650393,1,-0.9787745141326066,0.3796721288811475,-0.05778754527941421,-1.5679065665042957,-0.4823119405614121,-0.3936696926052983,-0.27759434772997477,0,0.4893759527060795,3,0.26623257679518353,-0.9320143892374165,-0.2930769296747854,-0.6201892226844657,-2.4938204216722384,-0.6544537372115486,-0.8915894197262932,-0.3687152874355457,-0.5952272282818631,-1.940010722753618,-0.5110370140825735,1,-0.3038867317387809,-0.26705060962218,0,1,0,1,0,0,1,0,0,0,0,0,0,0,0,1,0,0,0,1,0,0,0
-0.2106607044718917,0,-0.6556871242175693,1.950552221311621,-0.8916882501868245,-1.5756862740979403,1,-0.5851223839616266,-1.0261667362455194,-0.05778754527941421,1.1532535902386967,-0.5996001563182354,-0.04344168120953807,0.523315742874663,0,-0.3305890744344257,3,1.1914379855160337,-0.9320143892374165,-0.2930769296747854,0.1557070814399298,0.33809616377248186,-0.6544537372115486,-0.6154915796172451,-0.6791456840737199,-0.5952272282818631,0.5320903195901912,-0.637456676043672,1,-0.5142471470190244,0.4124836797788108,0,1,1,0,0,0,0,1,0,0,1,0,0,0,0,0,0,0,1,1,0,0,0
-0.6486681098094882,0,-0.6879154532138958,-0.3939381836990763,1.0617867539482457,-1.5756862740979403,1,0.005355811294843447,1.7855109940078144,-0.05778754527941421,1.1532535902386967,-0.2216006348845603,-1.1375528644824087,0.523315742874663,0,1.855984331273588,4,1.1914379855160337,1.4159910129545328,0.2211851850634235,0.9316033855643254,1.754054456494842,-0.0013328996684553085,0.7649976209279952,0.8730062991171511,0.8065414765793012,1.026510528058953,-0.614783584496301,0,0.0793239012594131,0.024178371549673068,0,1,0,1,0,0,1,0,0,0,0,0,0,0,0,1,0,0,0,1,0,0,0
-1.0866755151470848,0,-0.011120544291040072,-0.3939381836990763,1.0617867539482457,-1.5756862740979403,0,0.005355811294843447,-1.0261667362455194,-0.9614863916702531,0.24620020465769926,-0.9170432620078983,-1.307045232758206,-1.0785044383346125,0,-0.8772324258614291,3,0.26623257679518353,1.4159910129545328,-0.678773515728442,1.707499689688721,-1.0778621289498782,-0.32789331844000197,-0.33939373950819707,-0.6791456840737199,-0.3148734873096303,-0.9511703058160944,-0.7291796373034908,1,-1.2980993556054417,-0.9465848990231709,0,1,1,0,0,0,1,0,0,0,0,0,0,0,1,0,0,0,0,1,0,0,0
0.008342998196906572,0,-0.6061050796078363,-0.8875151110697495,0.08504925188071055,1.1697805251007627,1,0.448214457737196,0.3796721288811475,-0.05778754527941421,0.24620020465769926,0.658485940595081,-1.5885487266690037,0.523315742874663,1,-1.1505541015749308,3,0.26623257679518353,0.24198831185855807,0.7354472998016324,0.1557070814399298,-1.0778621289498782,-0.6544537372115486,-1.1676872598353414,-0.3687152874355457,-1.1559347102263289,0.5320903195901912,-0.3162747535357274,0,0.929221428088172,-0.1915467996887367,0,1,0,1,0,1,0,0,0,0,0,0,0,0,0,1,0,1,0,0,1,0,0
-1.8531884744878788,0,0.3880149148173107,-1.0109093429124179,0.08504925188071055,1.1697805251007627,0,0.841866587908176,-1.0261667362455194,-0.9614863916702531,-0.6608531809232983,-0.7791446170329377,-0.359237163395041,-0.6780493930322936,0,-0.6039107501479274,3,1.1914379855160337,-0.9320143892374165,-1.3216011591512031,-2.171981830933257,1.754054456494842,-0.9810141559830953,-1.1676872598353414,-0.6791456840737199,-1.1559347102263289,1.520930736527715,4.365051795362624,1,-0.9068702889708128,0.7522508244793061,0,1,1,0,1,0,0,0,0,0,0,0,0,0,1,0,0,0,1,0,0,0,0
0.5558522548689022,0,-0.4474425368566906,-0.8875151110697495,1.0617867539482457,0.2546249253678617,0,0.743453555365431,0.3796721288811475,-0.05778754527941421,1.1532535902386967,-0.5129088664110182,-1.2079638731939961,-0.6780493930322936,0,-0.6039107501479274,3,-0.6589728319256667,1.4159910129545328,-0.16451140099023315,0.9316033855643254,0.33809616377248186,0.48850772848886465,-0.6154915796172451,-0.058284890797371494,-0.5952272282818631,0.5320903195901912,-0.637662795057739,0,-0.355993404567484,-0.637705676568175,0,1,1,0,1,0,0,0,0,0,0,0,0,0,0,0,0,1,0,0,1,0,0
0.6653541062033014,0,-0.050786179978826486,-0.3939381836990763,1.0617867539482457,-0.6605306743650393,1,-0.7819484490471167,-1.0261667362455194,1.7496101475022634,1.1532535902386967,2.151148469022044,-1.6361921038211558,0.523315742874663,1,-0.3305890744344257,3,0.26623257679518353,0.24198831185855807,1.2497094145398413,0.1557070814399298,-1.0778621289498782,-0.9810141559830953,-1.1676872598353414,-0.6791456840737199,-1.1559347102263289,0.037670111121429345,0.15148838827566832,0,1.7558344265336345,-0.32882645411317923,0,1,1,0,0,0,0,1,0,0,0,0,0,1,0,0,0,0,0,0,1,0,0
0.11784484953130571,0,-1.0920091167832198,-1.0109093429124179,-1.8684257522543597,0.2546249253678617,0,-1.1263940629467242,0.3796721288811475,-0.9614863916702531,-1.5679065665042957,-0.8252524844590802,0.03483961989296533,0.12286069757234411,0,0.4893759527060795,3,1.1914379855160337,-0.9320143892374165,-0.42164245835933756,0.1557070814399298,-1.0778621289498782,-1.1442943653688686,-1.1676872598353414,-0.6791456840737199,-1.1559347102263289,-0.4567500973473325,-0.8057013212758677,0,-1.026712394778168,0.1859722499784804,0,1,1,0,1,0,0,0,0,0,0,0,0,0,1,0,0,0,1,0,1,0,0
0.6653541062033014,0,0.49213720849775006,-0.02375548817107146,2.038524256015781,1.1697805251007627,1,0.3005949089230785,0.3796721288811475,-0.05778754527941421,0.24620020465769926,-0.17506781015495107,0.7468199993997557,0.12286069757234411,1,-0.6039107501479274,3,-0.6589728319256667,0.24198831185855807,-0.16451140099023315,0.1557070814399298,0.33809616377248186,0.16194730971731802,0.7649976209279952,0.5625759024789769,0.8065414765793012,0.5320903195901912,-0.3099335626911955,0,0.13853036060183568,-0.019947231658183493,1,0,1,0,0,0,1,0,0,0,1,0,0,0,0,0,0,0,0,0,1,0,0
1.2128633628752972,0,1.074726232662113,-1.0109093429124179,1.0617867539482457,1.1697805251007627,0,-1.2740136117608418,-1.0261667362455194,1.7496101475022634,-1.5679065665042957,1.890862120648659,0.5177382744498804,1.7246808787816195,0,-1.1505541015749308,3,-1.584178240646517,0.24198831185855807,1.2497094145398413,0.1557070814399298,-2.4938204216722384,-0.6544537372115486,-0.6154915796172451,-0.6791456840737199,-0.5952272282818631,-1.940010722753618,0.03125229673657995,0,1.6406165629243614,0.13449237956931445,0,1,1,0,1,0,0,0,0,0,0,1,0,0,0,0,0,1,0,0,0,1,0
0.7748559575377005,0,0.7673175560817683,-1.0109093429124179,1.0617867539482457,-1.5756862740979403,0,-0.7819484490471167,-1.0261667362455194,-0.05778754527941421,0.24620020465769926,-0.11004934272453817,1.7681309780566536,0.523315742874663,0,-1.1505541015749308,3,-0.6589728319256667,-0.9320143892374165,-0.16451140099023315,-1.3960855268088614,1.754054456494842,-0.8177339465973219,-0.6154915796172451,-0.6791456840737199,-0.5952272282818631,-0.4567500973473325,-0.24686114438669085,0,0.21754158508897234,0.2889319907968124,0,1,0,0,1,0,0,0,0,1,0,0,0,0,0,0,0,0,1,0,1,0,0
-0.3201625558062908,0,-1.4837072692001108,0.59321567104227,0.08504925188071055,0.2546249253678617,0,-1.7168722582031943,0.3796721288811475,-0.9614863916702531,0.24620020465769926,-0.8337516305284152,-1.6023217383531068,-0.6780493930322936,1,0.7626976284195812,3,1.1914379855160337,1.4159910129545328,-0.42164245835933756,0.1557070814399298,0.33809616377248186,0.16194730971731802,-0.6154915796172451,-0.6791456840737199,0.5261877356070683,1.026510528058953,-0.8160072719792181,1,-1.0498835401190147,-0.5690658493559537,0,1,0,1,0,0,0,0,1,0,0,0,0,0,0,0,1,0,0,1,0,0,0
-1.0866755151470848,1,1.5308810430716568,-0.8875151110697495,-1.8684257522543597,0.2546249253678617,1,0.9402796204509211,0.3796721288811475,-0.9614863916702531,-1.5679065665042957,-0.7355864934275956,0.2857051898534116,-1.0785044383346125,0,-1.1505541015749308,3,-0.6589728319256667,0.24198831185855807,-0.8073390444129942,0.1557070814399298,0.33809616377248186,-0.4911735278257753,-0.33939373950819707,-0.6791456840737199,-0.5952272282818631,-0.9511703058160944,-0.22686760002219095,1,-0.8017976557475581,-0.9465848990231709,0,1,0,1,0,1,0,0,0,0,0,0,0,0,0,0,1,0,0,1,0,0,0
-1.7436866231534796,0,1.3399901713241846,1.5803695257836163,-1.8684257522543597,0.2546249253678617,1,-0.8311549653184892,0.3796721288811475,-0.9614863916702531,0.24620020465769926,-0.6493201608238452,1.4238056859540804,-0.6780493930322936,0,-1.1505541015749308,3,0.26623257679518353,-0.9320143892374165,-1.0644701017820986,-0.6201892226844657,0.33809616377248186,-0.6544537372115486,-0.6154915796172451,-0.3687152874355457,-0.5952272282818631,0.5320903195901912,0.887824028052191,1,-0.6131296529902587,-0.09716703727193238,0,1,0,1,0,0,0,0,1,0,0,0,0,0,0,0,1,0,1,0,0,0,0
0.7748559575377005,0,1.2705753088705585,-0.7641208792270812,1.0617867539482457,1.1697805251007627,1,-1.5200461931177043,0.3796721288811475,2.6533089938931025,1.1532535902386967,2.7643618579245657,-0.6963948677844587,0.523315742874663,1,-0.8772324258614291,3,-1.584178240646517,0.24198831185855807,1.8925370579626022,-0.6201892226844657,1.754054456494842,-0.8177339465973219,-0.6154915796172451,-0.6791456840737199,-0.8755809692540959,1.026510528058953,0.06643975699516208,0,1.9967967361042716,-0.4432261661335481,0,1,1,0,0,0,0,1,0,0,0,1,0,0,0,0,0,1,0,0,1,0,0
-1.6341847718190805,0,-0.49206637700545036,-0.3939381836990763,-1.8684257522543597,-1.5756862740979403,1,0.15297536010896096,0.3796721288811475,-0.9614863916702531,0.24620020465769926,-0.7925307720921403,-0.30470728040083755,-1.0785044383346125,0,1.3093409798465847,4,1.1914379855160337,-0.9320143892374165,-1.0644701017820986,0.1557070814399298,0.33809616377248186,-0.8177339465973219,-0.6154915796172451,-0.058284890797371494,-0.5952272282818631,0.037670111121429345,0.42474330978164526,1,-0.9406914557387562,-0.9465848990231709,0,1,1,0,0,0,1,0,0,0,0,0,0,0,1,0,0,1,0,0,0,0,0
-0.42966440714069,0,1.02514418805238,-0.14714972001373974,1.0617867539482457,0.2546249253678617,1,-1.3232201280322142,0.3796721288811475,-0.05778754527941421,0.24620020465769926,0.12771426856510903,0.8598149115836206,-1.0785044383346125,0,-0.8772324258614291,3,1.1914379855160337,-0.9320143892374165,-0.678773515728442,0.1557070814399298,0.33809616377248186,-0.32789331844000197,-1.1676872598353414,-0.3687152874355457,-0.5952272282818631,1.026510528058953,0.959965682975644,0,0.4755894424357433,-0.9465848990231709,0,1,0,1,0,1,0,0,0,0,0,0,0,0,0,1,0,0,0,1,0,0,0
-0.5391662584750891,0,-0.387944083325011,-0.02375548817107146,1.0617867539482457,-1.5756862740979403,0,1.2847252343505287,0.3796721288811475,-0.05778754527941421,1.1532535902386967,-0.038444037090390626,0.5306680405206708,-0.6780493930322936,1,-0.8772324258614291,3,1.1914379855160337,0.24198831185855807,-0.678773515728442,-0.6201892226844657,-1.0778621289498782,-0.16461310905422863,-0.063295899399149,-0.6791456840737199,0.24583399463483546,0.037670111121429345,0.6913239013083097,0,0.3000126296167129,-0.46120326373674886,0,1,1,0,1,0,0,0,0,0,0,0,0,0,1,0,0,1,0,1,0,0,0
-0.7581699611438873,0,-1.5927877673415234,-0.7641208792270812,0.08504925188071055,0.2546249253678617,0,0.251388392651706,0.3796721288811475,-0.9614863916702531,0.24620020465769926,-0.9391410417881694,1.1720968703803218,-0.6780493930322936,0,1.3093409798465847,4,0.26623257679518353,0.24198831185855807,-1.3216011591512031,-0.6201892226844657,0.33809616377248186,-0.9810141559830953,-1.1676872598353414,-0.6791456840737199,-1.1559347102263289,0.5320903195901912,2.8129756194380504,1,-1.3714504461655714,0.7522508244793061,1,0,1,0,0,0,1,0,0,0,0,0,0,0,1,0,0,0,0,1,0,0,0
1.7603726195472926,0,-1.3994177933635645,-1.0109093429124179,-1.8684257522543597,1.1697805251007627,0,-1.5692527093890767,0.3796721288811475,-0.05778754527941421,-1.5679065665042957,0.39904950682862955,-0.9565361394913416,1.7246808787816195,0,1.3093409798465847,4,1.1914379855160337,-0.9320143892374165,0.8640128284861845,-0.6201892226844657,1.754054456494842,1.141628566031958,0.7649976209279952,1.8042974890316739,1.6476026994959998,1.026510528058953,-0.5207704119690711,0,0.7244650473918272,0.3051887919786542,0,1,0,1,0,0,1,0,0,0,0,0,0,0,0,1,0,0,1,0,0,1,0
-0.3201625558062908,0,1.4738616917704639,-1.0109093429124179,2.038524256015781,-0.6605306743650393,1,-1.1756005792180968,0.3796721288811475,-0.9614863916702531,1.1532535902386967,-0.8099540215342771,-0.9350333763518749,-0.6780493930322936,0,-0.8772324258614291,3,1.1914379855160337,0.24198831185855807,-0.16451140099023315,0.9316033855643254,-1.0778621289498782,0.48850772848886465,1.3171933011460915,1.8042974890316739,1.086895217551534,0.5320903195901912,-0.9258171767234168,1,-0.9858823547557469,-0.637705676568175,0,1,1,0,1,0,0,0,0,0,0,0,0,0,1,0,0,1,0,1,0,0,0
0.8843578088720997,1,-1.2308388416904723,2.0739464531542895,1.0617867539482457,-1.5756862740979403,0,1.6783773645215088,0.3796721288811475,-0.05778754527941421,-1.5679065665042957,-0.47105057201954315,-1.2203314755225785,-0.27759434772997477,0,-0.3305890744344257,3,1.1914379855160337,1.4159910129545328,-0.8073390444129942,0.9316033855643254,0.33809616377248186,-0.9810141559830953,-0.8915894197262932,-0.6791456840737199,-1.1559347102263289,-0.9511703058160944,0.28636874500466025,0,-0.2851537000808939,0.1859722499784804,1,0,0,1,1,0,0,0,0,0,0,0,0,0,0,1,0,1,0,0,1,0,0
-1.1961773664814839,0,0.46734618619288354,-0.3939381836990763,0.08504925188071055,0.2546249253678617,0,0.251388392651706,0.3796721288811475,-0.9614863916702531,1.1532535902386967,-0.8167533383897452,0.48428953178848755,-0.6780493930322936,1,-0.6039107501479274,3,0.26623257679518353,0.24198831185855807,-1.0644701017820986,-0.6201892226844657,0.33809616377248186,-0.6544537372115486,-0.6154915796172451,-0.6791456840737199,-0.5952272282818631,1.026510528058953,0.34641808443618205,1,-1.0038924739836772,-0.09716703727193238,0,1,1,0,1,0,0,0,0,0,1,0,0,0,0,0,0,1,0,1,0,0,0
0.008342998196906572,0,-0.7945168491248218,-0.7641208792270812,0.08504925188071055,0.2546249253678617,1,-1.4708396768463317,0.3796721288811475,0.8459113011114247,0.24620020465769926,0.6227895271038739,-0.6615407157675451,-0.6780493930322936,0,-0.057267398720923963,3,0.26623257679518353,0.24198831185855807,-0.16451140099023315,-0.6201892226844657,0.33809616377248186,0.48850772848886465,0.7649976209279952,1.4938670923934996,1.086895217551534,0.5320903195901912,0.46404333513042145,0,0.9026472357674153,-0.637705676568175,0,1,1,0,0,0,0,1,0,0,0,0,1,0,0,0,0,1,0,0,1,0,0
-0.8676718124782865,0,0.925980098832914,-0.7641208792270812,-0.8916882501868245,-0.6605306743650393,0,-0.19147025379064658,0.3796721288811475,-0.05778754527941421,0.24620020465769926,-0.20014029105948938,-1.521510700410666,-0.6780493930322936,0,-0.3305890744344257,3,-1.584178240646517,0.24198831185855807,-0.678773515728442,1.707499689688721,-1.0778621289498782,-0.16461310905422863,-1.1676872598353414,-0.3687152874355457,-0.5952272282818631,-1.4455905142848562,0.4298962851333205,0,0.10691873248976529,-0.46120326373674886,0,1,0,1,0,0,1,0,0,0,0,0,0,0,0,1,0,1,0,1,0,0,0
-0.2106607044718917,0,0.5318028441855365,-0.3939381836990763,1.0617867539482457,-0.6605306743650393,1,0.7926600716368035,-2.432005601372186,-0.05778754527941421,1.1532535902386967,0.03039904607122304,0.7104198970917693,-0.6780493930322936,0,-0.6039107501479274,3,-0.6589728319256667,-0.9320143892374165,0.7354472998016324,0.1557070814399298,0.33809616377248186,1.6314691941892778,1.8693889813641875,2.7355886789461965,1.086895217551534,0.037670111121429345,-0.6746793450545965,0,0.3752576235693606,-0.7578253741895623,0,1,1,0,1,0,0,0,0,0,0,0,0,0,1,0,0,0,1,1,0,0,0
-0.42966440714069,0,1.223472366491312,-0.3939381836990763,0.08504925188071055,0.2546249253678617,1,-1.7660787744745667,0.3796721288811475,-0.05778754527941421,1.1532535902386967,0.2596635112915352,-1.2617910515104394,0.12286069757234411,0,2.1293060069870897,4,0.26623257679518353,0.24198831185855807,0.4783162424325279,-0.6201892226844657,-2.4938204216722384,0.9783483566461847,1.8693889813641875,0.5625759024789769,0.8065414765793012,0.037670111121429345,-0.41897052113264294,0,0.6017573838417879,-0.309521502709742,1,0,1,0,1,0,0,0,0,0,0,0,0,0,0,0,0,0,0,1,0,0,0
1.869874470881692,0,-1.0052405387161871,1.2101868302556114,1.0617867539482457,0.2546249253678617,1,1.0878991692650386,0.3796721288811475,0.8459113011114247,-0.6608531809232983,0.8970994664916617,-1.0658769873508527,-0.27759434772997477,0,-0.057267398720923963,3,0.26623257679518353,0.24198831185855807,0.6068817711170802,-1.3960855268088614,1.754054456494842,0.32522751910309133,0.7649976209279952,1.4938670923934996,-0.8755809692540959,0.5320903195901912,-0.09884192740982037,0,1.095740552313421,-0.5468588464343528,0,1,0,0,0,0,1,0,0,1,0,0,0,0,0,0,0,1,0,0,0,1,0
-0.10115885313749257,0,0.2739762122149248,-0.02375548817107146,-0.8916882501868245,-0.6605306743650393,1,-0.8803614815898617,-1.0261667362455194,-0.05778754527941421,-0.6608531809232983,0.49806455853638254,-0.05327954669818302,-0.27759434772997477,1,-1.1505541015749308,3,0.26623257679518353,0.24198831185855807,0.2211851850634235,-0.6201892226844657,0.33809616377248186,-0.6544537372115486,-0.6154915796172451,-0.6791456840737199,-0.5952272282818631,-0.4567500973473325,-0.07776427630787193,0,0.8059302639742663,-0.46120326373674886,0,1,1,0,0,0,1,0,0,0,0,0,1,0,0,0,0,0,0,0,1,0,0
-1.0866755151470848,0,0.7747548627732282,-0.7641208792270812,1.0617867539482457,-1.5756862740979403,1,-0.5851223839616266,-1.0261667362455194,-0.9614863916702531,1.1532535902386967,-0.9472152305540377,0.12099121338638469,-1.0785044383346125,0,-0.6039107501479274,3,1.1914379855160337,-0.9320143892374165,-0.8073390444129942,-2.171981830933257,0.33809616377248186,-0.4911735278257753,-0.6154915796172451,-0.3687152874355457,-0.8755809692540959,0.5320903195901912,-0.637456676043672,1,-1.3991690523481688,-0.9465848990231709,0,1,1,0,0,0,1,0,0,0,0,0,0,0,1,0,0,0,1,1,0,0,0
-1.8531884744878788,1,1.387093113703431,0.09963874367159682,-1.8684257522543597,1.1697805251007627,1,-1.6676657419318217,0.3796721288811475,-0.9614863916702531,0.24620020465769926,-1.1673431137498147,1.7828877762896211,-0.6780493930322936,1,-1.1505541015749308,3,1.1914379855160337,-0.9320143892374165,-1.3216011591512031,1.707499689688721,0.33809616377248186,-0.9810141559830953,-1.1676872598353414,-0.3687152874355457,-0.8755809692540959,1.520930736527715,0.599257408358379,1,-2.462722448283695,0.7522508244793061,0,1,1,0,0,0,1,0,0,0,0,0,0,0,1,0,0,0,1,0,0,0,0
-0.42966440714069,1,0.6780698757842488,-0.7641208792270812,0.08504925188071055,-1.5756862740979403,1,0.20218187638033347,0.3796721288811475,-0.9614863916702531,-1.5679065665042957,-0.6703555473454494,-1.566905422593985,-0.6780493930322936,1,-1.1505541015749308,3,-1.584178240646517,-0.9320143892374165,-0.16451140099023315,0.1557070814399298,0.33809616377248186,0.48850772848886465,1.0410954610370433,2.114727885669848,0.8065414765793012,-2.43443093122238,-0.7903969844813923,1,-0.6570020818247786,-0.637705676568175,1,0,1,0,1,0,0,0,0,0,0,0,0,0,1,0,0,0,1,1,0,0,0
-0.2106607044718917,0,-0.1871368026555923,-0.7641208792270812,0.08504925188071055,0.2546249253678617,1,-1.2248070954894692,-1.0261667362455194,-0.9614863916702531,0.24620020465769926,-1.1095489204783366,0.3635648681492588,-0.6780493930322936,0,0.7626976284195812,3,0.26623257679518353,1.4159910129545328,-1.3216011591512031,0.1557070814399298,0.33809616377248186,-0.9810141559830953,-1.1676872598353414,-0.6791456840737199,-1.1559347102263289,0.5320903195901912,1.1599011266206423,1,-2.1033840912886164,0.7522508244793061,0,0,1,0,1,0,0,0,0,0,1,0,0,0,0,0,0,1,0,1,0,0,0
-1.5246829204846812,0,0.20456134976129856,-0.6407266473844129,0.08504925188071055,-1.5756862740979403,1,-0.3882963188761366,1.7855109940078144,-0.9614863916702531,-1.5679065665042957,-0.7827567541124051,-0.8107951893238443,-0.27759434772997477,0,0.21605427699257776,3,-1.584178240646517,0.24198831185855807,-0.8073390444129942,0.1557070814399298,1.754054456494842,-0.6544537372115486,-0.6154915796172451,-0.6791456840737199,-0.5952272282818631,-1.940010722753618,-0.3183844422679429,1,-0.9159220448503101,0.1859722499784804,0,1,1,0,0,0,1,0,0,0,0,0,0,0,1,0,0,1,0,0,0,0,0
-1.3056792178158831,0,0.01862868247479974,-0.14714972001373974,0.08504925188071055,1.1697805251007627,1,-0.4375028351475091,1.7855109940078144,-0.05778754527941421,-0.6608531809232983,-0.351000133790186,0.19182384490462834,-1.0785044383346125,0,1.855984331273588,4,0.26623257679518353,0.24198831185855807,-0.9359045730975464,0.9316033855643254,0.33809616377248186,-0.6544537372115486,-0.6154915796172451,-0.3687152874355457,-0.5952272282818631,0.5320903195901912,1.019224899519909,1,-0.09872425822450112,-0.9465848990231709,0,1,0,1,1,0,0,0,0,0,0,0,0,0,0,1,0,1,0,0,0,0,0
0.11784484953130571,0,-1.3870222822111313,-0.270543951856408,1.0617867539482457,1.1697805251007627,0,-0.9787745141326066,-1.0261667362455194,-0.05778754527941421,1.1532535902386967,-0.5258700641667541,-0.9166225137945536,-1.0785044383346125,0,1.3093409798465847,4,-1.584178240646517,-0.9320143892374165,-0.42164245835933756,-0.6201892226844657,0.33809616377248186,-0.0013328996684553085,0.7649976209279952,-0.6791456840737199,0.24583399463483546,0.5320903195901912,-0.44267420775034894,0,-0.3786220041437546,-0.9465848990231709,0,1,0,1,0,1,0,0,0,0,0,0,0,0,0,1,0,0,1,0,1,0,0
-0.8676718124782865,0,0.008712273552853136,-1.0109093429124179,1.0617867539482457,-0.6605306743650393,1,0.4974209740085685,-2.432005601372186,-0.9614863916702531,1.1532535902386967,-0.8037921406340092,0.6529386544509724,-0.6780493930322936,0,0.7626976284195812,3,1.1914379855160337,0.24198831185855807,-0.16451140099023315,1.707499689688721,0.33809616377248186,0.48850772848886465,0.7649976209279952,-0.058284890797371494,1.086895217551534,1.026510528058953,-0.9198397253154736,1,-0.969744721754988,-0.637705676568175,1,0,1,0,1,0,0,0,0,0,0,0,0,0,1,0,0,0,0,1,0,0,0
1.2128633628752972,0,0.035982398088206295,-0.8875151110697495,-1.8684257522543597,-0.6605306743650393,1,-0.4867093514188816,1.7855109940078144,-0.05778754527941421,-0.6608531809232983,0.34359257872621857,0.6020628357811229,0.12286069757234411,0,-0.8772324258614291,3,1.1914379855160337,-0.9320143892374165,0.09261965637887129,0.1557070814399298,0.33809616377248186,-0.8177339465973219,-0.6154915796172451,-0.058284890797371494,-0.5952272282818631,0.037670111121429345,-0.08574478172431262,0,0.6768349272160937,-0.16250687279125836,0,1,0,1,0,1,0,0,0,0,0,0,0,0,0,1,0,1,0,0,0,1,0
-1.0866755151470848,0,1.5060900207667902,-0.7641208792270812,-1.8684257522543597,1.1697805251007627,0,0.251388392651706,1.7855109940078144,-0.05778754527941421,1.1532535902386967,-0.3943457787437946,0.33166207577893875,-0.6780493930322936,1,1.3093409798465847,4,-0.6589728319256667,1.4159910129545328,-0.678773515728442,0.1557070814399298,0.33809616377248186,-0.16461310905422863,0.21280194070989908,-0.6791456840737199,-0.0345197463373974,1.026510528058953,0.11590832037124413,1,-0.1634057473499843,-0.46120326373674886,1,0,0,1,0,0,1,0,0,0,0,0,0,0,0,1,0,0,0,1,0,0,0
0.008342998196906572,0,1.04745610812676,0.09963874367159682,-0.8916882501868245,1.1697805251007627,1,0.6942470390940585,1.7855109940078144,-0.9614863916702531,1.1532535902386967,-0.38733398323659324,0.1291425876484048,0.12286069757234411,0,0.4893759527060795,3,-1.584178240646517,-0.9320143892374165,-0.9359045730975464,-0.6201892226844657,0.33809616377248186,-0.9810141559830953,-1.1676872598353414,-0.6791456840737199,-1.1559347102263289,0.5320903195901912,0.9311090210062628,0,-0.15275232885247045,1.0920179691798013,0,1,1,0,1,0,0,0,0,0,0,0,0,0,1,0,0,0,1,0,1,0,0
1.4318670655440953,0,1.0028322679780002,2.320734916839626,-1.8684257522543597,1.1697805251007627,1,0.3990079414658235,1.7855109940078144,-0.9614863916702531,0.24620020465769926,-0.6973403361155881,-1.5482134781655594,-0.6780493930322936,1,-1.1505541015749308,3,0.26623257679518353,2.5899937140505074,1.121143885855289,0.1557070814399298,0.33809616377248186,2.1213098223465976,1.0410954610370433,0.2521455058408027,1.086895217551534,1.026510528058953,-1.1485287714228196,0,-0.7152222947668577,-0.7847910205943636,0,1,1,0,0,0,1,0,0,0,1,0,0,0,0,0,0,1,0,0,0,1,0
-0.3201625558062908,0,1.5854212921423632,-0.02375548817107146,0.08504925188071055,1.1697805251007627,0,-0.9787745141326066,-1.0261667362455194,0.8459113011114247,-0.6608531809232983,0.4500443832446397,0.4695327335555201,-0.6780493930322936,0,-0.3305890744344257,3,-0.6589728319256667,-0.9320143892374165,-0.2930769296747854,0.1557070814399298,1.754054456494842,0.16194730971731802,0.7649976209279952,1.4938670923934996,0.8065414765793012,0.5320903195901912,0.49390769005746366,0,0.7669715419366402,-0.6068177543226755,0,1,1,0,0,0,1,0,0,0,0,0,0,0,0,0,0,0,1,1,0,0,0
-1.4151810691502822,1,-0.2714262784921384,-0.7641208792270812,-0.8916882501868245,-1.5756862740979403,0,-0.043850704976529056,0.3796721288811475,-0.05778754527941421,0.24620020465769926,-0.4092192843651309,1.4717301449773366,2.5255909693862573,0,-0.3305890744344257,3,-1.584178240646517,-0.9320143892374165,-0.9359045730975464,0.1557070814399298,0.33809616377248186,-0.8177339465973219,-0.6154915796172451,-0.058284890797371494,-1.1559347102263289,-1.4455905142848562,0.8780333748840081,1,-0.18625659398521463,5.169223705585746,0,1,0,1,1,0,0,0,0,0,0,0,0,0,0,1,0,0,1,0,0,0,0
0.22734670086570485,0,-0.977970414180834,-0.8875151110697495,1.0617867539482457,1.1697805251007627,0,0.6942470390940585,-1.0261667362455194,-0.05778754527941421,0.24620020465769926,-0.4143187720067319,0.9366908033306033,-0.6780493930322936,0,-1.1505541015749308,3,-1.584178240646517,-0.9320143892374165,1.121143885855289,0.9316033855643254,0.33809616377248186,2.1213098223465976,0.7649976209279952,2.7355886789461965,1.6476026994959998,0.037670111121429345,-1.011253508054192,0,-0.19417169891980446,-0.7847910205943636,0,1,1,0,0,0,0,0,1,0,0,0,0,0,0,0,0,0,1,0,1,0,0
-0.5391662584750891,0,0.3136418479027112,0.09963874367159682,0.08504925188071055,1.1697805251007627,1,-0.5359158676902541,0.3796721288811475,-0.05778754527941421,1.1532535902386967,-0.23519926859549636,1.0385829816058545,-0.6780493930322936,0,-0.8772324258614291,3,1.1914379855160337,-0.9320143892374165,-0.16451140099023315,-0.6201892226844657,-1.0778621289498782,0.48850772848886465,0.7649976209279952,-0.6791456840737199,1.086895217551534,1.520930736527715,-0.36826524367215885,0,0.06157259229073697,-0.637705676568175,0,1,0,1,0,1,0,0,0,0,0,0,0,0,0,1,0,0,1,1,0,0,0
1.4318670655440953,1,-0.5961886706858897,-0.14714972001373974,-0.8916882501868245,-0.6605306743650393,1,-0.7819484490471167,0.3796721288811475,-0.05778754527941421,0.24620020465769926,0.06227084383122937,1.2843890778864262,0.12286069757234411,1,-0.3305890744344257,3,-1.584178240646517,0.24198831185855807,0.8640128284861845,0.9316033855643254,0.33809616377248186,-0.4911735278257753,-0.33939373950819707,-0.3687152874355457,-0.3148734873096303,-0.9511703058160944,-0.7022696549114091,0,0.4088592739012566,-0.41011046002238866,1,0,0,1,0,0,0,0,1,0,0,0,0,0,0,1,0,1,0,0,0,1,0
0.11784484953130571,0,0.060773420393072805,-1.0109093429124179,1.0617867539482457,-0.6605306743650393,0,-1.6184592256604493,1.7855109940078144,-0.05778754527941421,1.1532535902386967,0.23841564611819765,0.7125280111250505,-1.0785044383346125,0,-0.6039107501479274,3,0.26623257679518353,-0.9320143892374165,-0.16451140099023315,0.9316033855643254,-1.0778621289498782,0.32522751910309133,0.7649976209279952,-0.3687152874355457,1.086895217551534,0.037670111121429345,0.0911740386832031,0,0.5821412698485787,-0.9465848990231709,0,1,1,0,1,0,0,0,0,0,0,0,0,0,0,0,0,0,1,0,1,0,0
-1.0866755151470848,0,-0.48214996808350374,-1.0109093429124179,-0.8916882501868245,0.2546249253678617,0,0.10376884383758846,0.3796721288811475,0.8459113011114247,-1.5679065665042957,0.1931576932989887,-1.1670664609483437,-0.6780493930322936,0,-1.1505541015749308,3,1.1914379855160337,-0.9320143892374165,-0.2930769296747854,0.1557070814399298,0.33809616377248186,0.32522751910309133,0.7649976209279952,-0.6791456840737199,0.8065414765793012,0.037670111121429345,0.21702114782744883,0,0.5394869849353049,-0.6068177543226755,0,1,1,0,1,0,0,0,0,0,0,0,1,0,0,0,0,1,0,1,0,0,0
-0.5391662584750891,0,0.5342819464160231,-0.7641208792270812,-0.8916882501868245,0.2546249253678617,0,-1.3232201280322142,0.3796721288811475,0.8459113011114247,1.1532535902386967,0.9893152013439467,0.7111226017695297,0.12286069757234411,0,-0.057267398720923963,3,1.1914379855160337,-0.9320143892374165,-0.16451140099023315,2.4833959938131165,0.33809616377248186,-0.0013328996684553085,0.7649976209279952,1.4938670923934996,0.8065414765793012,1.520930736527715,0.8195986343960113,0,1.1554626676360376,-0.019947231658183493,0,1,1,0,1,0,0,0,0,0,0,0,0,1,0,0,0,0,1,1,0,0,0
1.103361511540898,0,-0.24663525618727192,0.59321567104227,1.0617867539482457,1.1697805251007627,1,-1.1756005792180968,0.3796721288811475,-0.05778754527941421,-1.5679065665042957,-0.32783996075124805,-0.3496803797775002,-0.27759434772997477,0,-0.8772324258614291,3,1.1914379855160337,-0.9320143892374165,1.121143885855289,-0.6201892226844657,0.33809616377248186,-0.0013328996684553085,0.7649976209279952,-0.3687152874355457,0.8065414765793012,0.5320903195901912,-0.9693082886915557,0,-0.06527039290772603,-0.6229971421655562,0,1,0,1,0,1,0,0,0,0,0,0,0,0,0,1,0,0,1,0,0,1,0
0.33684855220010396,0,-0.55156483053713,-0.5173324155417446,1.0617867539482457,1.1697805251007627,1,-0.8803614815898617,-1.0261667362455194,0.8459113011114247,-1.5679065665042957,0.8439798035583179,1.3293621772630888,0.9237707881769818,1,1.5826626555600865,4,0.26623257679518353,0.24198831185855807,1.121143885855289,-0.6201892226844657,0.33809616377248186,1.794749403575051,2.4215846615822834,-0.3687152874355457,2.2083101814404653,0.037670111121429345,-0.40093510740177973,0,1.0602314664057841,-0.13761550687913426,1,0,0,1,1,0,0,0,0,0,0,0,0,0,0,1,0,1,0,0,1,0,0
1.7603726195472926,0,0.41528503935266387,-0.270543951856408,0.08504925188071055,0.2546249253678617,1,-0.3390898026047641,1.7855109940078144,1.7496101475022634,0.24620020465769926,1.7659246734294343,-0.11230673963005273,0.12286069757234411,0,1.036019304133083,3,0.26623257679518353,-0.9320143892374165,2.6639302300699153,0.1557070814399298,0.33809616377248186,-0.32789331844000197,-0.8915894197262932,-0.3687152874355457,-0.3148734873096303,0.5320903195901912,-0.5262812328312793,0,1.5820148384445494,-0.637705676568175,0,1,1,0,1,0,0,0,0,0,0,0,0,1,0,0,0,1,0,0,0,1,0
0.4463504035345031,0,-0.9308674718015876,0.09963874367159682,1.0617867539482457,-0.6605306743650393,1,0.349801425194451,-1.0261667362455194,2.6533089938931025,1.1532535902386967,2.68531979947975,-0.7662437127538378,0.12286069757234411,0,-0.057267398720923963,3,-0.6589728319256667,2.5899937140505074,1.5068404719089457,-0.6201892226844657,-1.0778621289498782,2.284590031732371,0.48889978081894714,3.0460190755843706,0.5261877356070683,-0.4567500973473325,0.23487483827296327,0,1.9678181549108673,-0.5218759681475515,0,1,0,0,0,0,0,0,0,0,0,1,0,0,0,0,0,0,0,0,1,0,0
2.526885578888087,0,0.9334174055243739,0.8400041347276065,1.0617867539482457,-1.5756862740979403,1,0.8910731041795485,0.3796721288811475,-0.05778754527941421,-1.5679065665042957,-0.23328696072989596,-0.3357668271578452,2.1251359240839385,0,-0.3305890744344257,3,1.1914379855160337,-0.9320143892374165,-0.16451140099023315,-1.3960855268088614,0.33809616377248186,-0.8177339465973219,-0.6154915796172451,-0.058284890797371494,-0.5952272282818631,-0.9511703058160944,-0.3664101725455558,0,0.06408155297699714,1.5244488806167957,0,1,0,1,0,1,0,0,0,0,0,0,0,0,0,1,0,0,1,0,0,0,1
-1.0866755151470848,0,-1.2605880684563122,0.09963874367159682,-0.8916882501868245,1.1697805251007627,1,-1.6676657419318217,0.3796721288811475,0.8459113011114247,-1.5679065665042957,0.48659071134278026,-1.3357155836108285,-0.6780493930322936,0,1.5826626555600865,4,0.26623257679518353,1.4159910129545328,-0.2930769296747854,0.9316033855643254,-1.0778621289498782,0.32522751910309133,0.7649976209279952,-0.3687152874355457,0.8065414765793012,-0.4567500973473325,0.5332993238569363,0,0.7967127936508259,-0.6068177543226755,1,0,1,0,1,0,0,0,0,0,0,0,1,0,0,0,0,0,0,1,0,0,0
0.4463504035345031,0,-1.2110060238465792,-1.0109093429124179,0.08504925188071055,1.1697805251007627,1,-0.3390898026047641,-1.0261667362455194,2.6533089938931025,0.24620020465769926,2.695518774762952,0.7376848385888711,-0.6780493930322936,0,-0.8772324258614291,3,-0.6589728319256667,0.24198831185855807,1.3782749432243935,0.1557070814399298,0.33809616377248186,2.4478702411181446,0.7649976209279952,-0.058284890797371494,1.6476026994959998,0.5320903195901912,0.3173428113912752,0,1.9715888191100206,-0.7988600535012164,0,1,0,0,0,0,0,0,0,0,0,1,0,0,0,0,0,1,0,0,1,0,0
1.4318670655440953,0,-1.206047819385606,-0.14714972001373974,1.0617867539482457,1.1697805251007627,1,-0.5851223839616266,0.3796721288811475,-0.9614863916702531,-0.6608531809232983,-0.5583792978819605,-0.6085567830644145,1.7246808787816195,0,-0.057267398720923963,3,1.1914379855160337,0.24198831185855807,-0.9359045730975464,-0.6201892226844657,0.33809616377248186,-0.8177339465973219,-0.6154915796172451,-0.058284890797371494,-0.5952272282818631,1.026510528058953,0.5162945051964082,0,-0.43692205422815505,3.8101551267837643,0,1,0,1,0,1,0,0,0,0,0,0,0,0,0,0,1,1,0,0,0,1,0
-0.9771736638126857,1,-0.3681112654811178,-1.0109093429124179,-0.8916882501868245,-1.5756862740979403,0,0.05456232756621595,-2.432005601372186,-0.9614863916702531,-0.6608531809232983,-0.9108813811076305,-1.4674024402231187,1.7246808787816195,1,-0.6039107501479274,3,1.1914379855160337,-0.9320143892374165,-0.16451140099023315,0.9316033855643254,0.33809616377248186,-0.0013328996684553085,0.7649976209279952,0.2521455058408027,0.8065414765793012,-0.4567500973473325,-1.023723708405246,1,-1.2782671596466777,1.2155696581617998,0,1,1,0,1,0,0,0,0,0,0,0,0,0,1,0,0,0,1,1,0,0,0
-0.10115885313749257,0,-0.9308674718015876,-0.14714972001373974,0.08504925188071055,-1.5756862740979403,0,-0.14226373751927407,1.7855109940078144,0.8459113011114247,-1.5679065665042957,1.1070283744042368,0.8463229817706218,2.5255909693862573,0,-0.3305890744344257,3,-1.584178240646517,0.24198831185855807,-0.16451140099023315,-0.6201892226844657,0.33809616377248186,0.16194730971731802,0.7649976209279952,-0.6791456840737199,0.24583399463483546,-2.43443093122238,0.9337885681891338,0,1.228409391001076,1.8333281030717916,0,0,1,0,1,0,0,0,0,0,0,0,0,1,0,0,0,1,0,0,1,0,0
0.11784484953130571,0,-1.57295494949763,-1.0109093429124179,0.08504925188071055,0.2546249253678617,0,0.743453555365431,0.3796721288811475,0.8459113011114247,0.24620020465769926,0.2885606079272743,0.15233184201449645,0.523315742874663,1,-0.3305890744344257,3,1.1914379855160337,-0.9320143892374165,-0.16451140099023315,0.9316033855643254,1.754054456494842,-0.9810141559830953,-1.1676872598353414,-0.6791456840737199,-1.1559347102263289,1.520930736527715,0.13981812600301716,0,0.6280316425285354,0.2889319907968124,0,1,1,0,1,0,0,0,0,0,0,0,1,0,0,0,0,0,1,0,1,0,0
0.7748559575377005,0,-1.0449061744039736,1.827157989468953,0.08504925188071055,-1.5756862740979403,1,-0.8311549653184892,-2.432005601372186,-0.9614863916702531,0.24620020465769926,-0.5938632327214343,-1.7158788142791799,-0.27759434772997477,0,-0.3305890744344257,3,0.26623257679518353,-0.9320143892374165,-0.2930769296747854,1.707499689688721,0.33809616377248186,-0.32789331844000197,-0.6154915796172451,-0.3687152874355457,-0.0345197463373974,-0.4567500973473325,-0.6312731056216617,0,-0.5032445490839786,-0.26705060962218,0,0,1,0,0,0,1,0,0,0,1,0,0,0,0,0,0,0,1,0,1,0,0
1.103361511540898,0,-1.4514789402037842,-0.7641208792270812,0.08504925188071055,1.1697805251007627,0,-0.8311549653184892,0.3796721288811475,1.7496101475022634,0.24620020465769926,1.54409696101979,-0.5745458766608134,2.5255909693862573,1,-0.8772324258614291,3,1.1914379855160337,1.4159910129545328,2.1496681153317065,-0.6201892226844657,-1.0778621289498782,2.4478702411181446,-0.6154915796172451,2.7355886789461965,2.488663922412698,1.026510528058953,-0.4668195779696271,0,1.4719912170575327,0.1078648603921597,1,0,0,1,0,0,1,0,0,0,0,0,0,0,0,1,0,0,0,0,0,1,0
-0.7581699611438873,0,-0.7474139067455754,2.197340684996958,2.038524256015781,0.2546249253678617,1,1.6291708482501361,0.3796721288811475,-0.05778754527941421,1.1532535902386967,-0.2547473045549669,1.5405952033978512,1.7246808787816195,0,2.1293060069870897,4,1.1914379855160337,0.24198831185855807,-0.16451140099023315,-0.6201892226844657,-1.0778621289498782,0.16194730971731802,0.7649976209279952,1.4938670923934996,0.8065414765793012,1.026510528058953,-0.3872281929663237,0,0.03568271663854568,1.2155696581617998,0,1,0,1,0,1,0,0,0,0,0,0,0,0,0,1,0,0,0,1,0,0,0
-0.8676718124782865,0,1.4713825895399772,0.09963874367159682,0.08504925188071055,0.2546249253678617,1,1.6291708482501361,0.3796721288811475,-0.9614863916702531,0.24620020465769926,-0.8203654754692125,-1.6243866652347818,-0.6780493930322936,0,-1.1505541015749308,3,0.26623257679518353,-0.9320143892374165,-1.3216011591512031,2.4833959938131165,0.33809616377248186,-0.9810141559830953,-1.1676872598353414,-0.6791456840737199,-1.1559347102263289,0.5320903195901912,3.965180908072628,1,-1.0135487088036996,0.7522508244793061,0,1,0,1,1,0,0,0,0,0,0,0,0,0,0,0,1,0,1,1,0,0,0
0.5558522548689022,1,0.3235582568246578,1.2101868302556114,0.08504925188071055,0.2546249253678617,1,-0.4375028351475091,1.7855109940078144,-0.9614863916702531,0.24620020465769926,-0.7955054732164076,0.8506797507727359,1.3242258334793007,1,-0.8772324258614291,3,1.1914379855160337,-0.9320143892374165,-0.5502079870438897,-0.6201892226844657,0.33809616377248186,-0.8177339465973219,-0.6154915796172451,-0.058284890797371494,-0.5952272282818631,1.026510528058953,-0.6680800724193418,0,-0.9483115791290488,1.6016686862305445,1,0,1,0,0,0,1,0,0,0,0,0,0,0,1,0,0,0,0,0,1,0,0
0.6653541062033014,0,-0.06813989559223305,0.7166099028849382,0.08504925188071055,1.1697805251007627,1,-0.9295679978612341,-1.0261667362455194,-0.05778754527941421,1.1532535902386967,0.06397067304509638,1.3168540339989545,0.12286069757234411,0,0.7626976284195812,3,0.26623257679518353,0.24198831185855807,-0.5502079870438897,1.707499689688721,0.33809616377248186,-0.8177339465973219,-0.6154915796172451,-0.058284890797371494,-0.5952272282818631,1.520930736527715,0.522993373153586,0,0.4106304687526335,0.32754189360368685,1,0,0,1,1,0,0,0,0,0,0,0,0,0,0,1,0,1,0,0,1,0,0
-0.3201625558062908,0,0.41528503935266387,-0.14714972001373974,-0.8916882501868245,-0.6605306743650393,0,1.4815512994360187,0.3796721288811475,-0.05778754527941421,0.24620020465769926,-0.07669019440239822,-0.9771956570174961,0.12286069757234411,0,-1.1505541015749308,3,1.1914379855160337,-0.9320143892374165,-0.16451140099023315,-0.6201892226844657,0.33809616377248186,-0.32789331844000197,-0.8915894197262932,0.5625759024789769,-0.3148734873096303,0.5320903195901912,-0.21450045917817043,0,0.25652552712280613,-0.019947231658183493,0,1,1,0,0,0,1,0,0,0,0,0,0,0,0,0,0,0,1,1,0,0,0
-1.5246829204846812,0,-0.3780276744030644,-0.02375548817107146,-1.8684257522543597,-0.6605306743650393,1,-1.4216331605749593,0.3796721288811475,-0.9614863916702531,-1.5679065665042957,-0.8505374440153518,-1.4010671186425414,-0.6780493930322936,0,-0.3305890744344257,3,1.1914379855160337,0.24198831185855807,-0.8073390444129942,-0.6201892226844657,1.754054456494842,-0.4911735278257753,-0.33939373950819707,-0.6791456840737199,-0.5952272282818631,0.037670111121429345,-0.44988837324269426,1,-1.0967216237949,-0.38030632452234525,0,1,1,0,0,0,1,0,0,0,1,0,0,0,0,0,0,1,0,0,0,0,0
0.22734670086570485,0,-1.6398907097207698,-0.7641208792270812,0.08504925188071055,0.2546249253678617,0,-1.0771875466753518,1.7855109940078144,-0.05778754527941421,-0.6608531809232983,-0.024207967424254465,0.6259547948249748,2.5255909693862573,0,-0.057267398720923963,3,0.26623257679518353,0.24198831185855807,0.09261965637887129,0.1557070814399298,-2.4938204216722384,0.16194730971731802,-0.33939373950819707,0.2521455058408027,0.5261877356070683,-0.9511703058160944,-0.3830714595159724,0,0.3158839960463826,1.4056491796725663,0,1,0,0,0,0,0,0,0,1,0,0,0,0,0,0,0,1,0,0,1,0,0
2.08887817355049,0,0.07316893154550606,-0.02375548817107146,0.08504925188071055,0.2546249253678617,1,0.743453555365431,0.3796721288811475,1.7496101475022634,1.1532535902386967,0.9774163968468776,0.8582689612925478,1.7246808787816195,0,-1.1505541015749308,3,0.26623257679518353,-0.9320143892374165,2.406799172700811,-1.3960855268088614,-1.0778621289498782,0.48850772848886465,0.7649976209279952,-0.3687152874355457,-0.8755809692540959,0.5320903195901912,-0.7176369725157382,0,1.1478884116815036,-0.17936876582850386,0,1,1,0,0,0,1,0,0,0,0,0,0,0,0,0,0,1,0,0,0,0,1
0.33684855220010396,0,0.003754069091879834,-0.8875151110697495,-1.8684257522543597,1.1697805251007627,0,0.9894861367222936,-1.0261667362455194,-0.9614863916702531,1.1532535902386967,-0.8841090709892252,1.2108861685926933,-1.0785044383346125,1,1.3093409798465847,4,1.1914379855160337,-0.9320143892374165,-0.8073390444129942,-0.6201892226844657,-1.0778621289498782,-0.4911735278257753,-0.6154915796172451,-0.058284890797371494,-0.3148734873096303,1.520930736527715,-0.515021981687869,0,-1.1950099025718164,-0.9465848990231709,0,1,1,0,0,0,1,0,0,0,0,0,0,0,1,0,0,0,1,0,1,0,0
-1.0866755151470848,0,0.4276805505050971,-0.270543951856408,0.08504925188071055,1.1697805251007627,0,-0.5359158676902541,-1.0261667362455194,-0.05778754527941421,-1.5679065665042957,0.06545802360722999,1.2767998673666145,2.1251359240839385,0,1.036019304133083,3,-1.584178240646517,-0.9320143892374165,-0.2930769296747854,-0.6201892226844657,-2.4938204216722384,-0.0013328996684553085,0.48889978081894714,-0.6791456840737199,0.8065414765793012,-1.940010722753618,0.0793794506560355,0,0.41217855675539145,1.7715522585807923,0,1,1,0,0,0,1,0,0,0,0,0,0,0,0,0,0,0,1,1,0,0,0
-0.8676718124782865,0,0.712777307011062,0.09963874367159682,0.08504925188071055,1.1697805251007627,1,0.841866587908176,0.3796721288811475,-0.9614863916702531,-0.6608531809232983,-0.893670610317227,0.5135220463833182,-0.6780493930322936,0,-0.3305890744344257,3,1.1914379855160337,1.4159910129545328,-1.193035630466651,-0.6201892226844657,0.33809616377248186,-0.8177339465973219,-0.6154915796172451,-0.058284890797371494,-0.5952272282818631,1.026510528058953,0.886793432981856,1,-1.2242189219039625,0.1859722499784804,0,1,0,1,0,1,0,0,0,0,0,0,0,0,0,0,1,0,0,1,0,0,0
1.7603726195472926,0,-1.1316747524710062,-0.3939381836990763,0.08504925188071055,1.1697805251007627,1,0.9894861367222936,0.3796721288811475,-0.05778754527941421,1.1532535902386967,-0.8611613766020206,-0.4770104673876763,-0.27759434772997477,0,0.4893759527060795,3,1.1914379855160337,-0.9320143892374165,0.9925783571707368,0.9316033855643254,0.33809616377248186,-0.8177339465973219,-0.6154915796172451,-0.058284890797371494,-0.5952272282818631,2.015350944996477,-1.21469839912291,0,-1.1271371117937703,-0.6068177543226755,0,1,1,0,1,0,0,0,0,0,1,0,0,0,0,0,0,0,1,0,0,1,0
-0.2106607044718917,0,1.04745610812676,-0.8875151110697495,1.0617867539482457,1.1697805251007627,0,-0.2406767700620191,0.3796721288811475,-0.05778754527941421,-1.5679065665042957,-0.2995803000707091,-1.342461548517328,-0.27759434772997477,0,-1.1505541015749308,3,-1.584178240646517,0.24198831185855807,0.6068817711170802,-0.6201892226844657,1.754054456494842,-0.9810141559830953,-1.1676872598353414,-0.6791456840737199,-1.1559347102263289,-0.4567500973473325,-0.8243808569256903,0,-0.0254324861419962,-0.5468588464343528,0,0,1,0,1,0,0,0,0,0,0,0,0,0,0,0,0,0,0,1,0,0,0
-0.5391662584750891,0,-0.9234301651101275,1.827157989468953,1.0617867539482457,-1.5756862740979403,1,0.6942470390940585,0.3796721288811475,-0.05778754527941421,1.1532535902386967,-0.2536849112963,0.9603016805033512,-0.6780493930322936,0,-0.057267398720923963,3,1.1914379855160337,1.4159910129545328,-0.16451140099023315,-0.6201892226844657,0.33809616377248186,0.48850772848886465,1.0410954610370433,0.5625759024789769,0.8065414765793012,0.5320903195901912,-0.3861975978959887,0,0.03710127459709571,-0.637705676568175,1,0,1,0,1,0,0,0,0,0,1,0,0,0,0,0,0,1,0,1,0,0,0
0.11784484953130571,0,-1.325044726448965,-0.8875151110697495,2.038524256015781,1.1697805251007627,1,1.2847252343505287,0.3796721288811475,-0.9614863916702531,0.24620020465769926,-0.7321868349998617,0.8654365490057034,1.3242258334793007,1,-0.6039107501479274,3,-0.6589728319256667,0.24198831185855807,-0.678773515728442,-2.171981830933257,-2.4938204216722384,-0.9810141559830953,-1.1676872598353414,-0.6791456840737199,-0.8755809692540959,-0.4567500973473325,-0.4303070669063284,0,-0.7938972613630964,1.965704912695361,0,1,1,0,0,0,1,0,0,0,0,0,0,0,1,0,0,1,0,0,1,0,0
-0.3201625558062908,0,-1.5754340517281167,-0.14714972001373974,2.038524256015781,-0.6605306743650393,0,-1.6676657419318217,0.3796721288811475,-0.05778754527941421,-1.5679065665042957,-0.2936308978221746,-1.4231320455242165,0.12286069757234411,0,-0.3305890744344257,3,0.26623257679518353,0.24198831185855807,-0.5502079870438897,0.1557070814399298,0.33809616377248186,-1.1442943653688686,-1.1676872598353414,-0.6791456840737199,-1.1559347102263289,-0.9511703058160944,0.02742437218962115,0,-0.017178219802282763,0.32754189360368685,0,1,1,0,1,0,0,0,0,0,0,0,1,0,0,0,0,0,0,1,0,0,0
1.6508707682128936,0,-0.44992163908717725,-0.7641208792270812,1.0617867539482457,0.2546249253678617,1,-1.7168722582031943,-1.0261667362455194,1.7496101475022634,-1.5679065665042957,2.199806080268987,-0.5943621485736553,-0.6780493930322936,0,-1.1505541015749308,3,-1.584178240646517,-0.9320143892374165,2.9210612874390196,0.1557070814399298,1.754054456494842,4.407232753747424,0.48889978081894714,-0.3687152874355457,3.329725145329397,-0.9511703058160944,-0.4586181197208264,0,1.776428065917298,-0.8495085719658864,0,1,0,1,0,1,0,0,0,0,0,1,0,0,0,0,0,1,0,0,0,1,0
-0.42966440714069,1,-0.6829572487529224,-1.0109093429124179,1.0617867539482457,1.1697805251007627,1,-0.14226373751927407,0.3796721288811475,-0.9614863916702531,1.1532535902386967,-0.811016414792944,-1.2797802912611043,-0.6780493930322936,1,-0.6039107501479274,3,0.26623257679518353,-0.9320143892374165,-0.16451140099023315,-0.6201892226844657,-1.0778621289498782,0.48850772848886465,1.3171933011460915,1.4938670923934996,1.086895217551534,1.026510528058953,-0.9268477717937519,1,-0.988682272709922,-0.637705676568175,0,1,1,0,0,0,0,1,0,0,0,0,0,0,1,0,0,0,1,1,0,0,0
-1.3056792178158831,0,0.19960314530032525,2.0739464531542895,-1.8684257522543597,0.2546249253678617,0,-1.6676657419318217,0.3796721288811475,-0.05778754527941421,1.1532535902386967,-0.06861600563652995,1.1937401744553406,-0.6780493930322936,0,2.1293060069870897,4,-0.6589728319256667,-0.9320143892374165,-0.678773515728442,1.707499689688721,-1.0778621289498782,-0.16461310905422863,0.21280194070989908,-0.3687152874355457,-0.0345197463373974,0.037670111121429345,0.6425424013124509,0,0.2658113197646726,-0.46120326373674886,0,1,0,1,0,0,1,0,0,0,0,0,0,0,0,1,0,0,1,0,0,0,0
0.8843578088720997,0,0.37561940366487745,-0.8875151110697495,-0.8916882501868245,-0.6605306743650393,1,-0.9787745141326066,-2.432005601372186,-0.05778754527941421,0.24620020465769926,0.027424344946955784,-0.2705558330616844,-1.0785044383346125,0,-0.6039107501479274,3,-1.584178240646517,-0.9320143892374165,-0.2930769296747854,0.1557070814399298,0.33809616377248186,0.16194730971731802,0.7649976209279952,0.2521455058408027,-0.8755809692540959,-0.9511703058160944,0.03838466896937486,0,0.37208286470342755,-0.9465848990231709,0,1,0,1,0,0,0,0,1,0,0,0,0,0,0,0,1,0,1,0,1,0,0
-1.5246829204846812,0,-1.2209224327685257,0.09963874367159682,-1.8684257522543597,-1.5756862740979403,1,0.645040522822686,1.7855109940078144,-0.9614863916702531,0.24620020465769926,-0.6369963990233094,0.7472416222064119,-0.6780493930322936,0,0.7626976284195812,3,1.1914379855160337,-0.9320143892374165,-1.193035630466651,0.1557070814399298,0.33809616377248186,-0.8177339465973219,-0.6154915796172451,-0.6791456840737199,-0.5952272282818631,0.037670111121429345,2.131752277946587,1,-0.5880082714785604,0.1859722499784804,0,1,1,0,0,0,1,0,0,0,0,0,0,0,1,0,0,0,1,0,0,0,0
1.103361511540898,1,-0.2069696204994855,2.197340684996958,-0.8916882501868245,-0.6605306743650393,0,0.5466274902799411,1.7855109940078144,-0.05778754527941421,0.24620020465769926,-0.02250813821038746,-0.5585242100078773,0.523315742874663,1,-0.8772324258614291,3,1.1914379855160337,-0.9320143892374165,-0.42164245835933756,-0.6201892226844657,0.33809616377248186,-0.32789331844000197,-0.063295899399149,-0.3687152874355457,-0.3148734873096303,0.5320903195901912,0.16769572265558,0,0.3177679511804185,0.5634912996456974,1,0,0,1,1,0,0,0,0,0,0,0,0,0,0,1,0,0,1,0,0,1,0
-0.3201625558062908,0,-1.2357970461514456,-0.8875151110697495,0.08504925188071055,1.1697805251007627,1,-0.2898832863333916,0.3796721288811475,-0.05778754527941421,1.1532535902386967,-0.04864301237359265,0.6145709790452571,-0.6780493930322936,0,1.855984331273588,4,0.26623257679518353,-0.9320143892374165,-0.678773515728442,1.707499689688721,0.33809616377248186,-0.16461310905422863,0.21280194070989908,-0.3687152874355457,-0.0345197463373974,1.520930736527715,0.6748343801829491,0,0.28853833755473446,-0.46120326373674886,0,1,0,1,0,0,0,1,0,0,0,0,0,0,0,1,0,0,1,1,0,0,0
1.979376322216091,1,-0.19209500711656557,-0.8875151110697495,0.08504925188071055,1.1697805251007627,1,0.5958340065513135,0.3796721288811475,2.6533089938931025,-1.5679065665042957,2.837879471424314,0.9677503500876109,0.9237707881769818,1,-0.6039107501479274,3,1.1914379855160337,0.24198831185855807,1.6354060005934978,-0.6201892226844657,0.33809616377248186,-0.32789331844000197,-0.6154915796172451,-0.3687152874355457,-0.0345197463373974,0.5320903195901912,0.2250655149042308,0,2.023258269984998,-0.26705060962218,0,1,1,0,0,0,1,0,0,0,0,1,0,0,0,0,0,1,0,0,0,1,0
-0.10115885313749257,0,1.5655884742984698,-0.14714972001373974,1.0617867539482457,-1.5756862740979403,1,0.4974209740085685,-1.0261667362455194,0.8459113011114247,-1.5679065665042957,0.2303414573523294,-0.011819970710322154,-0.6780493930322936,0,-0.057267398720923963,3,-0.6589728319256667,-0.9320143892374165,-0.16451140099023315,-1.3960855268088614,0.33809616377248186,0.48850772848886465,0.7649976209279952,-0.6791456840737199,1.3672489585237668,-1.940010722753618,0.08334151614865687,0,0.5746196150891651,-0.637705676568175,0,0,0,1,1,0,0,0,0,0,0,0,0,0,0,1,0,0,1,0,1,0,0
1.6508707682128936,0,-0.2168860294214321,1.2101868302556114,1.0617867539482457,1.1697805251007627,1,-1.2248070954894692,0.3796721288811475,-0.9614863916702531,1.1532535902386967,-0.47699997426807766,1.725265992713272,-1.0785044383346125,0,0.7626976284195812,3,-1.584178240646517,0.24198831185855807,-0.8073390444129942,0.1557070814399298,0.33809616377248186,-0.4911735278257753,-0.33939373950819707,-0.3687152874355457,-0.5952272282818631,0.5320903195901912,0.27482608021690774,0,-0.2950213460338037,-0.9465848990231709,0,0,1,0,0,0,1,0,0,0,0,0,0,0,1,0,0,1,0,0,0,1,0
-1.1961773664814839,0,-0.5639603416895632,-1.0109093429124179,-0.8916882501868245,-1.5756862740979403,0,0.251388392651706,-2.432005601372186,-0.9614863916702531,1.1532535902386967,-0.45447723718433986,-1.2683964754813866,0.12286069757234411,0,-0.3305890744344257,3,-1.584178240646517,0.24198831185855807,-0.8073390444129942,-0.6201892226844657,0.33809616377248186,-0.8177339465973219,-0.6154915796172451,-0.058284890797371494,-1.1559347102263289,-0.9511703058160944,0.31852331119911337,1,-0.2580014716178255,0.7522508244793061,1,0,1,0,1,0,0,0,0,0,1,0,0,0,0,0,0,0,0,1,0,0,0
-0.8676718124782865,0,-0.36067395878965786,2.197340684996958,0.08504925188071055,-0.6605306743650393,0,0.005355811294843447,0.3796721288811475,-0.05778754527941421,0.24620020465769926,-0.4606391180846078,1.5791034197391185,0.523315742874663,0,-0.8772324258614291,3,-1.584178240646517,0.24198831185855807,-0.03594587230568093,0.1557070814399298,-1.0778621289498782,0.16194730971731802,0.7649976209279952,-0.3687152874355457,-0.8755809692540959,-1.4455905142848562,-0.6681871472318442,0,-0.2680394322552566,0.1859722499784804,0,1,1,0,0,0,1,0,0,0,0,0,0,0,0,0,0,1,0,1,0,0,0
-1.1961773664814839,1,0.8516070319183144,-0.14714972001373974,0.08504925188071055,1.1697805251007627,1,-1.3724266443035866,-1.0261667362455194,-0.05778754527941421,-1.5679065665042957,-0.25007277421683266,-1.580959516149192,1.3242258334793007,0,0.4893759527060795,3,0.26623257679518353,-0.9320143892374165,-0.678773515728442,-0.6201892226844657,-1.0778621289498782,-0.4911735278257753,-0.33939373950819707,-0.3687152874355457,-0.5952272282818631,-0.4567500973473325,0.34916633795707536,0,0.04191439814188747,1.965704912695361,0,1,0,1,0,0,0,0,1,0,0,0,0,0,0,1,0,0,1,1,0,0,0
-0.3201625558062908,0,-1.538247518270817,-1.0109093429124179,1.0617867539482457,-0.6605306743650393,0,0.3005949089230785,1.7855109940078144,-0.9614863916702531,1.1532535902386967,-0.6848040956633189,-0.10710672501462612,-0.27759434772997477,0,0.21605427699257776,3,0.26623257679518353,-0.9320143892374165,-0.16451140099023315,-0.6201892226844657,0.33809616377248186,-0.4911735278257753,-0.6154915796172451,-0.3687152874355457,-0.3148734873096303,0.5320903195901912,-0.8044130774379489,1,-0.6878948527181697,-0.32882645411317923,0,1,1,0,1,0,0,0,0,0,0,0,0,0,1,0,0,0,1,1,0,0,0
1.869874470881692,0,-1.0573016855564068,1.2101868302556114,1.0617867539482457,1.1697805251007627,0,1.432344783164646,0.3796721288811475,-0.05778754527941421,-1.5679065665042957,-0.21628866859122592,1.174486066284707,2.5255909693862573,1,-1.1505541015749308,3,-0.6589728319256667,1.4159910129545328,-0.2930769296747854,0.9316033855643254,0.33809616377248186,-0.32789331844000197,-0.33939373950819707,-0.3687152874355457,-0.0345197463373974,-0.4567500973473325,-0.22430256340269045,0,0.08620155346723385,2.111319403281288,0,1,1,0,0,0,1,0,0,0,0,0,1,0,0,0,0,0,0,0,0,1,0
-1.0866755151470848,0,0.0657316248540461,-0.14714972001373974,-1.8684257522543597,0.2546249253678617,1,0.8910731041795485,0.3796721288811475,-0.05778754527941421,1.1532535902386967,-0.45915176752247416,1.3625298380533777,-1.0785044383346125,0,1.036019304133083,3,-0.6589728319256667,0.24198831185855807,-0.8073390444129942,0.1557070814399298,0.33809616377248186,-0.4911735278257753,-0.6154915796172451,-0.3687152874355457,-0.8755809692540959,0.5320903195901912,0.30945407458016505,1,-0.2656103414551169,-0.9465848990231709,1,0,0,1,0,1,0,0,0,0,0,0,0,0,0,1,0,1,0,1,0,0,0
0.008342998196906572,0,-0.5738767506115098,0.09963874367159682,-1.8684257522543597,1.1697805251007627,0,0.7926600716368035,0.3796721288811475,-0.9614863916702531,-1.5679065665042957,-0.7906184642265399,0.7858903794832314,-1.0785044383346125,1,-0.6039107501479274,3,-0.6589728319256667,1.4159910129545328,-0.678773515728442,0.1557070814399298,-1.0778621289498782,-0.32789331844000197,-0.33939373950819707,0.5625759024789769,-0.3148734873096303,-0.9511703058160944,-0.5247782816870407,0,-0.935813093576436,-0.9465848990231709,0,1,1,0,1,0,0,0,0,0,0,0,0,0,1,0,0,0,0,0,1,0,0
0.11784484953130571,0,-1.3944595889025913,-0.8875151110697495,1.0617867539482457,-1.5756862740979403,0,0.448214457737196,1.7855109940078144,-0.05778754527941421,-1.5679065665042957,-0.11111173598320505,1.6544333611950286,1.3242258334793007,1,-0.8772324258614291,3,1.1914379855160337,-0.9320143892374165,0.7354472998016324,-0.6201892226844657,0.33809616377248186,1.3049087754177313,0.7649976209279952,0.5625759024789769,2.2083101814404653,-0.9511703058160944,-0.7554294999773187,0,0.21628331886443483,0.1859722499784804,1,0,1,0,1,0,0,0,0,0,0,0,1,0,0,0,0,0,1,0,1,0,0
-0.3201625558062908,0,-1.6894727543305028,-0.8875151110697495,1.0617867539482457,0.2546249253678617,0,0.9894861367222936,-1.0261667362455194,-0.9614863916702531,-1.5679065665042957,-0.4508651001048725,-0.953303697973644,-0.6780493930322936,0,-1.1505541015749308,3,0.26623257679518353,-0.9320143892374165,-0.678773515728442,0.1557070814399298,0.33809616377248186,-0.16461310905422863,0.21280194070989908,-0.3687152874355457,-0.3148734873096303,-0.4567500973473325,0.02452889080153694,1,-0.25214811658289993,-0.46120326373674886,0,1,1,0,0,0,1,0,0,0,0,0,0,0,1,0,0,0,1,1,0,0,0
-0.2106607044718917,0,-1.0374688677125135,-0.14714972001373974,1.0617867539482457,-1.5756862740979403,0,0.3005949089230785,0.3796721288811475,-0.9614863916702531,1.1532535902386967,-0.8352389810905488,0.8437932449306845,-0.6780493930322936,0,0.21605427699257776,3,-0.6589728319256667,0.24198831185855807,-1.0644701017820986,-1.3960855268088614,-1.0778621289498782,-0.6544537372115486,-0.6154915796172451,-0.6791456840737199,-0.5952272282818631,-0.9511703058160944,0.2866435703567496,1,-1.0539754114595892,-0.09716703727193238,0,1,0,1,1,0,0,0,0,0,0,0,0,0,0,0,1,1,0,1,0,0,0
-0.7581699611438873,0,0.293809030058818,-1.0109093429124179,0.08504925188071055,1.1697805251007627,1,-1.3724266443035866,-2.432005601372186,-0.9614863916702531,0.24620020465769926,-0.5673034012547623,1.4141083614009875,0.12286069757234411,0,1.5826626555600865,4,0.26623257679518353,1.4159910129545328,-0.5502079870438897,-0.6201892226844657,0.33809616377248186,-0.8177339465973219,-0.6154915796172451,-0.6791456840737199,-0.5952272282818631,1.026510528058953,-0.3518346136936745,1,-0.45332897553119994,0.32754189360368685,0,1,1,0,1,0,0,0,0,0,1,0,0,0,0,0,0,1,0,1,0,0,0
0.33684855220010396,0,-0.028474259904446627,-0.8875151110697495,-0.8916882501868245,0.2546249253678617,0,-1.3724266443035866,1.7855109940078144,-0.05778754527941421,-0.6608531809232983,-0.47997467539234495,-0.6158649117131222,-0.6780493930322936,0,2.4026276827005915,4,1.1914379855160337,0.24198831185855807,-0.42164245835933756,-0.6201892226844657,0.33809616377248186,0.16194730971731802,0.7649976209279952,0.2521455058408027,0.8065414765793012,0.5320903195901912,-0.38702207395225663,0,-0.29997952889686463,-0.5690658493559537,1,0,1,0,0,0,1,0,0,0,0,0,0,0,0,0,0,1,0,0,1,0,0
-0.3201625558062908,0,0.7648384538512817,-0.14714972001373974,-0.8916882501868245,0.2546249253678617,0,1.333931750621901,0.3796721288811475,-0.05778754527941421,-1.5679065665042957,-0.000622837081849785,-0.14167979516043552,0.9237707881769818,0,0.4893759527060795,3,-0.6589728319256667,0.24198831185855807,-0.678773515728442,-1.3960855268088614,0.33809616377248186,-0.6544537372115486,-0.6154915796172451,-0.3687152874355457,-0.5952272282818631,-0.9511703058160944,0.7524725421481886,0,0.34181561937016425,1.4803232774089392,0,1,0,1,1,0,0,0,0,0,0,0,0,0,0,1,0,1,0,1,0,0,0
0.5558522548689022,0,-0.5763558528419964,-0.14714972001373974,0.08504925188071055,-0.6605306743650393,1,0.005355811294843447,0.3796721288811475,2.6533089938931025,1.1532535902386967,2.53424747809732,0.26869973665161107,-0.6780493930322936,0,-0.6039107501479274,3,-0.6589728319256667,0.24198831185855807,1.6354060005934978,0.9316033855643254,-1.0778621289498782,2.774430659889691,0.7649976209279952,3.666879868860719,1.3672489585237668,-0.4567500973473325,0.10233881861183265,0,1.910830089982155,-0.8106780411429727,1,0,1,0,1,0,0,0,0,0,0,1,0,0,0,0,0,0,0,0,1,0,0
-1.5246829204846812,1,1.0920799482755195,-0.3939381836990763,0.08504925188071055,0.2546249253678617,1,-0.14226373751927407,1.7855109940078144,-0.9614863916702531,-1.5679065665042957,-1.0415557519236565,-1.527413419703853,-0.6780493930322936,1,1.5826626555600865,4,0.26623257679518353,1.4159910129545328,-1.3216011591512031,-0.6201892226844657,0.33809616377248186,-1.1442943653688686,-1.1676872598353414,-0.6791456840737199,-1.1559347102263289,-0.4567500973473325,1.8194819716350694,1,-1.767673098716392,0.7522508244793061,0,1,1,0,1,0,0,0,0,0,1,0,0,0,0,0,0,1,0,0,0,0,0
-1.4151810691502822,0,0.7177355114720353,-0.02375548817107146,0.08504925188071055,0.2546249253678617,1,-0.2898832863333916,-1.0261667362455194,-0.9614863916702531,-0.6608531809232983,-0.8093165855790769,1.7199254371622934,-0.6780493930322936,0,-1.1505541015749308,3,0.26623257679518353,2.5899937140505074,-1.3216011591512031,0.9316033855643254,0.33809616377248186,-0.9810141559830953,-1.1676872598353414,-0.6791456840737199,-1.1559347102263289,0.037670111121429345,4.072362795387472,1,-0.9842049000417886,0.7522508244793061,0,0,1,0,1,0,0,0,0,0,1,0,0,0,0,0,0,0,0,0,0,0,0
1.6508707682128936,0,1.2953663311754249,0.2230329755142651,1.0617867539482457,1.1697805251007627,0,0.7926600716368035,0.3796721288811475,-0.05778754527941421,0.24620020465769926,-0.7126387990403912,1.055166812000999,2.1251359240839385,0,1.3093409798465847,4,-0.6589728319256667,0.24198831185855807,-0.2930769296747854,0.1557070814399298,0.33809616377248186,-0.32789331844000197,-0.6154915796172451,-0.3687152874355457,-0.0345197463373974,0.5320903195901912,-0.7592959154699481,0,-0.7492573744950055,1.7715522585807923,0,1,1,0,1,0,0,0,0,0,1,0,0,0,0,0,0,1,0,0,0,1,0
1.4318670655440953,0,-0.2763844829531117,-0.8875151110697495,0.08504925188071055,0.2546249253678617,1,-0.09305722124790157,0.3796721288811475,1.7496101475022634,0.24620020465769926,2.3661768645762202,-1.044514765146938,0.9237707881769818,0,0.21605427699257776,3,1.1914379855160337,-0.9320143892374165,2.406799172700811,0.1557070814399298,0.33809616377248186,-0.4911735278257753,-0.33939373950819707,-0.6791456840737199,-0.3148734873096303,1.026510528058953,-0.268572347201749,0,1.8447870233846426,-0.39857337531269443,0,1,1,0,0,0,1,0,0,0,0,0,0,1,0,0,0,1,0,0,0,1,0
-0.8676718124782865,1,0.006233171322366485,-1.0109093429124179,-0.8916882501868245,-0.6605306743650393,0,-1.4708396768463317,-1.0261667362455194,-0.9614863916702531,-1.5679065665042957,-0.8889960799790928,-1.0714986247729354,-0.6780493930322936,1,-1.1505541015749308,3,1.1914379855160337,0.24198831185855807,-1.3216011591512031,-1.3960855268088614,0.33809616377248186,-0.9810141559830953,-1.1676872598353414,-0.6791456840737199,-1.1559347102263289,-0.4567500973473325,3.2994164926361904,1,-1.2098681460424738,0.7522508244793061,0,1,1,0,1,0,0,0,0,0,1,0,0,0,0,0,0,1,0,1,0,0,0
-0.42966440714069,0,-1.4613953491257308,-0.270543951856408,0.08504925188071055,0.2546249253678617,1,-0.8311549653184892,0.3796721288811475,0.8459113011114247,0.24620020465769926,1.1023538440661025,1.6417846769953421,-1.0785044383346125,0,-1.1505541015749308,3,1.1914379855160337,-0.9320143892374165,0.34975071374797573,0.1557070814399298,1.754054456494842,0.9783483566461847,1.3171933011460915,0.2521455058408027,0.8065414765793012,1.520930736527715,0.24075755174897495,0,1.2255789902442729,-0.9465848990231709,0,1,1,0,0,0,1,0,0,0,0,0,0,1,0,0,0,1,0,1,0,0,0
-0.42966440714069,1,-1.6969100610219627,0.8400041347276065,0.08504925188071055,-1.5756862740979403,0,0.15297536010896096,0.3796721288811475,-0.05778754527941421,-1.5679065665042957,-0.25049773152029936,1.7137416359980024,0.9237707881769818,0,-0.057267398720923963,3,0.26623257679518353,-0.9320143892374165,-0.678773515728442,0.1557070814399298,0.33809616377248186,-0.6544537372115486,-0.6154915796172451,-0.6791456840737199,-0.5952272282818631,-1.4455905142848562,0.3484792745768521,0,0.04134894632302549,1.4803232774089392,0,1,0,1,0,1,0,0,0,0,0,0,0,0,0,1,0,0,1,1,0,0,0
1.103361511540898,0,-1.488665473661084,-0.8875151110697495,-0.8916882501868245,0.2546249253678617,0,-1.6184592256604493,0.3796721288811475,1.7496101475022634,1.1532535902386967,2.177708300488716,-0.18707451734375435,-0.6780493930322936,1,-1.1505541015749308,3,0.26623257679518353,0.24198831185855807,1.8925370579626022,0.1557070814399298,-1.0778621289498782,3.1009910786612376,2.6976825016913315,0.2521455058408027,-1.1559347102263289,0.5320903195901912,-0.15244278063522668,0,1.7671103971131277,-0.8207452158007651,0,1,1,0,0,0,0,1,0,0,0,1,0,0,0,0,0,1,0,0,0,1,0
-0.10115885313749257,0,-0.31357101641041146,-1.0109093429124179,0.08504925188071055,0.2546249253678617,0,-1.5200461931177043,0.3796721288811475,-0.05778754527941421,-0.6608531809232983,-0.27089568208670345,1.2715998527511878,-1.0785044383346125,0,-0.057267398720923963,3,-1.584178240646517,0.24198831185855807,-0.16451140099023315,-0.6201892226844657,0.33809616377248186,0.32522751910309133,0.7649976209279952,-0.6791456840737199,0.24583399463483546,-0.9511703058160944,-0.4028932380354164,0,0.013954429460166153,-0.9465848990231709,0,1,1,0,0,0,0,1,0,0,0,0,1,0,0,0,0,1,0,0,1,0,0
-0.8676718124782865,0,1.1143918683498995,1.7037637576262845,-0.8916882501868245,0.2546249253678617,1,0.743453555365431,1.7855109940078144,-0.9614863916702531,0.24620020465769926,-0.8080417136686767,1.3303459638119535,-0.6780493930322936,0,2.4026276827005915,4,0.26623257679518353,0.24198831185855807,-0.16451140099023315,0.1557070814399298,0.33809616377248186,0.48850772848886465,0.7649976209279952,-0.6791456840737199,0.8065414765793012,0.5320903195901912,-0.9239621055968138,1,-0.9808555873144055,-0.637705676568175,0,1,1,0,1,0,0,0,0,0,0,0,0,0,1,0,0,1,0,1,0,0,0
2.3078818762192883,1,-1.2804208863002053,-0.8875151110697495,1.0617867539482457,1.1697805251007627,1,-1.7168722582031943,0.3796721288811475,2.6533089938931025,-0.6608531809232983,2.7076300579117545,1.6088980980761576,1.7246808787816195,1,-0.8772324258614291,3,1.1914379855160337,-0.9320143892374165,3.692454459546333,-0.6201892226844657,0.33809616377248186,3.9173921255901045,2.9737803418003796,3.3564494722225446,1.086895217551534,1.026510528058953,-0.4887418073943254,0,1.9760542513235617,-0.3664946519735445,0,1,1,0,1,0,0,0,0,0,0,0,0,1,0,0,0,0,1,0,0,0,1
-0.2106607044718917,0,1.1292664817328193,-1.0109093429124179,1.0617867539482457,1.1697805251007627,0,-1.2740136117608418,1.7855109940078144,-0.9614863916702531,0.24620020465769926,-0.8492625721049516,-0.1422419589026438,0.12286069757234411,0,-0.6039107501479274,3,0.26623257679518353,-0.9320143892374165,-0.5502079870438897,-2.171981830933257,0.33809616377248186,-0.8177339465973219,-0.6154915796172451,-0.058284890797371494,-0.5952272282818631,1.026510528058953,-0.7425773732178463,1,-1.0931127156743823,0.32754189360368685,0,1,1,0,1,0,0,0,0,0,0,0,0,0,1,0,0,0,1,1,0,0,0
0.5558522548689022,0,0.32107915459417113,-1.0109093429124179,-0.8916882501868245,1.1697805251007627,0,-1.1263940629467242,-1.0261667362455194,-0.05778754527941421,1.1532535902386967,-0.09368848654106826,-1.4422456127592982,2.5255909693862573,1,-0.6039107501479274,3,1.1914379855160337,0.24198831185855807,-0.42164245835933756,0.9316033855643254,0.33809616377248186,-0.4911735278257753,-0.33939373950819707,-0.6791456840737199,-0.5952272282818631,2.015350944996477,0.0813833855150202,0,0.23678725094989544,2.451086547981783,0,1,1,0,1,0,0,0,0,0,0,0,1,0,0,0,0,1,0,0,1,0,0
-0.9771736638126857,1,0.2169568609137318,-0.8875151110697495,1.0617867539482457,0.2546249253678617,1,-0.9787745141326066,0.3796721288811475,-0.9614863916702531,0.24620020465769926,-0.4506526214531391,0.2896403360488696,1.3242258334793007,0,0.4893759527060795,3,1.1914379855160337,-0.9320143892374165,-0.8073390444129942,0.1557070814399298,-1.0778621289498782,-0.8177339465973219,-0.6154915796172451,-0.058284890797371494,-0.8755809692540959,0.5320903195901912,0.3259435957055257,1,-0.25180450926655384,2.451086547981783,0,1,1,0,0,0,1,0,0,0,0,0,0,0,1,0,0,0,1,1,0,0,0
-0.10115885313749257,0,0.5913012977172161,0.4698214391996017,0.08504925188071055,0.2546249253678617,1,-1.4708396768463317,0.3796721288811475,-0.9614863916702531,-0.6608531809232983,-0.9263923226841669,1.576011519156973,0.523315742874663,0,-0.6039107501479274,3,-0.6589728319256667,0.24198831185855807,-0.42164245835933756,-0.6201892226844657,0.33809616377248186,-0.32789331844000197,-0.6154915796172451,-0.6791456840737199,-0.0345197463373974,-0.4567500973473325,-0.9283421346457378,0,-1.328697489555555,0.5634912996456974,0,1,0,0,0,0,0,0,0,1,0,0,0,0,0,0,0,1,0,0,1,0,0
-0.5391662584750891,0,0.14010469176864562,-0.6407266473844129,0.08504925188071055,0.2546249253678617,0,1.5799643319787637,-1.0261667362455194,-0.05778754527941421,0.24620020465769926,-0.0724406213677307,0.6761279088170641,-0.6780493930322936,0,-0.8772324258614291,3,0.26623257679518353,0.24198831185855807,0.34975071374797573,0.1557070814399298,0.33809616377248186,1.141628566031958,2.4215846615822834,1.1834366957553253,1.086895217551534,0.5320903195901912,-0.5732653259485179,0,0.26141992496412736,-0.7200734692228407,0,1,1,0,1,0,0,0,0,0,0,0,1,0,0,0,0,1,0,1,0,0,0
0.33684855220010396,0,-0.20449051826899883,0.8400041347276065,1.0617867539482457,-1.5756862740979403,1,-0.7327419327757442,-1.0261667362455194,-0.05778754527941421,0.24620020465769926,-0.2993678214189758,-0.327474911960273,1.3242258334793007,0,-0.3305890744344257,3,1.1914379855160337,-0.9320143892374165,-0.16451140099023315,2.4833959938131165,0.33809616377248186,-0.9810141559830953,-1.1676872598353414,-0.6791456840737199,-1.1559347102263289,0.037670111121429345,-0.4305131859203955,0,-0.02513691031891455,0.9066904357068039,1,0,1,0,0,0,1,0,0,0,1,0,0,0,0,0,0,0,1,0,1,0,0
-0.7581699611438873,0,0.35578658582098427,-0.8875151110697495,0.08504925188071055,0.2546249253678617,0,-0.6835354165043717,-1.0261667362455194,-0.05778754527941421,1.1532535902386967,0.07948161462163278,0.8321283472798626,0.9237707881769818,1,2.4026276827005915,4,-0.6589728319256667,-0.9320143892374165,0.09261965637887129,0.9316033855643254,-1.0778621289498782,-1.1442943653688686,-1.1676872598353414,-0.6791456840737199,-1.1559347102263289,0.037670111121429345,-0.2992497271287221,0,0.42669708243581805,0.36021181136334995,0,1,1,0,0,0,1,0,0,0,0,0,1,0,0,0,0,0,1,1,0,0,0
0.8843578088720997,0,-1.3647103621367513,-0.8875151110697495,0.08504925188071055,-0.6605306743650393,0,1.432344783164646,-1.0261667362455194,-0.9614863916702531,0.24620020465769926,-0.8985576193070947,-1.1468285662288455,-0.6780493930322936,0,-0.3305890744344257,3,1.1914379855160337,-0.9320143892374165,-1.3216011591512031,0.1557070814399298,0.33809616377248186,-0.9810141559830953,-1.1676872598353414,-0.6791456840737199,-1.1559347102263289,0.5320903195901912,3.206662936306037,0,-1.2393697193597397,0.7522508244793061,0,1,1,0,1,0,0,0,0,0,0,0,0,0,1,0,0,0,1,0,1,0,0
0.5558522548689022,0,0.3235582568246578,2.4441291486822943,0.08504925188071055,-0.6605306743650393,1,1.5799643319787637,0.3796721288811475,-0.05778754527941421,-0.6608531809232983,-0.4396037315630036,-0.35235065755298955,-0.6780493930322936,0,-0.6039107501479274,3,1.1914379855160337,0.24198831185855807,-0.16451140099023315,0.1557070814399298,-1.0778621289498782,0.32522751910309133,1.0410954610370433,1.4938670923934996,1.086895217551534,-0.4567500973473325,-0.5665517352046211,0,-0.23404413918823078,-0.637705676568175,0,1,1,0,1,0,0,0,0,0,0,0,1,0,0,0,0,1,0,0,1,0,0
0.11784484953130571,0,-0.821786973660175,0.3464272073569334,0.08504925188071055,-1.5756862740979403,1,-1.0279810304039791,-1.0261667362455194,-0.05778754527941421,-1.5679065665042957,-0.0456683112493254,-1.4094995747756656,-0.27759434772997477,0,-0.057267398720923963,3,0.26623257679518353,0.24198831185855807,0.2211851850634235,0.1557070814399298,-1.0778621289498782,-0.4911735278257753,-0.33939373950819707,-0.3687152874355457,-0.5952272282818631,-1.940010722753618,-0.48350162784439105,0,0.2918940492290954,-0.46120326373674886,1,0,1,0,1,0,0,0,0,0,0,0,0,0,0,0,0,0,0,0,1,0,0
-0.3201625558062908,0,-0.24911435841775856,0.8400041347276065,1.0617867539482457,0.2546249253678617,0,1.6783773645215088,-1.0261667362455194,-0.9614863916702531,1.1532535902386967,-0.8392760754734829,-0.8442439319852372,-0.6780493930322936,0,0.21605427699257776,3,0.26623257679518353,-0.9320143892374165,-0.678773515728442,0.1557070814399298,0.33809616377248186,-0.32789331844000197,-0.6154915796172451,-0.3687152874355457,-0.3148734873096303,1.026510528058953,-0.6034470387226156,1,-1.0651383088650788,-0.46120326373674886,1,0,1,0,1,0,0,0,0,0,0,0,0,0,1,0,0,0,1,1,0,0,0
1.3223652142096962,1,0.9458129166768071,0.2230329755142651,0.08504925188071055,0.2546249253678617,0,-1.1263940629467242,0.3796721288811475,0.8459113011114247,1.1532535902386967,0.24457752701846555,-1.188007060345602,-0.6780493930322936,0,0.7626976284195812,3,-1.584178240646517,1.4159910129545328,-0.2930769296747854,0.1557070814399298,1.754054456494842,0.32522751910309133,1.0410954610370433,1.4938670923934996,0.8065414765793012,0.5320903195901912,0.27244426049880005,0,0.5878563036177289,-0.6068177543226755,0,1,0,1,0,1,0,0,0,0,0,0,0,0,0,1,0,1,0,0,0,1,0
1.979376322216091,1,-0.9085555517272077,-0.8875151110697495,-1.8684257522543597,0.2546249253678617,1,-1.4216331605749593,0.3796721288811475,-0.05778754527941421,1.1532535902386967,-0.28534423040457296,1.0127234494642736,0.523315742874663,0,0.21605427699257776,3,0.26623257679518353,-0.9320143892374165,0.09261965637887129,0.1557070814399298,-1.0778621289498782,0.32522751910309133,0.7649976209279952,1.4938670923934996,-0.3148734873096303,0.5320903195901912,-0.5941716830896002,0,-0.005756104407142569,0.0988524692860458,0,1,0,1,0,0,1,0,0,0,0,0,0,0,0,1,0,0,1,0,0,1,0
0.6653541062033014,0,-0.5292529104627501,0.59321567104227,-0.8916882501868245,-0.6605306743650393,1,1.3831382668932737,0.3796721288811475,1.7496101475022634,-1.5679065665042957,2.2641871117442,-1.280764077809969,1.3242258334793007,0,2.4026276827005915,4,0.26623257679518353,0.24198831185855807,1.3782749432243935,0.1557070814399298,0.33809616377248186,-0.4911735278257753,-0.8915894197262932,-0.3687152874355457,-1.1559347102263289,-0.9511703058160944,0.12715117568399012,0,1.8032505411539317,-0.06023582589144377,0,1,1,0,1,0,0,0,0,0,0,0,0,1,0,0,0,1,0,0,1,0,0
-1.0866755151470848,0,-1.3225656242184785,-0.5173324155417446,-1.8684257522543597,0.2546249253678617,1,-1.1756005792180968,-1.0261667362455194,0.8459113011114247,1.1532535902386967,1.3396924980522829,-0.7689139905293272,-0.6780493930322936,1,0.21605427699257776,3,-0.6589728319256667,0.24198831185855807,-0.2930769296747854,0.1557070814399298,0.33809616377248186,0.32522751910309133,1.0410954610370433,-0.6791456840737199,1.086895217551534,0.5320903195901912,1.4528191477225354,0,1.3629582697075937,-0.6068177543226755,0,1,1,0,0,0,0,0,1,0,0,0,0,1,0,0,0,0,0,1,0,0,0
-0.2106607044718917,0,0.3657029947429309,-0.270543951856408,0.08504925188071055,0.2546249253678617,1,-0.3390898026047641,0.3796721288811475,0.8459113011114247,0.24620020465769926,0.7900102260180405,0.6402899702512861,0.12286069757234411,0,1.5826626555600865,4,-0.6589728319256667,-0.9320143892374165,0.7354472998016324,0.1557070814399298,1.754054456494842,0.16194730971731802,0.21280194070989908,-0.3687152874355457,0.5261877356070683,0.5320903195901912,-0.24122318311956384,0,1.0232755207499813,-0.38030632452234525,0,1,1,0,0,0,0,1,0,0,0,0,1,0,0,0,0,0,1,1,0,0,0
-0.9771736638126857,0,-0.10532642904953281,-0.8875151110697495,1.0617867539482457,-0.6605306743650393,0,0.743453555365431,0.3796721288811475,-0.05778754527941421,-0.6608531809232983,-0.36629859671498904,-1.4918565630091791,-0.6780493930322936,1,1.3093409798465847,4,-1.584178240646517,-0.9320143892374165,-0.42164245835933756,-0.6201892226844657,0.33809616377248186,0.16194730971731802,0.7649976209279952,1.4938670923934996,0.24583399463483546,-1.4455905142848562,-0.2491799832949447,1,-0.12123705828098015,-0.5690658493559537,0,1,0,1,0,1,0,0,0,0,0,0,0,0,0,1,0,1,0,1,0,0,0
-0.3201625558062908,0,0.0657316248540461,-0.7641208792270812,-0.8916882501868245,0.2546249253678617,1,1.0878991692650386,0.3796721288811475,-0.9614863916702531,1.1532535902386967,-0.5877013518211663,-1.6963436242374421,-1.0785044383346125,0,1.036019304133083,3,0.26623257679518353,0.24198831185855807,-0.9359045730975464,-1.3960855268088614,-2.4938204216722384,-0.6544537372115486,-0.6154915796172451,-0.6791456840737199,-0.5952272282818631,0.037670111121429345,0.44518344534329024,1,-0.49151582675550315,-0.9465848990231709,0,1,0,0,0,0,0,0,0,1,0,0,0,0,0,0,0,1,0,1,0,0,0
-1.1961773664814839,1,0.20951955422227186,-0.5173324155417446,-0.8916882501868245,0.2546249253678617,0,1.0878991692650386,-1.0261667362455194,-0.9614863916702531,0.24620020465769926,-0.8790095833476241,0.9254475284864376,-0.6780493930322936,1,-0.3305890744344257,3,-1.584178240646517,0.24198831185855807,-0.42164245835933756,-0.6201892226844657,0.33809616377248186,0.16194730971731802,0.7649976209279952,-0.3687152874355457,0.8065414765793012,-0.4567500973473325,-0.8708864594745591,1,-1.1796604192279765,-0.5690658493559537,1,0,1,0,0,0,1,0,0,0,0,0,0,0,1,0,0,1,0,1,0,0,0
-1.0866755151470848,0,-0.8912018361138011,-0.7641208792270812,0.08504925188071055,1.1697805251007627,1,-0.7819484490471167,0.3796721288811475,-0.9614863916702531,1.1532535902386967,-1.019245493491652,0.3173269003526275,-0.6780493930322936,0,-1.1505541015749308,3,0.26623257679518353,2.5899937140505074,-1.4501666878357553,2.4833959938131165,-1.0778621289498782,-1.1442943653688686,-1.1676872598353414,-0.6791456840737199,-1.1559347102263289,1.026510528058953,2.0359069364054285,1,-1.6720382181190179,2.451086547981783,0,0,1,0,0,0,1,0,0,0,0,0,0,0,1,0,0,1,0,1,0,0,0
1.5413689168784945,0,1.2780126155620184,2.0739464531542895,1.0617867539482457,-1.5756862740979403,0,0.005355811294843447,0.3796721288811475,1.7496101475022634,0.24620020465769926,2.083155300467364,-1.225390949202453,-0.27759434772997477,0,-0.3305890744344257,3,0.26623257679518353,0.24198831185855807,2.2782336440162587,-0.6201892226844657,-1.0778621289498782,2.1213098223465976,0.48889978081894714,0.5625759024789769,3.6100788863016295,-0.9511703058160944,-0.3214549048223204,0,1.7265771176270144,-0.7200734692228407,0,1,0,1,0,1,0,0,0,0,0,1,0,0,0,0,0,1,0,0,0,1,0
0.7748559575377005,0,-0.4400052301652307,-0.6407266473844129,0.08504925188071055,1.1697805251007627,1,-0.7819484490471167,0.3796721288811475,-0.05778754527941421,-0.6608531809232983,-0.1210982326146737,-1.281185700616625,2.5255909693862573,0,-0.8772324258614291,3,1.1914379855160337,-0.9320143892374165,-0.16451140099023315,-0.6201892226844657,-1.0778621289498782,-0.32789331844000197,-0.6154915796172451,-0.058284890797371494,-0.3148734873096303,0.5320903195901912,-0.2575793331181754,0,0.20440392773193714,1.8333281030717916,0,1,1,0,0,0,1,0,0,0,0,0,0,0,0,0,0,0,1,0,1,0,0
-1.3056792178158831,0,-1.5432057227317904,-0.8875151110697495,-1.8684257522543597,-1.5756862740979403,1,-0.043850704976529056,1.7855109940078144,-0.9614863916702531,-1.5679065665042957,-0.6542071698137129,1.0286045751816575,1.7246808787816195,0,-0.6039107501479274,3,0.26623257679518353,-0.9320143892374165,-0.678773515728442,0.1557070814399298,-1.0778621289498782,-0.4911735278257753,-0.33939373950819707,-0.6791456840737199,-0.8755809692540959,-1.940010722753618,-0.3042309366353416,1,-0.6232088218692949,2.451086547981783,0,1,1,0,0,0,1,0,0,0,0,0,0,0,1,0,0,0,1,0,0,0,0
-0.42966440714069,0,-0.5366902171542101,-1.0109093429124179,0.08504925188071055,-1.5756862740979403,1,-0.8803614815898617,1.7855109940078144,-0.05778754527941421,-1.5679065665042957,-0.5239577563011537,1.0544641073232386,-0.6780493930322936,0,1.855984331273588,4,-1.584178240646517,0.24198831185855807,-0.2930769296747854,1.707499689688721,0.33809616377248186,0.32522751910309133,1.0410954610370433,-0.6791456840737199,1.086895217551534,-2.43443093122238,-0.5559251549238331,1,-0.375261893871042,-0.6068177543226755,0,1,0,1,0,0,1,0,0,0,0,0,0,0,0,1,0,0,0,1,0,0,0
-0.2106607044718917,0,1.3399901713241846,2.197340684996958,-1.8684257522543597,0.2546249253678617,0,-0.6343289002329991,-1.0261667362455194,-0.9614863916702531,-1.5679065665042957,-0.8380012035630827,0.49735983879483014,-0.6780493930322936,0,-1.1505541015749308,3,1.1914379855160337,-0.9320143892374165,-0.678773515728442,0.1557070814399298,-1.0778621289498782,-0.16461310905422863,0.21280194070989908,-0.3687152874355457,-0.8755809692540959,-0.4567500973473325,-0.6013858485819455,1,-1.0616042334158886,-0.46120326373674886,0,1,1,0,0,0,1,0,0,0,0,0,0,0,1,0,0,0,1,1,0,0,0
-0.10115885313749257,0,0.3111627456722245,-1.0109093429124179,-0.8916882501868245,-0.6605306743650393,1,-0.4867093514188816,0.3796721288811475,-0.05778754527941421,1.1532535902386967,-0.06415395395012906,-1.614829881617241,-0.6780493930322936,1,-0.3305890744344257,3,1.1914379855160337,0.24198831185855807,0.8640128284861845,-1.3960855268088614,-1.0778621289498782,1.794749403575051,2.6976825016913315,0.5625759024789769,1.9279564404682326,0.5320903195901912,-0.7704034401168924,0,0.270918476661414,-0.7677600860229101,0,1,0,1,1,0,0,0,0,0,0,0,0,0,0,1,0,1,0,0,1,0,0
-0.5391662584750891,0,-1.6993891632524494,0.4698214391996017,1.0617867539482457,-0.6605306743650393,1,0.349801425194451,0.3796721288811475,-0.05778754527941421,1.1532535902386967,-0.4461905697667382,-0.7115732888240823,-0.27759434772997477,0,-1.1505541015749308,3,0.26623257679518353,0.24198831185855807,-0.42164245835933756,0.1557070814399298,-1.0778621289498782,-0.32789331844000197,-0.6154915796172451,-0.6791456840737199,-0.3148734873096303,0.037670111121429345,-0.3460559199064387,1,-0.2446068121304346,-0.1915467996887367,0,1,0,1,1,0,0,0,0,0,0,0,0,0,0,1,0,0,0,1,0,0,0
-0.7581699611438873,0,0.5194073330331033,-0.5173324155417446,1.0617867539482457,-0.6605306743650393,1,0.448214457737196,-1.0261667362455194,-0.9614863916702531,1.1532535902386967,-0.5826018641795653,-1.678073302615673,2.5255909693862573,0,-0.8772324258614291,3,-0.6589728319256667,0.24198831185855807,-0.16451140099023315,0.1557070814399298,-1.0778621289498782,-0.32789331844000197,-0.063295899399149,-0.6791456840737199,-0.3148734873096303,-0.4567500973473325,-0.7052698316717178,1,-0.48187792486193276,1.8333281030717916,1,0,1,0,1,0,0,0,0,0,0,0,0,0,1,0,0,0,0,1,0,0,0
1.7603726195472926,0,-0.35075754986771124,-0.270543951856408,-0.8916882501868245,-1.5756862740979403,0,0.5958340065513135,-1.0261667362455194,0.8459113011114247,1.1532535902386967,0.9415075047039373,0.8997285372804087,1.7246808787816195,1,0.7626976284195812,3,1.1914379855160337,0.24198831185855807,3.049626816123572,0.1557070814399298,0.33809616377248186,-0.32789331844000197,-0.6154915796172451,-0.6791456840737199,-0.0345197463373974,0.5320903195901912,-0.8365676436324022,0,1.124796602529044,-0.2859265621055409,0,1,0,1,0,1,0,0,0,0,0,0,0,0,0,1,0,1,0,0,0,1,0
0.8843578088720997,0,0.31612095013319785,-0.02375548817107146,0.08504925188071055,1.1697805251007627,1,0.3990079414658235,0.3796721288811475,0.8459113011114247,-1.5679065665042957,0.9047486979540633,0.6922901164055523,0.523315742874663,1,-0.8772324258614291,3,0.26623257679518353,0.24198831185855807,0.8640128284861845,-0.6201892226844657,0.33809616377248186,-0.32789331844000197,-0.063295899399149,-0.6791456840737199,-0.5952272282818631,0.037670111121429345,-0.2482352711471375,0,1.100785568316288,-0.23128564702212795,0,1,0,1,0,1,0,0,0,0,0,0,0,0,0,1,0,0,0,0,1,0,0
-0.5391662584750891,0,-0.4077769011689042,-0.14714972001373974,-0.8916882501868245,0.2546249253678617,0,1.235518718079156,1.7855109940078144,-0.05778754527941421,0.24620020465769926,-0.2821570506285723,1.103091271024255,0.9237707881769818,0,-0.8772324258614291,3,0.26623257679518353,0.24198831185855807,-0.2930769296747854,0.1557070814399298,-1.0778621289498782,-0.32789331844000197,-0.33939373950819707,-0.3687152874355457,-0.3148734873096303,0.037670111121429345,-0.29529911269243786,0,-0.0013859548943697582,0.7522508244793061,0,1,1,0,0,0,1,0,0,0,0,0,0,0,1,0,0,1,0,1,0,0,0
1.6508707682128936,0,0.2169568609137318,1.950552221311621,1.0617867539482457,0.2546249253678617,0,0.743453555365431,-1.0261667362455194,1.7496101475022634,1.1532535902386967,1.5559957655168593,0.6626359790040653,0.12286069757234411,0,1.855984331273588,4,0.26623257679518353,-0.9320143892374165,2.535364701385363,0.1557070814399298,0.33809616377248186,0.32522751910309133,1.0410954610370433,-0.6791456840737199,-1.1559347102263289,1.026510528058953,-0.5611926408388789,0,1.47810144904253,-0.6280532008664564,1,0,1,0,0,0,1,0,0,0,0,0,1,0,0,0,0,1,0,0,0,1,0
0.008342998196906572,0,-1.1415911613929528,0.8400041347276065,1.0617867539482457,1.1697805251007627,1,0.005355811294843447,-1.0261667362455194,-0.05778754527941421,0.24620020465769926,-0.03589429326959012,1.4398273526070164,0.523315742874663,0,1.036019304133083,3,1.1914379855160337,1.4159910129545328,-0.2930769296747854,-0.6201892226844657,0.33809616377248186,-0.9810141559830953,-1.1676872598353414,-0.6791456840737199,-1.1559347102263289,1.520930736527715,-0.029863626799479015,0,0.302867590238435,0.4124836797788108,0,1,0,1,0,1,0,0,0,0,0,0,0,0,0,1,0,0,0,0,1,0,0
-0.9771736638126857,0,0.9086263832195074,-0.14714972001373974,-0.8916882501868245,-0.6605306743650393,1,-0.14226373751927407,-1.0261667362455194,-0.9614863916702531,1.1532535902386967,-0.3329394483928491,1.3564865778246387,-0.6780493930322936,0,-0.6039107501479274,3,1.1914379855160337,0.24198831185855807,-0.678773515728442,2.4833959938131165,0.33809616377248186,-0.32789331844000197,-0.8915894197262932,-0.6791456840737199,-0.0345197463373974,1.026510528058953,0.2151889788135198,0,-0.07257282654572766,-0.46120326373674886,0,1,0,0,0,0,1,0,0,1,0,0,0,0,0,0,0,0,0,1,0,0,0
-1.6341847718190805,0,1.0598516192791931,-1.0109093429124179,-0.8916882501868245,1.1697805251007627,1,-1.6184592256604493,-1.0261667362455194,-0.05778754527941421,1.1532535902386967,-0.36714851132192255,0.6792198093992097,1.3242258334793007,0,1.855984331273588,4,-1.584178240646517,1.4159910129545328,-0.9359045730975464,-0.6201892226844657,-2.4938204216722384,-0.8177339465973219,-0.6154915796172451,-0.058284890797371494,-0.5952272282818631,-0.4567500973473325,0.9800622868471773,1,-0.12249769511413226,3.1306208373827737,0,1,1,0,1,0,0,0,0,0,0,0,1,0,0,0,0,1,0,0,0,0,0
0.7748559575377005,0,0.4549506750404503,-0.14714972001373974,1.0617867539482457,-1.5756862740979403,1,-0.19147025379064658,1.7855109940078144,-0.9614863916702531,1.1532535902386967,-0.7829692327641384,-1.3026884637560918,-0.27759434772997477,1,2.4026276827005915,4,0.26623257679518353,0.24198831185855807,-0.16451140099023315,-0.6201892226844657,-1.0778621289498782,-0.6544537372115486,-0.6154915796172451,-0.6791456840737199,-0.5952272282818631,-0.4567500973473325,-0.8996400619369068,0,-0.9164561997077946,-0.32882645411317923,0,1,1,0,1,0,0,0,0,0,1,0,0,0,0,0,0,1,0,0,1,0,0
0.5558522548689022,0,1.1614948107291458,-0.8875151110697495,-1.8684257522543597,-0.6605306743650393,1,-1.5200461931177043,0.3796721288811475,-0.9614863916702531,1.1532535902386967,-0.8473502642393512,-0.7371517390945592,0.9237707881769818,1,-0.3305890744344257,3,1.1914379855160337,-0.9320143892374165,-0.42164245835933756,-0.6201892226844657,0.33809616377248186,-0.8177339465973219,-0.8915894197262932,-0.058284890797371494,-0.5952272282818631,1.026510528058953,-0.8324967931045788,0,-1.0877155224611914,0.9410103493129147,1,0,1,0,0,0,1,0,0,0,0,0,0,0,1,0,0,0,1,0,1,0,0
-0.10115885313749257,0,1.1788485263425523,-0.14714972001373974,0.08504925188071055,-1.5756862740979403,1,0.5466274902799411,-1.0261667362455194,-0.9614863916702531,-1.5679065665042957,-0.8841090709892252,-0.7980059641886059,-1.0785044383346125,0,1.5826626555600865,4,0.26623257679518353,-0.9320143892374165,-0.678773515728442,0.1557070814399298,0.33809616377248186,-0.32789331844000197,-0.063295899399149,-0.6791456840737199,-0.3148734873096303,-1.4455905142848562,-0.6759322253361802,0,-1.1950099025718164,-0.9465848990231709,0,1,0,0,1,0,0,0,0,1,0,0,0,0,0,0,0,1,0,0,1,0,0
-1.3056792178158831,0,-1.6398907097207698,-0.7641208792270812,-1.8684257522543597,0.2546249253678617,1,1.5799643319787637,0.3796721288811475,-0.05778754527941421,-1.5679065665042957,-0.4905986079790137,0.007012514653655324,-0.6780493930322936,1,0.7626976284195812,3,1.1914379855160337,-0.9320143892374165,-0.8073390444129942,0.1557070814399298,0.33809616377248186,-0.32789331844000197,-0.33939373950819707,-0.6791456840737199,-0.3148734873096303,0.037670111121429345,0.2484428464163305,1,-0.317821826493081,-0.38030632452234525,0,1,0,1,0,0,0,1,0,0,0,0,0,0,0,1,0,1,0,0,0,0,0
-0.2106607044718917,0,-0.4846290703139904,-0.02375548817107146,0.08504925188071055,1.1697805251007627,0,0.005355811294843447,-1.0261667362455194,0.8459113011114247,0.24620020465769926,0.8886003204223267,1.2850917825641865,-0.6780493930322936,1,1.3093409798465847,4,-0.6589728319256667,0.24198831185855807,0.7354472998016324,-0.6201892226844657,0.33809616377248186,1.6314691941892778,2.6976825016913315,0.8730062991171511,3.049371404357164,0.5320903195901912,-0.18496481692715688,0,1.0901150793505345,-0.7578253741895623,0,1,1,0,1,0,0,0,0,0,0,0,1,0,0,0,0,1,0,1,0,0,0
-0.2106607044718917,1,-1.6671608342561228,1.950552221311621,1.0617867539482457,1.1697805251007627,0,1.4815512994360187,0.3796721288811475,-0.9614863916702531,-0.6608531809232983,-0.9521022395439054,0.32308907871026243,-0.6780493930322936,1,1.036019304133083,3,-1.584178240646517,0.24198831185855807,-0.16451140099023315,0.1557070814399298,-1.0778621289498782,0.48850772848886465,-0.6154915796172451,1.4938670923934996,1.086895217551534,-0.9511703058160944,-1.0637107971342454,1,-1.4161974391219503,-0.637705676568175,1,0,1,0,1,0,0,0,0,0,0,0,0,0,1,0,0,0,0,1,0,0,0
-0.5391662584750891,0,-1.2457134550733922,-1.0109093429124179,0.08504925188071055,1.1697805251007627,1,-0.2406767700620191,0.3796721288811475,-0.9614863916702531,1.1532535902386967,-0.8900584732377597,-0.7259084642503936,-1.0785044383346125,0,-0.8772324258614291,3,-0.6589728319256667,0.24198831185855807,-0.9359045730975464,-0.6201892226844657,0.33809616377248186,-0.6544537372115486,-1.1676872598353414,-0.6791456840737199,-0.5952272282818631,1.026510528058953,-0.28808494720009253,1,-1.2131176950053892,-0.9465848990231709,0,0,1,0,1,0,0,0,0,0,1,0,0,0,0,0,0,0,0,1,0,0,0
-1.3056792178158831,0,-0.54412752384567,-0.6407266473844129,-1.8684257522543597,0.2546249253678617,1,1.038692652993666,-1.0261667362455194,-0.05778754527941421,-1.5679065665042957,-0.4774249315715444,0.5398032013315555,-0.6780493930322936,0,-0.8772324258614291,3,-1.584178240646517,-0.9320143892374165,-0.8073390444129942,-1.3960855268088614,1.754054456494842,-0.32789331844000197,-0.6154915796172451,-0.6791456840737199,-0.3148734873096303,-0.9511703058160944,0.27400160416063973,1,-0.2957286589197416,-0.38030632452234525,0,1,0,1,0,1,0,0,0,0,0,0,0,0,0,1,0,1,0,0,0,0,0
1.3223652142096962,0,1.5259228386106836,-1.0109093429124179,0.08504925188071055,0.2546249253678617,0,-1.4708396768463317,0.3796721288811475,-0.9614863916702531,-1.5679065665042957,-0.6210605001433063,-0.5283079088641821,-0.27759434772997477,0,0.21605427699257776,3,-0.6589728319256667,0.24198831185855807,-0.5502079870438897,-0.6201892226844657,0.33809616377248186,-0.4911735278257753,-0.6154915796172451,-0.6791456840737199,-0.5952272282818631,-0.9511703058160944,-0.42633191449217894,0,-0.5561330769376174,-0.09716703727193238,0,1,1,0,0,0,0,0,1,0,0,0,0,0,1,0,0,1,0,0,0,1,0
-1.4151810691502822,0,1.1565366062681726,-0.6407266473844129,-1.8684257522543597,-1.5756862740979403,1,-0.9787745141326066,-1.0261667362455194,-0.9614863916702531,1.1532535902386967,-0.7098765765678573,-0.4968267393005183,-1.0785044383346125,0,0.4893759527060795,3,1.1914379855160337,-0.9320143892374165,-0.678773515728442,-0.6201892226844657,-1.0778621289498782,-0.32789331844000197,-0.6154915796172451,0.2521455058408027,-0.0345197463373974,0.037670111121429345,-0.39423623944460195,1,-0.7430549569597763,-0.9465848990231709,0,0,1,0,1,0,0,0,0,0,1,0,0,0,0,0,0,1,0,0,0,0,0
-0.5391662584750891,0,-1.0498643788649469,-0.5173324155417446,-0.8916882501868245,-0.6605306743650393,1,-0.8803614815898617,0.3796721288811475,-0.05778754527941421,-0.6608531809232983,0.0044766505597512276,-0.7620274846872758,-0.6780493930322936,0,-0.3305890744344257,3,1.1914379855160337,0.24198831185855807,-0.16451140099023315,0.1557070814399298,0.33809616377248186,0.48850772848886465,1.0410954610370433,0.8730062991171511,-0.3148734873096303,0.037670111121429345,-0.13576299580457332,0,0.34736420839033577,-0.637705676568175,1,0,0,1,1,0,0,0,0,0,0,0,0,0,0,1,0,1,0,1,0,0,0
0.11784484953130571,0,-1.0101987431771604,-0.02375548817107146,0.08504925188071055,-0.6605306743650393,1,1.5799643319787637,-1.0261667362455194,-0.9614863916702531,-0.6608531809232983,-0.765758461973735,-0.31075054062957663,-1.0785044383346125,0,1.036019304133083,3,1.1914379855160337,0.24198831185855807,-1.0644701017820986,0.1557070814399298,0.33809616377248186,-0.8177339465973219,-0.6154915796172451,-0.3687152874355457,-0.5952272282818631,0.037670111121429345,0.5113132956897889,0,-0.873792245783135,-0.9465848990231709,0,1,0,1,0,1,0,0,0,0,0,0,0,0,0,0,1,1,0,0,1,0,0
0.5558522548689022,0,1.1466201973462258,-0.7641208792270812,0.08504925188071055,0.2546249253678617,0,1.432344783164646,1.7855109940078144,-0.05778754527941421,1.1532535902386967,-0.2702582461315033,1.3228972942276938,-0.27759434772997477,1,-0.6039107501479274,3,-0.6589728319256667,0.24198831185855807,0.7354472998016324,-1.3960855268088614,-1.0778621289498782,-0.32789331844000197,-0.33939373950819707,-0.3687152874355457,-0.3148734873096303,0.037670111121429345,-0.8462431126456653,0,0.014818096440555668,-0.5690658493559537,0,1,1,0,1,0,0,0,0,0,1,0,0,0,0,0,0,1,0,0,1,0,0
-0.6486681098094882,0,1.0400188014353,0.2230329755142651,1.0617867539482457,1.1697805251007627,1,-0.8803614815898617,0.3796721288811475,-0.9614863916702531,1.1532535902386967,-0.8811343698649579,0.07840730991410726,0.12286069757234411,1,1.036019304133083,3,-0.6589728319256667,0.24198831185855807,-0.42164245835933756,-0.6201892226844657,0.33809616377248186,-0.16461310905422863,-0.063295899399149,-0.6791456840737199,-0.5952272282818631,1.026510528058953,-0.8734629471503967,1,-1.1860370295655565,0.1859722499784804,0,1,1,0,1,0,0,0,0,0,0,0,0,0,1,0,0,1,0,1,0,0,0
-0.8676718124782865,1,-1.1440702636234394,-1.0109093429124179,0.08504925188071055,-0.6605306743650393,0,-0.8803614815898617,-1.0261667362455194,-0.9614863916702531,0.24620020465769926,-0.7867938484953392,1.2942269433750713,1.3242258334793007,1,1.036019304133083,3,0.26623257679518353,2.5899937140505074,-0.8073390444129942,0.1557070814399298,0.33809616377248186,-0.6544537372115486,-0.6154915796172451,-0.6791456840737199,-0.5952272282818631,0.037670111121429345,-0.32621696480248913,1,-0.9261035371341206,2.451086547981783,0,1,0,1,0,0,1,0,0,0,0,0,0,0,0,0,1,0,0,1,0,0,0
1.7603726195472926,0,0.1624166118430255,-0.14714972001373974,0.08504925188071055,-1.5756862740979403,1,0.349801425194451,0.3796721288811475,1.7496101475022634,1.1532535902386967,1.1331632485674419,1.1912104376154034,0.9237707881769818,0,-0.3305890744344257,3,0.26623257679518353,0.24198831185855807,2.1496681153317065,0.1557070814399298,0.33809616377248186,-0.8177339465973219,-1.1676872598353414,-0.058284890797371494,-0.5952272282818631,0.037670111121429345,-0.6091889255430537,0,1.2441366052650138,-0.36077947712576497,0,1,0,1,0,1,0,0,0,0,0,0,0,0,0,1,0,1,0,0,0,1,0
-0.2106607044718917,0,-0.3234874253323581,1.950552221311621,0.08504925188071055,1.1697805251007627,1,0.5958340065513135,-1.0261667362455194,0.8459113011114247,-0.6608531809232983,0.9349206665002026,-0.7285787420258829,0.12286069757234411,0,0.21605427699257776,3,-1.584178240646517,-0.9320143892374165,0.6068817711170802,-0.6201892226844657,0.33809616377248186,0.9783483566461847,1.5932911412551394,0.5625759024789769,1.086895217551534,-0.4567500973473325,-0.07591118709486568,0,1.1205221133315657,-0.3469958201399436,0,1,1,0,0,0,0,0,1,0,0,0,1,0,0,0,0,1,0,1,0,0,0
0.008342998196906572,0,1.0623307215096798,1.456975293940948,-0.8916882501868245,0.2546249253678617,0,-0.5851223839616266,0.3796721288811475,-0.9614863916702531,1.1532535902386967,-0.7500350417454652,0.9709827916053085,0.9237707881769818,0,-0.057267398720923963,3,-0.6589728319256667,0.24198831185855807,-0.16451140099023315,0.1557070814399298,0.33809616377248186,-0.32789331844000197,-0.063295899399149,-0.6791456840737199,-1.1559347102263289,0.5320903195901912,-0.8676916147565205,0,-0.8358446839224332,0.5978112132518081,1,0,0,1,0,0,1,0,0,0,0,0,0,0,0,0,1,1,0,0,1,0,0
1.7603726195472926,0,-1.736575696709749,1.7037637576262845,1.0617867539482457,1.1697805251007627,0,0.3005949089230785,0.3796721288811475,1.7496101475022634,1.1532535902386967,1.6513986801451448,0.8281932010844046,1.3242258334793007,0,0.7626976284195812,3,0.26623257679518353,-0.9320143892374165,2.7924957587544674,-2.171981830933257,0.33809616377248186,0.8150681472604113,1.3171933011460915,0.2521455058408027,1.086895217551534,1.520930736527715,-0.5888625569696925,0,1.5262160336656188,-0.3469958201399436,0,1,1,0,1,0,0,0,0,0,0,0,0,1,0,0,0,0,1,0,0,1,0
0.6653541062033014,0,-0.9432629829540208,-1.0109093429124179,0.08504925188071055,1.1697805251007627,0,-1.6184592256604493,0.3796721288811475,-0.05778754527941421,1.1532535902386967,-0.199927812407756,1.049685715514468,0.523315742874663,0,-0.6039107501479274,3,-0.6589728319256667,0.24198831185855807,0.09261965637887129,-0.6201892226844657,-1.0778621289498782,-0.32789331844000197,-0.6154915796172451,-0.058284890797371494,-0.5952272282818631,0.5320903195901912,-0.5251218133771524,0,0.10718943561915323,0.0988524692860458,1,0,1,0,1,0,0,0,0,0,0,0,0,0,0,0,0,1,0,0,1,0,0
1.103361511540898,0,-1.3721476688282115,-0.8875151110697495,-0.8916882501868245,0.2546249253678617,0,-1.5200461931177043,0.3796721288811475,-0.05778754527941421,1.1532535902386967,-0.41771843043446594,0.48766251424173723,-1.0785044383346125,1,1.855984331273588,4,-1.584178240646517,0.24198831185855807,-0.42164245835933756,-0.6201892226844657,0.33809616377248186,-0.0013328996684553085,0.48889978081894714,1.4938670923934996,0.8065414765793012,0.037670111121429345,-0.31153098505021476,0,-0.1994716487718076,-0.9465848990231709,0,1,0,1,0,1,0,0,0,0,0,0,0,0,0,1,0,1,0,0,0,1,0
0.008342998196906572,0,1.1143918683498995,1.2101868302556114,-0.8916882501868245,-1.5756862740979403,1,-1.6676657419318217,0.3796721288811475,0.8459113011114247,-0.6608531809232983,0.24202778319766505,-1.3350128789330682,-0.6780493930322936,1,-0.6039107501479274,3,1.1914379855160337,-0.9320143892374165,-0.16451140099023315,-0.6201892226844657,0.33809616377248186,0.48850772848886465,-1.1676872598353414,-0.6791456840737199,1.3672489585237668,-0.4567500973473325,0.09467806192234234,0,0.5854940926989651,-0.637705676568175,0,0,0,1,0,0,1,0,0,0,0,0,0,0,0,1,0,0,1,0,1,0,0
1.4318670655440953,0,0.19464494083935197,-0.8875151110697495,1.0617867539482457,-1.5756862740979403,1,1.5799643319787637,0.3796721288811475,1.7496101475022634,-1.5679065665042957,2.426733280320232,-1.3729589315321273,-0.6780493930322936,0,-1.1505541015749308,3,1.1914379855160337,0.24198831185855807,2.535364701385363,0.1557070814399298,0.33809616377248186,3.9173921255901045,0.48889978081894714,3.666879868860719,0.8065414765793012,-0.9511703058160944,-0.288716602243201,0,1.8689177822682725,-0.840407666304266,0,0,1,0,1,0,0,0,0,0,0,1,0,0,0,0,0,0,0,0,0,1,0
0.22734670086570485,0,1.4391542605436507,-0.8875151110697495,0.08504925188071055,1.1697805251007627,0,-1.1756005792180968,-1.0261667362455194,-0.05778754527941421,1.1532535902386967,-0.27599516972830446,-0.9167630547301057,2.1251359240839385,0,-1.1505541015749308,3,0.26623257679518353,1.4159910129545328,0.2211851850634235,-0.6201892226844657,0.33809616377248186,-0.32789331844000197,-0.063295899399149,-0.6791456840737199,-0.0345197463373974,1.520930736527715,-0.6553731749587273,0,0.007027198910277651,0.994941642122517,0,1,0,0,1,0,0,0,0,1,0,0,0,0,0,0,0,1,0,0,1,0,0
-0.42966440714069,0,0.6755907735537622,-0.7641208792270812,-0.8916882501868245,1.1697805251007627,1,-0.4375028351475091,0.3796721288811475,-0.9614863916702531,-0.6608531809232983,-0.8979201833518946,1.1716752475736656,0.12286069757234411,1,-1.1505541015749308,3,0.26623257679518353,0.24198831185855807,-0.5502079870438897,0.9316033855643254,1.754054456494842,-0.4911735278257753,-0.33939373950819707,-0.6791456840737199,-0.3148734873096303,1.026510528058953,-0.8100077363911963,1,-1.237384860206024,0.32754189360368685,0,1,0,0,0,0,0,0,0,1,0,0,0,0,0,0,0,0,0,1,0,0,0
-0.5391662584750891,1,-1.06225989001738,1.950552221311621,1.0617867539482457,-1.5756862740979403,1,1.038692652993666,0.3796721288811475,-0.9614863916702531,1.1532535902386967,-0.787856241754006,0.5204085522253697,-0.6780493930322936,1,2.4026276827005915,4,0.26623257679518353,-0.9320143892374165,-1.3216011591512031,-0.6201892226844657,-2.4938204216722384,-0.9810141559830953,-1.1676872598353414,-0.6791456840737199,-0.8755809692540959,-0.9511703058160944,4.28054299959515,1,-0.9287943608174155,0.7522508244793061,0,1,1,0,1,0,0,0,0,0,1,0,0,0,0,0,0,0,1,1,0,0,0
-0.8676718124782865,0,0.7028608980891153,-0.270543951856408,-1.8684257522543597,-1.5756862740979403,0,-0.19147025379064658,-1.0261667362455194,-0.9614863916702531,1.1532535902386967,-0.8437381271598838,-1.1607421188485005,1.3242258334793007,0,-0.3305890744344257,3,0.26623257679518353,2.5899937140505074,-0.42164245835933756,1.707499689688721,0.33809616377248186,-0.4911735278257753,-0.33939373950819707,-0.6791456840737199,-0.3148734873096303,0.037670111121429345,-0.8281167640556548,1,-1.0775733154296363,1.3185293989801317,0,1,1,0,0,0,1,0,0,0,1,0,0,0,0,0,0,0,0,1,0,0,0
0.7748559575377005,0,-0.35075754986771124,-0.02375548817107146,-0.8916882501868245,-0.6605306743650393,1,-0.2406767700620191,0.3796721288811475,-0.9614863916702531,-1.5679065665042957,-0.8380012035630827,-0.9563955985557896,-0.6780493930322936,1,-0.6039107501479274,3,1.1914379855160337,-0.9320143892374165,-0.42164245835933756,-2.171981830933257,0.33809616377248186,0.16194730971731802,0.7649976209279952,1.4938670923934996,-0.8755809692540959,-0.4567500973473325,-0.8211602473308933,0,-1.0616042334158886,-0.5690658493559537,0,1,1,0,1,0,0,0,0,0,0,0,0,0,1,0,0,1,0,0,1,0,0
-0.9771736638126857,0,0.0458988070101529,-0.5173324155417446,1.0617867539482457,-1.5756862740979403,1,1.5799643319787637,0.3796721288811475,-0.05778754527941421,1.1532535902386967,-0.3388888506413836,1.396821826328083,-0.6780493930322936,0,-0.3305890744344257,3,-0.6589728319256667,-0.9320143892374165,-0.9359045730975464,0.1557070814399298,0.33809616377248186,-0.4911735278257753,-0.6154915796172451,-0.6791456840737199,-0.5952272282818631,-0.4567500973473325,1.0485968590244577,1,-0.08113734224749394,-0.26705060962218,0,1,0,1,0,0,1,0,0,0,0,0,0,0,0,1,0,0,1,1,0,0,0
2.3078818762192883,1,-0.05326528220931313,-0.8875151110697495,-1.8684257522543597,1.1697805251007627,1,-0.4375028351475091,-1.0261667362455194,-0.9614863916702531,1.1532535902386967,-0.8760348822233569,-0.13057706125182192,2.5255909693862573,1,-0.3305890744344257,3,1.1914379855160337,0.24198831185855807,-1.0644701017820986,0.1557070814399298,-1.0778621289498782,-0.9810141559830953,-1.1676872598353414,-0.6791456840737199,-1.1559347102263289,1.520930736527715,0.15472740135386415,0,-1.1707782964146376,6.698175856737976,1,0,1,0,1,0,0,0,0,0,1,0,0,0,0,0,0,0,0,0,0,0,1
0.6653541062033014,0,-1.5506430294232503,-0.14714972001373974,0.08504925188071055,-1.5756862740979403,0,-0.5359158676902541,0.3796721288811475,-0.05778754527941421,-0.6608531809232983,-0.3692732978392563,1.335264896556276,0.523315742874663,0,1.5826626555600865,4,0.26623257679518353,0.24198831185855807,-0.9359045730975464,-0.6201892226844657,1.754054456494842,-0.9810141559830953,-1.1676872598353414,-0.6791456840737199,-1.1559347102263289,-0.4567500973473325,0.9749093114955021,0,-0.12565391314647364,1.7715522585807923,0,1,1,0,1,0,0,0,0,0,0,0,1,0,0,0,0,0,0,0,1,0,0
-1.8531884744878788,1,-0.749893008976062,-0.8875151110697495,0.08504925188071055,0.2546249253678617,0,-0.8311549653184892,-1.0261667362455194,-0.9614863916702531,0.24620020465769926,-0.947427709205771,1.0876317681135272,-0.6780493930322936,0,-0.6039107501479274,3,1.1914379855160337,-0.9320143892374165,-1.193035630466651,0.1557070814399298,-1.0778621289498782,-0.8177339465973219,-0.6154915796172451,-0.6791456840737199,-0.5952272282818631,0.5320903195901912,0.6260528801870902,1,-1.3999054257793444,0.1859722499784804,0,1,0,1,0,0,1,0,0,0,0,0,0,0,0,0,1,0,1,0,0,0,0
-1.7436866231534796,1,1.5482347586850633,1.0867925984129432,-1.8684257522543597,1.1697805251007627,0,-0.043850704976529056,0.3796721288811475,-0.9614863916702531,1.1532535902386967,-0.8095290642308104,-0.7649788443338692,-0.6780493930322936,0,1.036019304133083,3,-1.584178240646517,-0.9320143892374165,-1.3216011591512031,0.1557070814399298,-1.0778621289498782,-0.9810141559830953,-1.1676872598353414,-0.6791456840737199,-1.1559347102263289,0.037670111121429345,4.070301605246803,1,-0.9847638439687678,0.7522508244793061,0,1,1,0,0,0,0,1,0,0,0,0,0,0,1,0,0,0,1,0,0,0,0
-0.10115885313749257,0,1.54327655422409,0.59321567104227,-1.8684257522543597,0.2546249253678617,1,0.10376884383758846,0.3796721288811475,-0.05778754527941421,1.1532535902386967,0.01765032696722051,-1.3340290923842038,-1.0785044383346125,1,0.4893759527060795,3,-1.584178240646517,0.24198831185855807,0.7354472998016324,-0.6201892226844657,-1.0778621289498782,1.4681889848035046,1.0410954610370433,0.5625759024789769,1.9279564404682326,-0.4567500973473325,-0.6819541337863732,0,0.3616041250630704,-0.9465848990231709,0,1,1,0,1,0,0,0,0,0,0,0,0,0,0,0,0,1,0,0,1,0,0
1.103361511540898,0,1.6151705189082028,-0.8875151110697495,1.0617867539482457,1.1697805251007627,0,-0.043850704976529056,-1.0261667362455194,-0.9614863916702531,1.1532535902386967,-0.6818293945390517,-0.1652906723331834,-0.6780493930322936,1,0.7626976284195812,3,-1.584178240646517,-0.9320143892374165,-1.0644701017820986,0.1557070814399298,-1.0778621289498782,-0.6544537372115486,-0.6154915796172451,-0.3687152874355457,-0.5952272282818631,0.037670111121429345,0.7827033308780167,0,-0.6814825472227072,-0.09716703727193238,0,1,0,1,1,0,0,0,0,0,0,0,0,0,0,0,1,0,1,0,0,1,0
-1.6341847718190805,1,-0.45983804800912387,-0.7641208792270812,-1.8684257522543597,-0.6605306743650393,0,-1.5692527093890767,0.3796721288811475,-0.05778754527941421,0.24620020465769926,-0.4954856169688813,-0.6030756865778838,-1.0785044383346125,1,1.036019304133083,3,-1.584178240646517,0.24198831185855807,-0.9359045730975464,0.1557070814399298,1.754054456494842,-0.6544537372115486,-0.6154915796172451,-0.6791456840737199,-0.5952272282818631,-0.4567500973473325,0.6688225756059945,1,-0.3261008324969203,-0.9465848990231709,0,1,1,0,1,0,0,0,0,0,0,0,1,0,0,0,0,1,0,0,0,0,0
0.4463504035345031,1,0.7003817958586287,-0.8875151110697495,1.0617867539482457,-0.6605306743650393,0,-0.4375028351475091,-2.432005601372186,-0.9614863916702531,1.1532535902386967,-0.7914683788334734,0.47951113997971717,0.523315742874663,1,-0.6039107501479274,3,0.26623257679518353,0.24198831185855807,-0.16451140099023315,-1.3960855268088614,-1.0778621289498782,-0.0013328996684553085,0.7649976209279952,-0.3687152874355457,-1.1559347102263289,0.037670111121429345,-0.9078848224995871,0,-0.9379793032307708,0.2889319907968124,0,1,1,0,1,0,0,0,0,0,1,0,0,0,0,0,0,0,0,0,1,0,0
-0.9771736638126857,0,0.47726259511483016,-0.02375548817107146,0.08504925188071055,0.2546249253678617,0,0.5466274902799411,0.3796721288811475,-0.9614863916702531,0.24620020465769926,-0.8766723181785571,-0.6294973824616731,0.9237707881769818,0,0.7626976284195812,3,-0.6589728319256667,0.24198831185855807,-0.678773515728442,-0.6201892226844657,0.33809616377248186,-0.8177339465973219,-0.6154915796172451,-0.058284890797371494,-0.5952272282818631,0.037670111121429345,-0.6639086161822714,1,-1.1726772020059122,1.4803232774089392,0,1,1,0,0,0,1,0,0,0,0,0,0,0,1,0,0,0,0,1,0,0,0
0.22734670086570485,1,0.7921085783866348,-0.3939381836990763,0.08504925188071055,1.1697805251007627,1,0.20218187638033347,0.3796721288811475,-0.9614863916702531,-1.5679065665042957,-0.8709353945817558,-1.4068292970001763,1.7246808787816195,1,1.5826626555600865,4,1.1914379855160337,-0.9320143892374165,-0.42164245835933756,-0.6201892226844657,-2.4938204216722384,-0.8177339465973219,-0.6154915796172451,-0.058284890797371494,-0.5952272282818631,-0.4567500973473325,-0.8610958063063762,0,-1.155672663502548,1.6960484486473488,0,1,1,0,0,0,1,0,0,0,1,0,0,0,0,0,0,1,0,0,1,0,0
-1.0866755151470848,0,-0.4573589457786372,-0.6407266473844129,0.08504925188071055,-0.6605306743650393,0,0.4974209740085685,0.3796721288811475,-0.9614863916702531,0.24620020465769926,-0.8892085586308262,0.491176037630539,-0.6780493930322936,0,1.036019304133083,3,0.26623257679518353,-0.9320143892374165,-1.3216011591512031,-0.6201892226844657,0.33809616377248186,-0.9810141559830953,-0.8915894197262932,-0.6791456840737199,-1.1559347102263289,0.037670111121429345,3.2973553024955207,1,-1.210517494963485,0.7522508244793061,0,1,1,0,1,0,0,0,0,0,0,0,0,0,1,0,0,0,1,1,0,0,0
-0.3201625558062908,0,-0.6358543063736761,0.09963874367159682,0.08504925188071055,-0.6605306743650393,1,0.841866587908176,0.3796721288811475,-0.9614863916702531,-0.6608531809232983,-0.9550769406681726,-1.042406651113657,-0.6780493930322936,0,-0.3305890744344257,3,-0.6589728319256667,1.4159910129545328,-1.3216011591512031,0.1557070814399298,0.33809616377248186,-0.9810141559830953,-1.1676872598353414,-0.3687152874355457,-1.1559347102263289,-0.9511703058160944,2.6583863588877943,1,-1.4266576381738973,0.7522508244793061,0,1,1,0,1,0,0,0,0,0,1,0,0,0,0,0,0,0,0,1,0,0,0
0.5558522548689022,0,-0.8440988937345547,0.59321567104227,-0.8916882501868245,0.2546249253678617,0,0.10376884383758846,-1.0261667362455194,-0.05778754527941421,0.24620020465769926,-0.055017371925593916,-0.9119846629213353,1.7246808787816195,0,0.4893759527060795,3,-1.584178240646517,-0.9320143892374165,-0.16451140099023315,2.4833959938131165,0.33809616377248186,-0.32789331844000197,-0.063295899399149,-0.6791456840737199,-0.3148734873096303,-0.4567500973473325,-0.1934763197433357,0,0.28132224073902146,1.2155696581617998,0,1,0,1,0,0,1,0,0,0,0,0,0,0,0,1,0,0,1,0,1,0,0
-0.42966440714069,0,0.9805203479036203,-1.0109093429124179,1.0617867539482457,0.2546249253678617,1,1.6783773645215088,-1.0261667362455194,-0.9614863916702531,-1.5679065665042957,-0.7870063271470725,-1.5423107588723726,0.12286069757234411,1,-1.1505541015749308,3,-0.6589728319256667,-0.9320143892374165,-0.678773515728442,-1.3960855268088614,0.33809616377248186,-0.6544537372115486,-0.6154915796172451,-0.6791456840737199,-0.5952272282818631,-0.9511703058160944,-0.5189382429551421,1,-0.9266413172612974,0.509560006836095,0,1,1,0,0,0,0,1,0,0,0,0,0,0,1,0,0,0,1,1,0,0,0
2.3078818762192883,0,1.1639739129596325,-0.5173324155417446,0.08504925188071055,0.2546249253678617,0,-1.4216331605749593,-1.0261667362455194,0.8459113011114247,-0.6608531809232983,0.8603406597417877,-0.710870584146322,-0.27759434772997477,1,-0.6039107501479274,3,1.1914379855160337,0.24198831185855807,1.6354060005934978,0.1557070814399298,0.33809616377248186,-0.16461310905422863,-1.1676872598353414,-0.6791456840737199,-0.0345197463373974,0.5320903195901912,-0.5742468450631226,0,1.071257785694046,-0.6747711832627745,0,1,1,0,0,0,0,0,1,0,0,0,0,0,0,0,0,0,0,0,0,0,1
-0.6486681098094882,0,-1.6076623807244432,-0.270543951856408,1.0617867539482457,-0.6605306743650393,1,-1.2248070954894692,-1.0261667362455194,-0.9614863916702531,0.24620020465769926,-0.8868712934617591,-0.3620479821060824,0.12286069757234411,0,-0.057267398720923963,3,-0.6589728319256667,-0.9320143892374165,0.2211851850634235,-0.6201892226844657,1.754054456494842,-0.0013328996684553085,0.7649976209279952,0.8730062991171511,-0.5952272282818631,0.037670111121429345,-1.1112133022223039,0,-1.2033900144893814,-0.2185124460935379,0,1,0,1,1,0,0,0,0,0,0,0,0,0,0,0,1,1,0,1,0,0,0
-0.2106607044718917,0,0.8292951118439346,1.456975293940948,-1.8684257522543597,1.1697805251007627,0,-0.7327419327757442,0.3796721288811475,-0.05778754527941421,1.1532535902386967,-0.5288447652910213,0.6825927918524594,-0.6780493930322936,1,2.675949358414093,4,1.1914379855160337,0.24198831185855807,-0.16451140099023315,-0.6201892226844657,-2.4938204216722384,0.48850772848886465,0.48889978081894714,-0.6791456840737199,0.8065414765793012,1.026510528058953,-0.6531217211127647,1,-0.3838637941443926,-0.637705676568175,0,1,1,0,1,0,0,0,0,0,0,0,0,0,0,0,0,1,0,1,0,0,0
1.3223652142096962,0,-0.6829572487529224,-0.14714972001373974,-0.8916882501868245,-1.5756862740979403,0,-0.7327419327757442,0.3796721288811475,0.8459113011114247,-0.6608531809232983,0.19124538543338832,1.1473616657231573,0.523315742874663,0,-1.1505541015749308,3,0.26623257679518353,0.24198831185855807,2.2782336440162587,0.1557070814399298,-1.0778621289498782,3.1009910786612376,1.3171933011460915,-0.3687152874355457,0.8065414765793012,-1.4455905142848562,-0.9543113535301285,0,0.5376578063032365,-0.4935620394225103,0,1,1,0,0,0,0,1,0,0,1,0,0,0,0,0,0,1,0,0,0,1,0
1.2128633628752972,0,1.6523570523655027,1.3335810620982798,1.0617867539482457,1.1697805251007627,1,-0.7327419327757442,0.3796721288811475,-0.9614863916702531,0.24620020465769926,-0.9017447990830953,-1.2325585369156087,0.523315742874663,0,0.4893759527060795,3,-1.584178240646517,1.4159910129545328,0.2211851850634235,-0.6201892226844657,-1.0778621289498782,-1.1442943653688686,-1.1676872598353414,-0.6791456840737199,-1.1559347102263289,-0.4567500973473325,-1.1223120183643736,0,-1.2493334582422986,0.024178371549673068,0,1,1,0,0,0,1,0,0,0,0,0,0,0,1,0,0,1,0,0,0,1,0
-0.6486681098094882,0,0.9557293255987538,1.3335810620982798,-0.8916882501868245,1.1697805251007627,0,-1.0279810304039791,0.3796721288811475,-0.05778754527941421,0.24620020465769926,0.09116794046696844,1.4184651304031017,-0.6780493930322936,0,-0.6039107501479274,3,1.1914379855160337,0.24198831185855807,-0.2930769296747854,-0.6201892226844657,-1.0778621289498782,0.32522751910309133,1.0410954610370433,-0.6791456840737199,-1.1559347102263289,1.026510528058953,0.10709100699171088,0,0.43868981002040985,-0.6068177543226755,0,0,0,1,0,1,0,0,0,0,0,0,0,0,0,1,0,1,0,1,0,0,0
-0.10115885313749257,0,-1.523372904887897,-0.270543951856408,1.0617867539482457,-0.6605306743650393,1,-0.043850704976529056,0.3796721288811475,-0.9614863916702531,1.1532535902386967,-0.38775894054006,1.262043069133647,-0.27759434772997477,0,0.7626976284195812,3,0.26623257679518353,-0.9320143892374165,-0.42164245835933756,2.4833959938131165,0.33809616377248186,-0.16461310905422863,-0.6154915796172451,-0.6791456840737199,-0.8755809692540959,0.5320903195901912,-0.2752025088209045,0,-0.15339584903753103,-0.1915467996887367,0,1,1,0,0,0,0,1,0,0,0,0,0,0,1,0,0,0,1,0,1,0,0
0.11784484953130571,0,1.3151991490193182,-1.0109093429124179,0.08504925188071055,1.1697805251007627,0,0.6942470390940585,0.3796721288811475,0.8459113011114247,-1.5679065665042957,1.5041509744939157,0.27811597933359977,-0.6780493930322936,0,-0.6039107501479274,3,-0.6589728319256667,0.24198831185855807,0.4783162424325279,0.1557070814399298,0.33809616377248186,1.3049087754177313,2.1454868214732357,0.8730062991171511,1.9279564404682326,-0.4567500973473325,0.385855522461003,0,1.4512950075004596,-0.7342304335853612,0,1,1,0,0,0,0,0,1,0,0,0,0,1,0,0,0,1,0,0,1,0,0
-0.5391662584750891,0,0.9458129166768071,-1.0109093429124179,0.08504925188071055,0.2546249253678617,0,0.20218187638033347,-1.0261667362455194,-0.9614863916702531,-0.6608531809232983,-0.8862338575065589,-1.4530672647968075,1.3242258334793007,0,1.3093409798465847,4,0.26623257679518353,-0.9320143892374165,-0.8073390444129942,0.1557070814399298,0.33809616377248186,-0.6544537372115486,-1.1676872598353414,-0.6791456840737199,-0.5952272282818631,0.037670111121429345,-0.5191443619692091,1,-1.2014519981951242,2.451086547981783,0,0,1,0,1,0,0,0,0,0,1,0,0,0,0,0,0,1,0,1,0,0,0
-1.3056792178158831,1,0.15993750961253883,1.2101868302556114,-0.8916882501868245,0.2546249253678617,1,-1.4708396768463317,-1.0261667362455194,-0.9614863916702531,-0.6608531809232983,-0.8690230867161555,0.6303115638270891,-0.6780493930322936,1,0.7626976284195812,3,0.26623257679518353,2.5899937140505074,-1.3216011591512031,-0.6201892226844657,0.33809616377248186,-0.9810141559830953,-1.1676872598353414,-0.6791456840737199,-1.1559347102263289,0.037670111121429345,3.4931683658591783,1,-1.1500468985796222,0.7522508244793061,0,1,0,1,0,1,0,0,0,0,0,0,0,0,0,0,1,1,0,0,0,0,0
0.33684855220010396,0,-0.3581948565591712,0.09963874367159682,1.0617867539482457,-1.5756862740979403,1,0.05456232756621595,-1.0261667362455194,0.8459113011114247,-0.6608531809232983,0.6803712417236187,0.8908744583406282,-0.27759434772997477,0,-0.8772324258614291,3,-0.6589728319256667,0.24198831185855807,-0.03594587230568093,-0.6201892226844657,-1.0778621289498782,-0.9810141559830953,-1.1676872598353414,-0.6791456840737199,-1.1559347102263289,-1.940010722753618,0.3380484032589155,0,0.9452849866411089,-0.38030632452234525,0,1,0,1,0,1,0,0,0,0,0,0,0,0,0,1,0,0,0,0,1,0,0
-1.1961773664814839,0,1.1912440374949855,-1.0109093429124179,0.08504925188071055,0.2546249253678617,1,-0.6835354165043717,-1.0261667362455194,-0.05778754527941421,-1.5679065665042957,-0.4693507428056762,-0.4448265931462521,-0.6780493930322936,0,-0.8772324258614291,3,-0.6589728319256667,-0.9320143892374165,-0.5502079870438897,-0.6201892226844657,0.33809616377248186,-0.0013328996684553085,0.7649976209279952,-0.6791456840737199,0.8065414765793012,-0.9511703058160944,-0.21609052014383026,1,-0.2823462112486132,-0.5218759681475515,1,0,0,1,0,0,1,0,0,0,0,0,0,0,0,1,0,0,1,1,0,0,0
0.4463504035345031,0,-1.3374402376013983,-0.3939381836990763,0.08504925188071055,1.1697805251007627,1,-0.3390898026047641,0.3796721288811475,-0.9614863916702531,-1.5679065665042957,-0.37862235851552484,-1.573229764693828,-0.27759434772997477,1,-0.6039107501479274,3,0.26623257679518353,-0.9320143892374165,1.121143885855289,0.1557070814399298,0.33809616377248186,1.794749403575051,2.4215846615822834,-0.058284890797371494,3.6100788863016295,0.037670111121429345,-0.9939395108725632,0,-0.13962042271325134,-0.6229971421655562,0,1,1,0,0,0,1,0,0,0,1,0,0,0,0,0,0,0,1,0,1,0,0
-0.10115885313749257,0,0.33595376797709103,-0.8875151110697495,1.0617867539482457,0.2546249253678617,1,0.645040522822686,0.3796721288811475,-0.9614863916702531,0.24620020465769926,-0.8465003496324177,-0.28475046755244354,0.523315742874663,0,1.5826626555600865,4,0.26623257679518353,-0.9320143892374165,0.6068817711170802,2.4833959938131165,0.33809616377248186,0.651787937874638,1.0410954610370433,0.2521455058408027,1.3672489585237668,0.5320903195901912,-1.1559748208059903,0,-1.0853229666139466,-0.14713279384553465,0,1,1,0,0,0,1,0,0,0,1,0,0,0,0,0,0,0,1,0,1,0,0
-1.9626903258222779,1,-0.9507002896454807,1.456975293940948,0.08504925188071055,1.1697805251007627,1,-1.4216331605749593,-1.0261667362455194,-0.9614863916702531,-0.6608531809232983,-0.9310668530223012,-0.6136162567442891,-0.6780493930322936,1,-0.6039107501479274,3,-0.6589728319256667,-0.9320143892374165,-1.3216011591512031,0.1557070814399298,1.754054456494842,-0.9810141559830953,-1.1676872598353414,-0.6791456840737199,-1.1559347102263289,0.5320903195901912,2.8913008447835136,1,-1.344232965073342,0.7522508244793061,0,1,0,1,0,0,0,1,0,0,0,0,0,0,0,0,1,0,1,0,0,0,0
-1.8531884744878788,1,-1.6696399364866095,-0.6407266473844129,0.08504925188071055,-1.5756862740979403,1,0.8910731041795485,0.3796721288811475,-0.9614863916702531,-1.5679065665042957,-0.7500350417454652,-0.18342045301940052,-0.6780493930322936,0,1.036019304133083,3,-0.6589728319256667,-0.9320143892374165,-1.3216011591512031,-0.6201892226844657,0.33809616377248186,-0.9810141559830953,-1.1676872598353414,-0.6791456840737199,-1.1559347102263289,-1.940010722753618,4.647434844634426,1,-0.8358446839224332,0.7522508244793061,0,1,1,0,0,0,0,0,1,0,1,0,0,0,0,0,0,0,1,0,0,0,0
-0.6486681098094882,0,-0.4623171502396105,0.3464272073569334,0.08504925188071055,1.1697805251007627,0,-1.2248070954894692,0.3796721288811475,-0.05778754527941421,1.1532535902386967,-0.137671567449877,0.42947856692318,-1.0785044383346125,1,-1.1505541015749308,3,0.26623257679518353,1.4159910129545328,-0.16451140099023315,-0.6201892226844657,-2.4938204216722384,0.32522751910309133,0.7649976209279952,1.8042974890316739,0.24583399463483546,0.5320903195901912,-0.27365661621540194,0,0.18447995097996261,-0.9465848990231709,0,1,1,0,0,0,1,0,0,0,0,0,0,0,0,0,0,1,0,1,0,0,0
0.33684855220010396,0,1.6523570523655027,-0.02375548817107146,1.0617867539482457,1.1697805251007627,1,-1.5200461931177043,0.3796721288811475,-0.9614863916702531,-0.6608531809232983,-0.6131987900291714,1.5108005250608123,2.1251359240839385,1,-0.3305890744344257,3,1.1914379855160337,0.24198831185855807,-1.0644701017820986,-0.6201892226844657,0.33809616377248186,-0.9810141559830953,-0.8915894197262932,-0.6791456840737199,-1.1559347102263289,1.026510528058953,1.0046248026901627,0,-0.5406531374030044,5.8487579949867365,1,0,1,0,0,0,1,0,0,0,0,0,0,0,1,0,0,0,0,0,1,0,0
-0.5391662584750891,0,-0.7548512134370353,-0.7641208792270812,1.0617867539482457,0.2546249253678617,0,1.333931750621901,0.3796721288811475,-0.05778754527941421,-1.5679065665042957,0.04718485955815971,-0.10668510220796991,-0.6780493930322936,0,-0.8772324258614291,3,0.26623257679518353,0.24198831185855807,-0.42164245835933756,-0.6201892226844657,1.754054456494842,0.16194730971731802,0.7649976209279952,1.1834366957553253,-0.3148734873096303,0.037670111121429345,0.2522045184230535,0,0.39304793162734203,-0.5690658493559537,0,1,1,0,0,0,1,0,0,0,0,0,1,0,0,0,0,1,0,1,0,0,0
-0.10115885313749257,1,-0.6755199420614625,-0.7641208792270812,-1.8684257522543597,0.2546249253678617,1,-0.7327419327757442,-1.0261667362455194,0.8459113011114247,1.1532535902386967,0.8121080057983115,-1.2360720603044104,-0.6780493930322936,1,-1.1505541015749308,3,-1.584178240646517,0.24198831185855807,0.6068817711170802,2.4833959938131165,0.33809616377248186,1.4681889848035046,0.7649976209279952,0.2521455058408027,0.8065414765793012,0.037670111121429345,-0.1503716809265725,0,1.0385169248250685,-0.7467218727287618,0,1,0,1,1,0,0,0,0,0,0,0,0,0,0,1,0,1,0,0,1,0,0
-0.42966440714069,0,0.6607161601708423,-1.0109093429124179,0.08504925188071055,-0.6605306743650393,0,-1.1756005792180968,-1.0261667362455194,-0.05778754527941421,1.1532535902386967,0.09478007754643582,-0.28418830381023524,-1.0785044383346125,0,-0.3305890744344257,3,-1.584178240646517,-0.9320143892374165,-0.678773515728442,0.1557070814399298,0.33809616377248186,-0.32789331844000197,-1.1676872598353414,-0.3687152874355457,-0.0345197463373974,-0.4567500973473325,0.9067182710083336,0,0.44237740824046523,-0.9465848990231709,0,1,1,0,1,0,0,0,0,0,0,0,0,0,0,0,0,0,1,1,0,0,0
0.008342998196906572,1,-0.4400052301652307,-1.0109093429124179,1.0617867539482457,-1.5756862740979403,1,-0.9787745141326066,-1.0261667362455194,0.8459113011114247,0.24620020465769926,0.8724519428905902,0.08557489762726286,0.9237707881769818,0,-1.1505541015749308,3,0.26623257679518353,-0.9320143892374165,0.7354472998016324,-0.6201892226844657,-2.4938204216722384,1.141628566031958,-0.8915894197262932,2.7355886789461965,0.8065414765793012,-1.4455905142848562,-0.19417954932074086,0,1.0793684220722162,-0.002787274855128059,0,1,0,1,1,0,0,0,0,0,0,0,0,0,0,1,0,1,0,0,1,0,0
0.8843578088720997,0,0.006233171322366485,-0.6407266473844129,-0.8916882501868245,0.2546249253678617,1,-0.4375028351475091,0.3796721288811475,-0.05778754527941421,-0.6608531809232983,-0.4368415090904697,1.2437727475118778,-0.6780493930322936,0,-0.8772324258614291,3,-0.6589728319256667,-0.9320143892374165,-0.2930769296747854,1.707499689688721,-1.0778621289498782,0.32522751910309133,0.7649976209279952,-0.6791456840737199,1.086895217551534,-0.9511703058160944,-0.46202649295997367,0,-0.22963659165323191,-0.6068177543226755,0,0,1,0,1,0,0,0,0,0,1,0,0,0,0,0,0,1,0,0,1,0,0
-0.8676718124782865,0,1.4912154073838704,1.3335810620982798,0.08504925188071055,0.2546249253678617,0,0.8910731041795485,0.3796721288811475,-0.9614863916702531,1.1532535902386967,-0.9234176215598996,0.546689707173607,-0.6780493930322936,0,-0.057267398720923963,3,-0.6589728319256667,0.24198831185855807,-1.0644701017820986,1.707499689688721,0.33809616377248186,-0.6544537372115486,-0.8915894197262932,-0.6791456840737199,-0.5952272282818631,0.5320903195901912,0.0015122675640543988,1,-1.3188940984969777,-0.09716703727193238,1,0,0,1,0,0,0,0,1,0,0,0,0,0,0,0,1,1,0,1,0,0,0
-0.2106607044718917,0,1.0325814947438399,1.0867925984129432,0.08504925188071055,0.2546249253678617,0,0.9894861367222936,0.3796721288811475,-0.05778754527941421,0.24620020465769926,-0.4041197967235299,-1.1431745019044917,-0.6780493930322936,0,0.21605427699257776,3,-0.6589728319256667,-0.9320143892374165,-0.8073390444129942,0.1557070814399298,0.33809616377248186,-0.32789331844000197,-0.6154915796172451,-0.3687152874355457,-1.1559347102263289,0.037670111121429345,0.4162237238668756,1,-0.17838288442797906,-0.38030632452234525,0,1,0,1,0,0,1,0,0,0,0,0,0,0,0,1,0,1,0,1,0,0,0
1.6508707682128936,0,0.6210505244830559,-1.0109093429124179,-0.8916882501868245,1.1697805251007627,1,0.20218187638033347,0.3796721288811475,1.7496101475022634,1.1532535902386967,2.251438392640197,-0.06803634493115045,-0.27759434772997477,0,-0.057267398720923963,3,-0.6589728319256667,0.24198831185855807,1.8925370579626022,-0.6201892226844657,-1.0778621289498782,0.32522751910309133,1.0410954610370433,1.4938670923934996,1.086895217551534,0.5320903195901912,-0.12493381991166806,0,1.7979769688867964,-0.6949055325783594,0,1,1,0,1,0,0,0,0,0,0,1,0,0,0,0,0,1,0,0,0,1,0
2.3078818762192883,1,-1.2729835796087454,-0.8875151110697495,0.08504925188071055,1.1697805251007627,1,-0.7327419327757442,0.3796721288811475,-0.9614863916702531,0.24620020465769926,-0.8549994957017527,1.6743901740434226,0.523315742874663,0,2.4026276827005915,4,-1.584178240646517,-0.9320143892374165,-0.5502079870438897,0.9316033855643254,0.33809616377248186,-0.9810141559830953,-1.1676872598353414,-0.6791456840737199,-1.1559347102263289,0.037670111121429345,-0.7505276780461452,0,-1.1094213674884317,0.7522508244793061,0,1,1,0,0,0,0,0,1,0,0,0,0,0,1,0,0,0,1,0,0,0,1
1.7603726195472926,0,1.4218005449302442,-0.8875151110697495,-0.8916882501868245,0.2546249253678617,1,-1.0279810304039791,0.3796721288811475,1.7496101475022634,0.24620020465769926,1.7739988621953025,-0.05271738295597474,1.3242258334793007,0,-0.6039107501479274,3,0.26623257679518353,0.24198831185855807,1.3782749432243935,0.1557070814399298,1.754054456494842,1.6314691941892778,2.4215846615822834,3.977310265498893,-0.5952272282818631,1.026510528058953,-0.08899271770355019,0,1.5858717533228852,-0.06023582589144377,0,1,0,1,0,0,1,0,0,0,0,1,0,0,0,0,0,0,0,0,0,1,0
-0.7581699611438873,0,-1.416771508976971,-0.14714972001373974,-0.8916882501868245,0.2546249253678617,1,-0.19147025379064658,0.3796721288811475,0.8459113011114247,0.24620020465769926,0.1617108528424491,-0.6094000286777269,0.9237707881769818,0,-1.1505541015749308,3,-1.584178240646517,0.24198831185855807,-0.16451140099023315,-0.6201892226844657,1.754054456494842,0.16194730971731802,-0.063295899399149,1.4938670923934996,0.8065414765793012,0.037670111121429345,0.016765074605012982,0,0.5091212394580686,0.5978112132518081,0,1,0,1,0,0,0,1,0,0,0,0,0,0,0,1,0,0,0,1,0,0,0
0.11784484953130571,0,-1.6126205851854165,0.09963874367159682,0.08504925188071055,0.2546249253678617,0,0.9402796204509211,0.3796721288811475,-0.05778754527941421,1.1532535902386967,-0.17783003262748495,0.785047133869919,-0.6780493930322936,1,-0.6039107501479274,3,-0.6589728319256667,-0.9320143892374165,-0.678773515728442,-1.3960855268088614,0.33809616377248186,-0.32789331844000197,-0.33939373950819707,-0.3687152874355457,-0.3148734873096303,0.5320903195901912,0.465967112595047,0,0.13508008128645865,-0.46120326373674886,0,0,0,1,0,0,0,0,1,0,0,0,0,0,0,1,0,0,1,0,1,0,0
-0.2106607044718917,0,0.1971240430698386,-0.7641208792270812,1.0617867539482457,1.1697805251007627,1,1.2847252343505287,0.3796721288811475,0.8459113011114247,1.1532535902386967,0.28048641916140604,-1.0542120897000309,1.3242258334793007,0,-0.6039107501479274,3,-0.6589728319256667,0.24198831185855807,0.09261965637887129,-0.6201892226844657,0.33809616377248186,0.48850772848886465,1.3171933011460915,-0.6791456840737199,1.086895217551534,1.026510528058953,-0.13675923770589724,0,0.6207363480825456,0.6215711534406541,0,1,0,1,1,0,0,0,0,0,0,0,0,0,0,1,0,0,0,1,0,0,0
0.22734670086570485,0,0.24918518991005828,-0.8875151110697495,2.038524256015781,-1.5756862740979403,1,-1.2248070954894692,1.7855109940078144,0.8459113011114247,0.24620020465769926,0.29259770231020843,-1.6517921476674355,-1.0785044383346125,0,0.7626976284195812,3,1.1914379855160337,-0.9320143892374165,-0.2930769296747854,0.1557070814399298,0.33809616377248186,0.16194730971731802,0.7649976209279952,-0.6791456840737199,0.8065414765793012,0.037670111121429345,0.32420303514229326,0,0.6316660758481905,-0.9465848990231709,0,1,0,1,1,0,0,0,0,0,0,0,0,0,0,1,0,0,1,0,1,0,0
0.33684855220010396,1,1.677148074670369,1.827157989468953,0.08504925188071055,-0.6605306743650393,0,1.6783773645215088,1.7855109940078144,1.7496101475022634,-0.6608531809232983,1.421709257621366,0.3875973681286629,0.523315742874663,1,0.21605427699257776,3,1.1914379855160337,-0.9320143892374165,1.3782749432243935,-0.6201892226844657,-1.0778621289498782,-0.9810141559830953,-1.1676872598353414,-0.6791456840737199,-1.1559347102263289,-0.4567500973473325,-0.24433150194132297,0,1.4076603432404067,-0.3556855169353528,0,0,0,1,1,0,0,0,0,0,0,0,0,0,0,1,0,0,1,0,1,0,0
1.103361511540898,0,1.4292378516217041,0.8400041347276065,1.0617867539482457,0.2546249253678617,1,-0.09305722124790157,1.7855109940078144,-0.05778754527941421,0.24620020465769926,-0.3051047450157769,-1.0616607592842906,-0.6780493930322936,1,1.036019304133083,3,0.26623257679518353,-0.9320143892374165,1.121143885855289,0.1557070814399298,1.754054456494842,1.9580296129608246,1.5932911412551394,-0.058284890797371494,0.8065414765793012,1.026510528058953,-0.9582809214389707,0,-0.03313789699789191,-0.7847910205943636,1,0,1,0,0,0,1,0,0,0,0,0,1,0,0,0,0,0,0,0,0,1,0
-0.10115885313749257,0,1.0573725170487065,-0.14714972001373974,1.0617867539482457,-1.5756862740979403,1,0.8910731041795485,0.3796721288811475,-0.05778754527941421,1.1532535902386967,-0.3025550011949764,1.6357414167666031,0.523315742874663,0,-0.6039107501479274,3,1.1914379855160337,1.4159910129545328,0.09261965637887129,0.1557070814399298,0.33809616377248186,-0.0013328996684553085,0.7649976209279952,-0.6791456840737199,0.8065414765793012,0.5320903195901912,-0.6080847165391232,0,-0.02957665240410048,0.0988524692860458,0,0,0,1,0,0,0,0,1,0,0,0,0,0,0,1,0,0,0,0,1,0,0
-0.6486681098094882,1,-1.1589448770063595,-0.02375548817107146,-0.8916882501868245,0.2546249253678617,1,-0.9787745141326066,-1.0261667362455194,-0.9614863916702531,-1.5679065665042957,-0.8885711226756261,-0.5609134059122626,-1.0785044383346125,1,1.855984331273588,4,-1.584178240646517,-0.9320143892374165,-0.9359045730975464,-2.171981830933257,0.33809616377248186,-0.6544537372115486,-0.6154915796172451,-0.3687152874355457,-0.5952272282818631,-1.4455905142848562,-0.2844778644539199,1,-1.2085702878155227,-0.9465848990231709,0,0,1,0,0,0,1,0,0,0,0,0,0,0,1,0,0,0,1,1,0,0,0
-0.42966440714069,0,-0.19953231380802552,0.9633983665702748,0.08504925188071055,1.1697805251007627,1,-1.3724266443035866,0.3796721288811475,1.7496101475022634,0.24620020465769926,2.324743527488212,0.8679662858456406,-0.6780493930322936,0,-1.1505541015749308,3,1.1914379855160337,-0.9320143892374165,-0.16451140099023315,-0.6201892226844657,0.33809616377248186,0.48850772848886465,1.0410954610370433,1.1834366957553253,-1.1559347102263289,1.520930736527715,2.11505663780716,0,1.828050795806441,-0.637705676568175,0,0,0,1,1,0,0,0,0,0,0,1,0,0,0,0,0,0,1,1,0,0,0
-0.8676718124782865,1,0.2566224966015182,0.09963874367159682,0.08504925188071055,1.1697805251007627,0,1.2847252343505287,-1.0261667362455194,-0.9614863916702531,-1.5679065665042957,-0.8709353945817558,-0.3983075434785167,1.3242258334793007,1,1.3093409798465847,4,0.26623257679518353,-0.9320143892374165,-1.0644701017820986,1.707499689688721,0.33809616377248186,-1.1442943653688686,-1.1676872598353414,-0.6791456840737199,-1.1559347102263289,0.037670111121429345,0.17121692247922482,1,-1.155672663502548,4.14992227148426,0,1,1,0,1,0,0,0,0,0,0,0,0,0,1,0,0,0,1,1,0,0,0
-0.42966440714069,0,-0.8465779959650415,0.4698214391996017,-1.8684257522543597,-0.6605306743650393,0,-0.6343289002329991,0.3796721288811475,-0.9614863916702531,1.1532535902386967,-0.6482577675651784,0.4114893271725149,0.12286069757234411,0,0.7626976284195812,3,-1.584178240646517,-0.9320143892374165,-0.8073390444129942,0.9316033855643254,0.33809616377248186,-0.6544537372115486,-0.6154915796172451,-0.6791456840737199,-0.5952272282818631,-0.4567500973473325,-0.05743777045911008,1,-0.6109474298947116,0.7522508244793061,0,1,1,0,1,0,0,0,0,0,0,0,0,0,1,0,0,0,1,1,0,0,0
0.8843578088720997,0,0.4252014482746105,-1.0109093429124179,1.0617867539482457,1.1697805251007627,0,1.235518718079156,0.3796721288811475,-0.9614863916702531,1.1532535902386967,-0.8994075339140282,-0.46492394693019823,0.12286069757234411,0,-0.3305890744344257,3,1.1914379855160337,1.4159910129545328,-0.42164245835933756,-0.6201892226844657,0.33809616377248186,-0.32789331844000197,-0.33939373950819707,-0.6791456840737199,-0.5952272282818631,2.015350944996477,-0.8956207411626002,0,-1.2420202754141394,0.1859722499784804,0,1,1,0,0,0,1,0,0,0,1,0,0,0,0,0,0,0,0,0,1,0,0
1.4318670655440953,0,0.8020249873085814,-1.0109093429124179,-0.8916882501868245,1.1697805251007627,1,0.005355811294843447,0.3796721288811475,1.7496101475022634,1.1532535902386967,2.31518198816021,-1.0818986540037887,2.5255909693862573,0,1.855984331273588,4,0.26623257679518353,0.24198831185855807,2.6639302300699153,-1.3960855268088614,-1.0778621289498782,-0.32789331844000197,-0.063295899399149,-0.3687152874355457,-0.3148734873096303,1.026510528058953,-0.359775716780274,0,1.8241620242931367,-0.019947231658183493,0,1,1,0,0,0,1,0,0,0,0,0,0,1,0,0,0,0,0,0,0,1,0
-0.42966440714069,0,0.060773420393072805,-1.0109093429124179,1.0617867539482457,0.2546249253678617,0,0.8910731041795485,1.7855109940078144,-0.05778754527941421,-0.6608531809232983,-0.2156512326360258,0.8218688589845614,-0.6780493930322936,1,-0.6039107501479274,3,-1.584178240646517,0.24198831185855807,-0.678773515728442,-0.6201892226844657,0.33809616377248186,-0.16461310905422863,0.21280194070989908,-0.3687152874355457,-0.5952272282818631,-0.9511703058160944,0.40481847175516766,0,0.0870247643416728,-0.46120326373674886,1,0,1,0,0,0,0,1,0,0,0,0,0,0,0,0,0,1,0,1,0,0,0
0.4463504035345031,0,0.09300174938939927,-0.02375548817107146,0.08504925188071055,-1.5756862740979403,1,-0.09305722124790157,0.3796721288811475,2.6533089938931025,0.24620020465769926,2.7443888646616283,-1.4866565483937524,-0.27759434772997477,0,0.4893759527060795,3,-0.6589728319256667,0.24198831185855807,1.2497094145398413,-0.6201892226844657,1.754054456494842,1.794749403575051,3.249878181909428,-0.6791456840737199,1.9279564404682326,-0.4567500973473325,0.42552852507332894,0,1.9895266894945787,-0.637705676568175,1,0,1,0,0,0,1,0,0,0,0,0,0,1,0,0,0,0,0,0,1,0,0
-1.0866755151470848,0,0.8218578051524746,0.8400041347276065,1.0617867539482457,0.2546249253678617,0,-1.4216331605749593,0.3796721288811475,-0.9614863916702531,-0.6608531809232983,-0.7844565833262721,-0.3129991955984098,2.5255909693862573,0,-0.3305890744344257,3,-0.6589728319256667,0.24198831185855807,-0.9359045730975464,-0.6201892226844657,0.33809616377248186,-0.8177339465973219,-0.6154915796172451,-0.058284890797371494,-0.5952272282818631,-0.4567500973473325,-0.03198207222183448,1,-0.9202005996305624,5.169223705585746,0,1,1,0,0,0,0,0,1,0,1,0,0,0,0,0,0,1,0,1,0,0,0
0.8843578088720997,0,-1.3746267710586981,1.7037637576262845,-0.8916882501868245,1.1697805251007627,1,-1.1756005792180968,0.3796721288811475,-0.05778754527941421,-1.5679065665042957,-0.6097991316014374,-0.0385227484652156,-0.6780493930322936,1,-0.057267398720923963,3,0.26623257679518353,0.24198831185855807,-0.2930769296747854,-0.6201892226844657,0.33809616377248186,0.32522751910309133,1.0410954610370433,-0.6791456840737199,1.086895217551534,0.037670111121429345,-0.6484496901272457,0,-0.5340080929045388,-0.6068177543226755,0,0,1,0,1,0,0,0,0,0,1,0,0,0,0,0,0,1,0,0,1,0,0
1.103361511540898,0,0.3780985058953641,-0.6407266473844129,-0.8916882501868245,1.1697805251007627,0,0.841866587908176,0.3796721288811475,-0.05778754527941421,1.1532535902386967,-0.49718544618274835,-0.8070005840639384,-0.6780493930322936,1,0.4893759527060795,3,0.26623257679518353,-0.9320143892374165,-0.2930769296747854,-2.171981830933257,0.33809616377248186,0.32522751910309133,-1.1676872598353414,-0.6791456840737199,0.8065414765793012,1.520930736527715,-0.5270684929544519,0,-0.32899119182007125,-0.6068177543226755,0,1,0,1,1,0,0,0,0,0,0,0,0,0,0,1,0,0,1,0,0,1,0
-0.7581699611438873,1,-1.6473280164122297,1.5803695257836163,0.08504925188071055,-1.5756862740979403,0,-0.8803614815898617,0.3796721288811475,-0.9614863916702531,0.24620020465769926,-0.928729587853234,-0.38987508734539245,0.523315742874663,1,-1.1505541015749308,3,-0.6589728319256667,-0.9320143892374165,-0.5502079870438897,-0.6201892226844657,0.33809616377248186,-0.32789331844000197,-0.6154915796172451,-0.6791456840737199,-0.8755809692540959,-0.9511703058160944,-0.8527038178765052,1,-1.3364451885024302,0.7522508244793061,0,1,1,0,1,0,0,0,0,0,0,0,0,0,1,0,0,1,0,1,0,0,0
1.4318670655440953,0,0.33843287020757773,1.827157989468953,0.08504925188071055,1.1697805251007627,1,1.432344783164646,0.3796721288811475,1.7496101475022634,0.24620020465769926,1.5872301273216654,-1.4267861098485703,0.12286069757234411,1,0.7626976284195812,3,1.1914379855160337,0.24198831185855807,1.3782749432243935,-0.6201892226844657,0.33809616377248186,0.8150681472604113,1.8693889813641875,-0.3687152874355457,0.24583399463483546,1.520930736527715,-0.17134663286941412,0,1.4940238084073079,-0.5034103624573073,0,1,1,0,1,0,0,0,0,0,0,0,1,0,0,0,0,1,0,0,0,1,0
0.11784484953130571,0,1.4589870783875438,0.09963874367159682,-1.8684257522543597,0.2546249253678617,1,0.005355811294843447,0.3796721288811475,-0.9614863916702531,0.24620020465769926,-0.8114413720964108,-0.30723701724077485,-1.0785044383346125,0,0.4893759527060795,3,-0.6589728319256667,0.24198831185855807,-1.0644701017820986,-2.171981830933257,-1.0778621289498782,-0.8177339465973219,-0.8915894197262932,-0.6791456840737199,-0.5952272282818631,-0.4567500973473325,0.36359466894176595,0,-0.9898036995401908,-0.9465848990231709,1,0,1,0,0,0,1,0,0,0,0,0,0,0,1,0,0,1,0,0,1,0,0
0.9938596602064987,0,-0.5862722617639431,-0.270543951856408,-0.8916882501868245,1.1697805251007627,1,0.448214457737196,0.3796721288811475,0.8459113011114247,0.24620020465769926,0.9225969046996668,1.3906380251637918,1.3242258334793007,0,-0.6039107501479274,3,-0.6589728319256667,0.24198831185855807,0.2211851850634235,0.1557070814399298,0.33809616377248186,0.16194730971731802,0.7649976209279952,-0.6791456840737199,0.8065414765793012,0.5320903195901912,0.23902479300434584,0,1.1124919401550952,0.509560006836095,0,1,1,0,0,0,1,0,0,0,0,0,1,0,0,0,0,0,0,0,0,1,0
-1.4151810691502822,0,1.0003531657475135,0.9633983665702748,-1.8684257522543597,1.1697805251007627,0,-1.2248070954894692,-1.0261667362455194,-0.05778754527941421,0.24620020465769926,-0.451715014711806,1.3778488000285534,-0.6780493930322936,0,-0.057267398720923963,3,-0.6589728319256667,1.4159910129545328,-0.8073390444129942,2.4833959938131165,0.33809616377248186,-0.4911735278257753,-0.6154915796172451,0.2521455058408027,-0.5952272282818631,0.5320903195901912,0.32388240556485565,1,-0.25352333060866583,-0.38030632452234525,0,1,1,0,0,0,1,0,0,0,0,0,1,0,0,0,0,0,0,0,0,0,0
-0.2106607044718917,1,-0.4474425368566906,0.59321567104227,1.0617867539482457,0.2546249253678617,1,-1.3232201280322142,-1.0261667362455194,-0.9614863916702531,-0.6608531809232983,-0.586426479910766,-0.5957675579291761,-0.6780493930322936,1,2.4026276827005915,4,1.1914379855160337,0.24198831185855807,-0.8073390444129942,-0.6201892226844657,-2.4938204216722384,-0.4911735278257753,-0.6154915796172451,-0.6791456840737199,-0.5952272282818631,-0.4567500973473325,0.06252349572788897,1,-0.4891005608096386,-0.38030632452234525,0,1,1,0,0,0,0,1,0,0,1,0,0,0,0,0,0,0,0,1,0,0,0
-0.6486681098094882,0,0.12523007838572572,-1.0109093429124179,-1.8684257522543597,0.2546249253678617,0,1.4815512994360187,0.3796721288811475,-0.05778754527941421,-1.5679065665042957,-0.500372625958749,-0.42697789433113914,-0.6780493930322936,0,-0.8772324258614291,3,0.26623257679518353,0.24198831185855807,-0.9359045730975464,-1.3960855268088614,0.33809616377248186,-0.4911735278257753,-0.33939373950819707,-0.6791456840737199,-0.3148734873096303,-0.4567500973473325,0.6569707322971414,1,-0.3344256175861717,-0.26705060962218,1,0,1,0,1,0,0,0,0,0,0,0,1,0,0,0,0,1,0,1,0,0,0
-2.072192177156677,0,-1.2779417840697187,-0.5173324155417446,-0.8916882501868245,-0.6605306743650393,1,0.349801425194451,0.3796721288811475,-0.9614863916702531,1.1532535902386967,-1.158419010377013,-0.11525809927664622,-0.6780493930322936,0,-0.057267398720923963,3,1.1914379855160337,-0.9320143892374165,-1.4501666878357553,-0.6201892226844657,0.33809616377248186,-1.1442943653688686,-1.1676872598353414,-0.6791456840737199,-1.1559347102263289,1.026510528058953,0.6858273942665226,1,-2.4013239894824436,2.451086547981783,0,0,1,0,1,0,0,0,0,0,0,0,0,0,1,0,0,0,1,0,0,0,0
1.869874470881692,0,1.5829421899118765,0.9633983665702748,0.08504925188071055,0.2546249253678617,0,-0.4867093514188816,0.3796721288811475,0.8459113011114247,0.24620020465769926,0.9000741676159291,-0.052014678278214384,2.1251359240839385,0,-1.1505541015749308,3,0.26623257679518353,0.24198831185855807,1.3782749432243935,-0.6201892226844657,0.33809616377248186,0.48850772848886465,0.7649976209279952,-0.6791456840737199,1.086895217551534,0.5320903195901912,-0.4743415835479166,0,1.0977045123664744,0.23521386515246526,0,1,1,0,0,0,0,0,1,0,0,0,1,0,0,0,0,1,0,0,0,1,0
-0.2106607044718917,0,-0.54412752384567,1.950552221311621,1.0617867539482457,0.2546249253678617,0,-0.4375028351475091,0.3796721288811475,0.8459113011114247,0.24620020465769926,0.8254941608575143,-1.0313039172050433,-0.6780493930322936,1,-1.1505541015749308,3,0.26623257679518353,0.24198831185855807,0.6068817711170802,0.1557070814399298,-1.0778621289498782,1.4681889848035046,1.5932911412551394,2.4251582823080224,-0.8755809692540959,0.037670111121429345,-0.14225574474768404,0,1.0476752085923196,-0.7467218727287618,0,1,1,0,0,0,1,0,0,0,0,0,0,0,0,0,0,0,0,1,0,0,0
-0.7581699611438873,0,-1.6101414829549299,-0.14714972001373974,-0.8916882501868245,-0.6605306743650393,0,0.349801425194451,1.7855109940078144,0.8459113011114247,-1.5679065665042957,1.0439222148394243,0.49033279201722657,-1.0785044383346125,1,-0.8772324258614291,3,0.26623257679518353,2.5899937140505074,-0.2930769296747854,0.9316033855643254,-1.0778621289498782,0.16194730971731802,0.7649976209279952,-0.3687152874355457,0.8065414765793012,-1.4455905142848562,1.1340217392988954,0,1.1897425513137008,-0.9465848990231709,0,1,1,0,1,0,0,0,0,0,0,0,0,1,0,0,0,1,0,1,0,0,0
-1.8531884744878788,1,0.7301310226244685,0.2230329755142651,0.08504925188071055,1.1697805251007627,0,1.5799643319787637,-1.0261667362455194,-0.9614863916702531,-1.5679065665042957,-0.8292895788420143,0.556808654533356,-0.6780493930322936,1,-0.057267398720923963,3,-1.584178240646517,-0.9320143892374165,-1.3216011591512031,-0.6201892226844657,0.33809616377248186,-0.9810141559830953,-1.1676872598353414,-0.6791456840737199,-1.1559347102263289,-0.9511703058160944,3.8786109221644844,1,-1.0376742341816134,0.7522508244793061,0,1,1,0,0,0,1,0,0,0,0,0,0,0,1,0,0,0,1,0,0,0,0
-0.7581699611438873,1,-1.7192219810963425,-0.5173324155417446,0.08504925188071055,-0.6605306743650393,0,-0.2898832863333916,0.3796721288811475,-0.9614863916702531,-0.6608531809232983,-0.8671107788505551,1.603838624396283,-1.0785044383346125,0,0.4893759527060795,3,-1.584178240646517,-0.9320143892374165,-0.9359045730975464,0.1557070814399298,0.33809616377248186,-0.6544537372115486,-0.6154915796172451,-0.3687152874355457,-0.5952272282818631,-1.4455905142848562,-0.23243281340200025,1,-1.1444420776076707,-0.9465848990231709,1,0,1,0,0,0,1,0,0,0,1,0,0,0,0,0,0,0,1,1,0,0,0
-1.1961773664814839,0,0.6532788534793824,-0.8875151110697495,-0.8916882501868245,1.1697805251007627,1,-1.6676657419318217,1.7855109940078144,-0.05778754527941421,1.1532535902386967,-0.2190508910637598,-1.543013463550133,-0.6780493930322936,0,-0.8772324258614291,3,-0.6589728319256667,-0.9320143892374165,-0.42164245835933756,-0.6201892226844657,0.33809616377248186,0.16194730971731802,0.7649976209279952,-0.3687152874355457,-0.3148734873096303,1.026510528058953,-0.07062938735939858,0,0.08262909567150666,-0.5690658493559537,0,1,1,0,0,0,1,0,0,0,0,0,1,0,0,0,0,1,0,1,0,0,0
-1.6341847718190805,0,-1.4514789402037842,-0.14714972001373974,-1.8684257522543597,-0.6605306743650393,1,1.3831382668932737,-2.432005601372186,-0.9614863916702531,-1.5679065665042957,-0.8609488979502873,-1.044514765146938,-0.6780493930322936,0,-0.057267398720923963,3,-1.584178240646517,0.24198831185855807,-0.9359045730975464,0.1557070814399298,-1.0778621289498782,-0.4911735278257753,-0.33939373950819707,-0.3687152874355457,-0.8755809692540959,-2.43443093122238,-0.21748918488214214,1,-1.126522741064973,-0.26705060962218,0,1,1,0,1,0,0,0,0,0,1,0,0,0,0,0,0,1,0,0,0,0,0
1.2128633628752972,0,-1.302732806374585,-0.3939381836990763,0.08504925188071055,-1.5756862740979403,1,1.5307578157073911,-1.0261667362455194,-0.05778754527941421,0.24620020465769926,-0.48082458999927846,-0.1678204091731207,-0.27759434772997477,0,-0.6039107501479274,3,1.1914379855160337,-0.9320143892374165,0.9925783571707368,-2.171981830933257,0.33809616377248186,-0.8177339465973219,-0.6154915796172451,-0.058284890797371494,-0.5952272282818631,0.037670111121429345,-1.0205125911334652,0,-0.3013991569605879,-0.6068177543226755,0,1,1,0,1,0,0,0,0,0,0,0,0,0,0,0,0,0,1,0,0,1,0
1.2128633628752972,0,1.3697393980900245,-0.6407266473844129,1.0617867539482457,0.2546249253678617,1,0.5958340065513135,-1.0261667362455194,0.8459113011114247,0.24620020465769926,0.9553186170666066,1.1147561686750769,1.7246808787816195,0,-0.3305890744344257,3,-0.6589728319256667,-0.9320143892374165,2.0211025866471544,0.1557070814399298,0.33809616377248186,1.3049087754177313,1.8693889813641875,0.5625759024789769,1.086895217551534,0.037670111121429345,-0.6408156525692084,0,1.133720032132125,-0.09716703727193238,0,1,1,0,1,0,0,0,0,0,0,0,0,0,0,0,0,0,1,0,0,1,0
0.4463504035345031,0,-0.6284169996822161,-0.270543951856408,-0.8916882501868245,1.1697805251007627,0,-1.1756005792180968,0.3796721288811475,-0.05778754527941421,0.24620020465769926,-0.31870337872671295,1.2730052621067085,1.3242258334793007,0,-0.3305890744344257,3,-0.6589728319256667,-0.9320143892374165,-0.42164245835933756,2.4833959938131165,0.33809616377248186,-0.8177339465973219,-0.6154915796172451,-0.058284890797371494,-0.8755809692540959,0.5320903195901912,-0.19146665935618232,0,-0.0522747959346545,1.3185293989801317,0,1,1,0,0,0,1,0,0,0,0,0,1,0,0,0,0,0,1,0,1,0,0
0.22734670086570485,0,-0.8341824848126081,-1.0109093429124179,-1.8684257522543597,1.1697805251007627,0,-0.043850704976529056,-1.0261667362455194,1.7496101475022634,1.1532535902386967,1.3256689070378802,-1.0193579376831172,-0.6780493930322936,0,0.21605427699257776,3,0.26623257679518353,0.24198831185855807,1.2497094145398413,0.1557070814399298,0.33809616377248186,2.284590031732371,0.48889978081894714,2.7355886789461965,1.086895217551534,1.520930736527715,-0.22983178774829743,0,1.355180246951147,-0.7921452877956728,0,1,1,0,1,0,0,0,0,0,0,0,1,0,0,0,0,1,0,0,1,0,0
-1.0866755151470848,0,0.6260087289440293,-0.8875151110697495,1.0617867539482457,-1.5756862740979403,0,-0.9295679978612341,0.3796721288811475,-0.05778754527941421,1.1532535902386967,-0.48358681247181234,-1.356937264879191,-1.0785044383346125,0,0.7626976284195812,3,-0.6589728319256667,0.24198831185855807,-0.9359045730975464,-0.6201892226844657,0.33809616377248186,-0.6544537372115486,-0.6154915796172451,-0.058284890797371494,-0.5952272282818631,-0.4567500973473325,0.6976792375753756,1,-0.3060222150046641,-0.9465848990231709,0,1,1,0,1,0,0,0,0,0,0,0,1,0,0,0,0,1,0,1,0,0,0
-0.2106607044718917,0,-0.0012041353690934679,0.09963874367159682,0.08504925188071055,-0.6605306743650393,1,-1.0279810304039791,0.3796721288811475,-0.9614863916702531,1.1532535902386967,-0.5494551945091587,-0.6706758765784298,-0.6780493930322936,0,1.3093409798465847,4,-1.584178240646517,0.24198831185855807,-1.0644701017820986,0.9316033855643254,-1.0778621289498782,-0.6544537372115486,-0.6154915796172451,-0.3687152874355457,-0.5952272282818631,-0.9511703058160944,1.2107438167571711,1,-0.4206920076979198,-0.09716703727193238,0,1,1,0,0,0,0,1,0,0,1,0,0,0,0,0,0,0,0,1,0,0,0
0.5558522548689022,0,-1.332482033140425,-0.5173324155417446,-0.8916882501868245,1.1697805251007627,1,1.1863122018077836,0.3796721288811475,2.6533089938931025,0.24620020465769926,2.5072626893271814,-0.919573873441147,1.3242258334793007,0,-0.6039107501479274,3,-0.6589728319256667,-0.9320143892374165,1.2497094145398413,0.1557070814399298,1.754054456494842,-0.9810141559830953,-1.1676872598353414,-0.6791456840737199,-1.1559347102263289,1.026510528058953,0.31599099188343305,0,1.9004197655329593,-0.019947231658183493,0,1,0,1,0,1,0,0,0,0,0,1,0,0,0,0,0,1,0,0,1,0,0
1.4318670655440953,0,0.003754069091879834,-0.02375548817107146,0.08504925188071055,-1.5756862740979403,1,-0.09305722124790157,0.3796721288811475,-0.9614863916702531,1.1532535902386967,-0.8760348822233569,0.8224310227267697,0.523315742874663,0,0.7626976284195812,3,-0.6589728319256667,-0.9320143892374165,-0.42164245835933756,1.707499689688721,0.33809616377248186,-0.9810141559830953,-1.1676872598353414,-0.6791456840737199,-1.1559347102263289,-0.4567500973473325,-0.8672793767283865,0,-1.1707782964146376,0.5634912996456974,0,1,1,0,1,0,0,0,0,0,1,0,0,0,0,0,0,1,0,0,0,1,0
2.4173837275536876,0,-0.2168860294214321,-0.8875151110697495,0.08504925188071055,0.2546249253678617,0,0.15297536010896096,-1.0261667362455194,1.7496101475022634,1.1532535902386967,1.5347479003435216,1.0562911394854155,0.12286069757234411,1,-0.6039107501479274,3,-1.584178240646517,-0.9320143892374165,2.406799172700811,0.9316033855643254,0.33809616377248186,-0.32789331844000197,-0.33939373950819707,0.5625759024789769,-0.3148734873096303,0.037670111121429345,-0.5374202478831505,0,1.467172862653639,-0.617777984796885,0,1,1,0,1,0,0,0,0,0,0,0,1,0,0,0,0,0,1,0,0,0,1
0.008342998196906572,1,0.8392115207658811,0.2230329755142651,-0.8916882501868245,-1.5756862740979403,0,-0.2406767700620191,-2.432005601372186,-0.05778754527941421,-0.6608531809232983,-0.3667235540184558,0.009682792429144669,0.9237707881769818,0,-0.057267398720923963,3,-1.584178240646517,-0.9320143892374165,0.4783162424325279,-0.6201892226844657,-2.4938204216722384,-0.9810141559830953,-1.1676872598353414,-0.6791456840737199,-1.1559347102263289,-2.9288511396911416,-0.824063090112337,0,-0.12186724474896166,0.11518742816587724,0,1,1,0,0,0,1,0,0,0,0,0,0,0,0,0,0,1,0,0,1,0,0
1.979376322216091,0,-1.6547653231036896,1.0867925984129432,1.0617867539482457,0.2546249253678617,1,-0.19147025379064658,0.3796721288811475,-0.05778754527941421,-0.6608531809232983,-0.02505788203118797,-0.18566910798823366,0.12286069757234411,1,-0.3305890744344257,3,1.1914379855160337,1.4159910129545328,0.7354472998016324,0.1557070814399298,0.33809616377248186,0.16194730971731802,0.7649976209279952,1.1834366957553253,0.8065414765793012,0.5320903195901912,-0.7063246760378254,0,0.31494113367016147,-0.38030632452234525,1,0,1,0,0,0,1,0,0,0,0,0,0,0,0,0,0,1,0,0,0,1,0
0.4463504035345031,0,-1.3771058732891848,-0.270543951856408,-1.8684257522543597,-0.6605306743650393,0,-0.5359158676902541,-2.432005601372186,2.6533089938931025,0.24620020465769926,2.8621020377219186,0.8391553940574662,-0.6780493930322936,0,1.855984331273588,4,-0.6589728319256667,1.4159910129545328,1.2497094145398413,0.1557070814399298,0.33809616377248186,2.284590031732371,3.249878181909428,0.8730062991171511,1.6476026994959998,-0.4567500973473325,0.4799046840224351,0,2.0318759256346355,-0.7921452877956728,0,0,1,0,1,0,0,0,0,0,0,0,0,1,0,0,0,0,0,0,1,0,0
0.11784484953130571,0,0.5764266843342962,-0.7641208792270812,1.0617867539482457,-0.6605306743650393,1,-1.1756005792180968,0.3796721288811475,-0.05778754527941421,1.1532535902386967,0.07608195619389878,-1.3115425426958724,2.1251359240839385,1,-0.8772324258614291,3,0.26623257679518353,-0.9320143892374165,0.9925783571707368,-1.3960855268088614,0.33809616377248186,-0.9810141559830953,-1.1676872598353414,-0.6791456840737199,-1.1559347102263289,0.5320903195901912,-0.7361768354126076,0,0.42319027531809583,0.4124836797788108,0,1,0,1,1,0,0,0,0,0,0,0,0,0,0,1,0,0,1,0,1,0,0
-1.1961773664814839,1,-1.332482033140425,2.4441291486822943,-0.8916882501868245,-0.6605306743650393,1,0.645040522822686,-2.432005601372186,-0.05778754527941421,-1.5679065665042957,-0.3259276528856477,1.0540424845165823,2.1251359240839385,0,0.7626976284195812,3,1.1914379855160337,-0.9320143892374165,-0.5502079870438897,2.4833959938131165,0.33809616377248186,-0.8177339465973219,-0.6154915796172451,-0.058284890797371494,-0.5952272282818631,-0.4567500973473325,-0.01733289943635774,0,-0.06254108627843018,2.451086547981783,0,0,0,1,0,0,1,0,0,0,0,0,0,0,0,1,0,0,1,1,0,0,0
1.6508707682128936,1,-1.3300029309099384,-0.8875151110697495,-1.8684257522543597,-1.5756862740979403,0,-0.4375028351475091,-2.432005601372186,2.6533089938931025,1.1532535902386967,2.8349047703000463,1.6208440775980837,-0.6780493930322936,0,-0.057267398720923963,3,1.1914379855160337,0.24198831185855807,2.7924957587544674,0.1557070814399298,0.33809616377248186,4.080672334975878,2.6976825016913315,1.1834366957553253,1.3672489585237668,0.5320903195901912,-0.24095864534749922,0,2.0221965524162973,-0.8466533858759663,0,1,0,1,0,1,0,0,0,0,0,1,0,0,0,0,0,1,0,0,0,1,0
0.7748559575377005,0,1.600295905525283,2.320734916839626,0.08504925188071055,1.1697805251007627,0,-0.6343289002329991,1.7855109940078144,1.7496101475022634,1.1532535902386967,1.448481567739771,-0.3620479821060824,0.12286069757234411,1,0.7626976284195812,3,0.26623257679518353,0.24198831185855807,1.5068404719089457,-0.6201892226844657,0.33809616377248186,0.8150681472604113,1.8693889813641875,2.7355886789461965,1.9279564404682326,1.520930736527715,-0.28678550124184393,0,1.4219694912159904,-0.5218759681475515,0,1,0,1,0,0,1,0,0,0,0,0,0,0,0,1,0,1,0,0,1,0,0
1.4318670655440953,0,-1.629974300798823,-1.0109093429124179,0.08504925188071055,1.1697805251007627,0,1.432344783164646,0.3796721288811475,-0.05778754527941421,0.24620020465769926,-0.03313207079705624,1.4907031712768661,-1.0785044383346125,0,-0.8772324258614291,3,-1.584178240646517,0.24198831185855807,0.9925783571707368,0.1557070814399298,0.33809616377248186,1.794749403575051,0.7649976209279952,-0.6791456840737199,2.488663922412698,0.037670111121429345,-0.7919374529023142,0,0.3059543669447819,-0.9465848990231709,0,0,0,1,1,0,0,0,0,0,0,0,0,0,0,1,0,1,0,0,0,1,0
-0.10115885313749257,1,0.20456134976129856,0.8400041347276065,1.0617867539482457,0.2546249253678617,0,-1.1263940629467242,1.7855109940078144,-0.9614863916702531,-1.5679065665042957,-0.7989051316441416,-0.8494439466006638,-0.6780493930322936,0,0.21605427699257776,3,0.26623257679518353,-0.9320143892374165,0.8640128284861845,-1.3960855268088614,0.33809616377248186,1.6314691941892778,2.4215846615822834,3.977310265498893,2.7690176633849313,-0.4567500973473325,-1.1663809682522899,0,-0.9570677823652469,-0.7677600860229101,0,1,1,0,1,0,0,0,0,0,1,0,0,0,0,0,0,0,1,0,1,0,0
0.22734670086570485,0,0.35330748359049763,1.5803695257836163,0.08504925188071055,1.1697805251007627,0,0.7926600716368035,0.3796721288811475,0.8459113011114247,-1.5679065665042957,0.930033657510335,-1.2972073672695612,-0.6780493930322936,1,-0.6039107501479274,3,0.26623257679518353,-0.9320143892374165,1.2497094145398413,-0.6201892226844657,0.33809616377248186,2.284590031732371,0.48889978081894714,-0.058284890797371494,1.086895217551534,0.037670111121429345,-0.4125906468877118,0,1.117342857194338,-0.7921452877956728,1,0,1,0,0,0,1,0,0,0,0,0,1,0,0,0,0,0,1,0,1,0,0
-0.42966440714069,0,0.5838639910257561,-0.14714972001373974,-1.8684257522543597,-0.6605306743650393,0,1.0878991692650386,-1.0261667362455194,-0.9614863916702531,1.1532535902386967,-0.8841090709892252,1.0011990927490038,-1.0785044383346125,0,1.036019304133083,3,1.1914379855160337,-0.9320143892374165,-1.0644701017820986,-0.6201892226844657,-1.0778621289498782,-0.8177339465973219,-0.6154915796172451,-0.058284890797371494,-0.5952272282818631,0.5320903195901912,0.12861899290537623,1,-1.1950099025718164,-0.9465848990231709,0,0,0,1,1,0,0,0,0,0,0,0,0,0,0,0,1,0,1,1,0,0,0
0.8843578088720997,0,1.0697680282011397,0.2230329755142651,-0.8916882501868245,1.1697805251007627,0,1.1863122018077836,0.3796721288811475,1.7496101475022634,1.1532535902386967,2.368514129745287,-1.2520937269573464,0.12286069757234411,0,-0.6039107501479274,3,-0.6589728319256667,0.24198831185855807,1.8925370579626022,0.9316033855643254,1.754054456494842,0.32522751910309133,-0.33939373950819707,-0.3687152874355457,-0.8755809692540959,1.520930736527715,-0.08125244423823678,0,1.845725597472129,-0.5690658493559537,0,1,0,1,1,0,0,0,0,0,0,1,0,0,0,0,0,1,0,0,1,0,0
-0.5391662584750891,0,0.7598802493903084,2.4441291486822943,1.0617867539482457,1.1697805251007627,0,0.15297536010896096,0.3796721288811475,-0.9614863916702531,0.24620020465769926,-0.5265075001219541,-0.446653625308429,2.5255909693862573,0,-0.8772324258614291,3,-0.6589728319256667,-0.9320143892374165,-0.16451140099023315,-0.6201892226844657,0.33809616377248186,0.16194730971731802,0.7649976209279952,1.4938670923934996,0.8065414765793012,0.5320903195901912,-0.6508544119580275,1,-0.37974370948561803,1.8333281030717916,0,0,1,0,0,0,1,0,0,0,1,0,0,0,0,0,0,0,1,1,0,0,0
-0.3201625558062908,0,-1.4539580424342708,-1.0109093429124179,1.0617867539482457,-0.6605306743650393,1,0.448214457737196,1.7855109940078144,-0.05778754527941421,1.1532535902386967,0.6846208147582863,-0.2860153359724122,-1.0785044383346125,0,-1.1505541015749308,3,1.1914379855160337,0.24198831185855807,0.6068817711170802,-0.6201892226844657,-1.0778621289498782,1.3049087754177313,-0.8915894197262932,-0.6791456840737199,1.3672489585237668,0.5320903195901912,-0.2276663112017007,0,0.9483843504738229,-0.9465848990231709,0,1,0,1,0,1,0,0,0,0,0,0,0,0,0,1,0,0,0,1,0,0,0
2.4173837275536876,0,0.7102982047805754,-1.0109093429124179,-0.8916882501868245,-0.6605306743650393,1,0.005355811294843447,0.3796721288811475,0.8459113011114247,1.1532535902386967,1.1476117968853115,-0.4602860960569799,0.12286069757234411,1,-0.3305890744344257,3,0.26623257679518353,0.24198831185855807,0.34975071374797573,-1.3960855268088614,-2.4938204216722384,-0.16461310905422863,-0.063295899399149,-0.6791456840737199,-0.0345197463373974,-0.4567500973473325,0.27211708746059854,0,1.2527613171929475,-0.26705060962218,0,1,0,1,0,0,0,0,1,0,0,1,0,0,0,0,0,1,0,0,0,0,1
0.8843578088720997,0,-0.03591156659590658,1.827157989468953,1.0617867539482457,-0.6605306743650393,1,-1.4708396768463317,0.3796721288811475,-0.9614863916702531,-0.6608531809232983,-0.9191680485252322,-0.8425574407586123,-0.6780493930322936,0,0.21605427699257776,3,-1.584178240646517,-0.9320143892374165,-0.678773515728442,0.1557070814399298,0.33809616377248186,-0.16461310905422863,-0.33939373950819707,-0.6791456840737199,-0.0345197463373974,-1.4455905142848562,-0.7326149542046076,0,-1.3049990718525457,-0.46120326373674886,0,1,0,0,0,0,1,0,0,1,0,0,0,0,0,0,0,0,1,0,1,0,0
1.7603726195472926,0,-1.6820354476390427,-0.8875151110697495,0.08504925188071055,0.2546249253678617,0,-1.3724266443035866,-1.0261667362455194,0.8459113011114247,-0.6608531809232983,0.2171677809448601,1.2963350574083523,-0.27759434772997477,0,-0.8772324258614291,3,-1.584178240646517,0.24198831185855807,2.406799172700811,-0.6201892226844657,0.33809616377248186,1.3049087754177313,0.7649976209279952,1.1834366957553253,2.2083101814404653,-0.9511703058160944,-0.9634682499596571,0,0.5622661897818563,-0.7273802895389803,1,0,0,1,0,1,0,0,0,0,0,0,0,0,0,1,0,1,0,0,0,1,0
-0.10115885313749257,1,-0.3532366520981979,0.7166099028849382,0.08504925188071055,-1.5756862740979403,1,0.743453555365431,0.3796721288811475,-0.05778754527941421,0.24620020465769926,-0.3546122708696534,-0.9072062711125648,1.7246808787816195,0,-0.3305890744344257,3,-0.6589728319256667,0.24198831185855807,-0.2930769296747854,0.1557070814399298,-1.0778621289498782,-0.9810141559830953,-1.1676872598353414,-0.6791456840737199,-1.1559347102263289,-1.4455905142848562,-0.37339531691116,0,-0.10400950116424156,1.4317851138802966,0,1,1,0,0,0,0,1,0,0,1,0,0,0,0,0,0,0,0,0,1,0,0
-1.1961773664814839,1,-1.1415911613929528,-0.8875151110697495,0.08504925188071055,-1.5756862740979403,1,-0.4375028351475091,0.3796721288811475,-0.9614863916702531,-1.5679065665042957,-0.9478526665092378,0.14516425430134086,1.3242258334793007,1,-0.3305890744344257,3,-0.6589728319256667,0.24198831185855807,-0.678773515728442,-0.6201892226844657,0.33809616377248186,-0.6544537372115486,-0.6154915796172451,-0.3687152874355457,-0.5952272282818631,-1.940010722753618,-0.7789917323696846,1,-1.4013792540419583,1.965704912695361,1,0,1,0,1,0,0,0,0,0,0,0,0,0,1,0,0,1,0,1,0,0,0
-0.3201625558062908,0,1.3151991490193182,0.09963874367159682,1.0617867539482457,0.2546249253678617,0,1.038692652993666,0.3796721288811475,-0.9614863916702531,0.24620020465769926,-0.910031466500697,0.5757816808328856,-0.6780493930322936,1,1.036019304133083,3,1.1914379855160337,0.24198831185855807,-1.3216011591512031,-0.6201892226844657,0.33809616377248186,-0.9810141559830953,-0.8915894197262932,-0.6791456840737199,-1.1559347102263289,1.026510528058953,3.095358668709852,1,-1.2755520724364633,0.7522508244793061,0,1,0,1,1,0,0,0,0,0,0,0,0,0,0,0,1,1,0,1,0,0,0
-0.9771736638126857,0,0.8466488274573412,0.09963874367159682,-1.8684257522543597,1.1697805251007627,1,0.3990079414658235,0.3796721288811475,-0.9614863916702531,-0.6608531809232983,-1.1582065317252797,1.2748322942688854,-0.6780493930322936,0,1.855984331273588,4,-0.6589728319256667,-0.9320143892374165,-1.3216011591512031,1.707499689688721,0.33809616377248186,-0.9810141559830953,-1.1676872598353414,-0.6791456840737199,-1.1559347102263289,0.037670111121429345,0.6878885844071927,1,-2.399892210534753,0.7522508244793061,0,1,0,1,0,0,1,0,0,0,0,0,0,0,0,0,1,1,0,1,0,0,0
0.11784484953130571,0,0.9507711211377805,-0.7641208792270812,1.0617867539482457,0.2546249253678617,1,-1.0771875466753518,0.3796721288811475,-0.9614863916702531,0.24620020465769926,-0.7823317968089383,-1.5903757588311807,0.12286069757234411,0,0.21605427699257776,3,-1.584178240646517,0.24198831185855807,-0.42164245835933756,-0.6201892226844657,0.33809616377248186,-0.8177339465973219,-0.6154915796172451,-0.058284890797371494,-0.5952272282818631,-0.4567500973473325,-0.753656270223948,0,-0.9148543033516361,0.1859722499784804,1,0,1,0,0,0,0,1,0,0,0,0,0,0,1,0,0,1,0,0,1,0,0
1.4318670655440953,0,1.6399615412130695,-0.8875151110697495,1.0617867539482457,-0.6605306743650393,1,-0.19147025379064658,0.3796721288811475,2.6533089938931025,0.24620020465769926,2.705717750046154,-0.20520429802997148,-0.27759434772997477,1,-1.1505541015749308,3,1.1914379855160337,0.24198831185855807,2.2782336440162587,-0.6201892226844657,-1.0778621289498782,0.16194730971731802,-0.8915894197262932,1.4938670923934996,0.8065414765793012,0.037670111121429345,-0.11320362509254972,0,1.9753500630171779,-0.7200734692228407,0,1,1,0,0,0,1,0,0,0,0,0,0,1,0,0,0,1,0,0,0,1,0
0.008342998196906572,0,-1.6820354476390427,-0.7641208792270812,0.08504925188071055,1.1697805251007627,0,-1.5200461931177043,0.3796721288811475,-0.05778754527941421,-0.6608531809232983,-0.5090842506798174,-0.06536606715566111,0.12286069757234411,0,-0.057267398720923963,3,-1.584178240646517,-0.9320143892374165,-0.42164245835933756,0.1557070814399298,-1.0778621289498782,-0.4911735278257753,-0.33939373950819707,-0.6791456840737199,-0.8755809692540959,-0.9511703058160944,-0.4223199551112318,0,-0.34938058815226164,0.1859722499784804,0,1,1,0,0,0,0,1,0,0,0,0,0,0,0,0,0,0,1,0,1,0,0
0.33684855220010396,0,-1.2457134550733922,2.0739464531542895,0.08504925188071055,0.2546249253678617,1,0.3990079414658235,0.3796721288811475,-0.05778754527941421,-1.5679065665042957,0.4022366866046302,1.110821022479619,-0.6780493930322936,0,-0.3305890744344257,3,-0.6589728319256667,0.24198831185855807,-0.42164245835933756,0.1557070814399298,-1.0778621289498782,-0.0013328996684553085,0.7649976209279952,1.4938670923934996,0.24583399463483546,-1.4455905142848562,0.6827356090555176,0,0.7271571541770432,-0.5690658493559537,0,1,0,1,0,1,0,0,0,0,0,0,0,0,0,1,0,1,0,0,1,0,0
-1.1961773664814839,0,0.293809030058818,-1.0109093429124179,-1.8684257522543597,-1.5756862740979403,0,0.005355811294843447,-1.0261667362455194,-0.9614863916702531,0.24620020465769926,-0.955289419319906,1.5391897940423305,-0.6780493930322936,0,-0.6039107501479274,3,0.26623257679518353,1.4159910129545328,-0.8073390444129942,1.707499689688721,0.33809616377248186,-0.32789331844000197,-0.33939373950819707,-0.3687152874355457,-0.3148734873096303,-0.4567500973473325,-0.6531217211127647,1,-1.4274075836190563,-0.38030632452234525,1,0,1,0,0,0,1,0,0,0,0,0,0,0,1,0,0,0,0,1,0,0,0
0.9938596602064987,0,-0.9234301651101275,-1.0109093429124179,1.0617867539482457,1.1697805251007627,1,-1.2740136117608418,0.3796721288811475,2.6533089938931025,1.1532535902386967,2.7885844242221705,1.0023234202334204,2.5255909693862573,0,0.4893759527060795,3,1.1914379855160337,1.4159910129545328,1.5068404719089457,-2.171981830933257,0.33809616377248186,-0.8177339465973219,-0.6154915796172451,-0.058284890797371494,-0.5952272282818631,2.015350944996477,0.2784286821149484,0,2.005566753816847,0.32754189360368685,0,1,1,0,0,0,1,0,0,0,0,0,0,1,0,0,0,0,0,0,0,1,0
1.869874470881692,0,0.6929444891671688,-0.8875151110697495,1.0617867539482457,0.2546249253678617,0,-1.2248070954894692,-1.0261667362455194,0.8459113011114247,0.24620020465769926,0.8888127990740601,-0.832157411527759,1.3242258334793007,0,-1.1505541015749308,3,-0.6589728319256667,0.24198831185855807,0.2211851850634235,0.9316033855643254,0.33809616377248186,0.32522751910309133,-0.063295899399149,1.4938670923934996,-1.1559347102263289,0.037670111121429345,0.21381485205307316,0,1.0902559726593302,0.509560006836095,0,1,0,1,1,0,0,0,0,0,0,0,0,0,0,1,0,1,0,0,0,1,0
2.08887817355049,0,1.0846426415840595,-0.02375548817107146,0.08504925188071055,-1.5756862740979403,0,-0.14226373751927407,0.3796721288811475,-0.9614863916702531,0.24620020465769926,-0.7566218799491998,-0.30344241198086896,-0.27759434772997477,0,1.036019304133083,3,-0.6589728319256667,0.24198831185855807,0.8640128284861845,0.9316033855643254,0.33809616377248186,-0.32789331844000197,-0.063295899399149,-0.6791456840737199,-0.3148734873096303,-0.9511703058160944,-1.1435933661415485,0,-0.851625379193568,-0.5889352730226494,1,0,1,0,0,0,1,0,0,0,0,0,0,0,1,0,0,1,0,0,0,0,1
-0.10115885313749257,0,-0.016078748752013372,0.3464272073569334,2.038524256015781,1.1697805251007627,0,-0.7327419327757442,-1.0261667362455194,0.8459113011114247,1.1532535902386967,0.5004018237054497,0.19055897648465972,-1.0785044383346125,0,-1.1505541015749308,3,-0.6589728319256667,-0.9320143892374165,0.4783162424325279,-0.6201892226844657,-1.0778621289498782,1.141628566031958,1.0410954610370433,1.4938670923934996,1.086895217551534,0.5320903195901912,-0.26328195917402925,0,0.807800997900401,-0.9465848990231709,0,1,1,0,0,0,1,0,0,0,0,0,1,0,0,0,0,0,1,0,1,0,0
1.979376322216091,0,-0.8887227338833145,-0.8875151110697495,-1.8684257522543597,0.2546249253678617,1,-1.2740136117608418,-1.0261667362455194,1.7496101475022634,-1.5679065665042957,2.1785582150956495,0.4230136838877847,1.7246808787816195,0,-0.057267398720923963,3,-0.6589728319256667,-0.9320143892374165,2.535364701385363,0.1557070814399298,1.754054456494842,0.32522751910309133,0.7649976209279952,1.1834366957553253,-0.5952272282818631,-0.4567500973473325,-0.36637692754328693,0,1.767469837355979,-0.20334426999083718,0,0,1,0,0,0,1,0,0,0,0,1,0,0,0,0,0,0,1,0,0,1,0
0.6653541062033014,0,-0.9606166985674274,1.950552221311621,0.08504925188071055,0.2546249253678617,1,0.645040522822686,-1.0261667362455194,0.8459113011114247,1.1532535902386967,0.9126104080681982,-1.271207294192428,0.9237707881769818,0,-0.6039107501479274,3,0.26623257679518353,0.24198831185855807,0.8640128284861845,1.707499689688721,0.33809616377248186,-0.9810141559830953,-1.1676872598353414,-0.6791456840737199,-1.1559347102263289,1.026510528058953,-0.2439983803024268,0,1.1059531666595819,-0.05246083402186724,0,1,0,1,0,0,1,0,0,0,0,0,0,0,0,1,0,0,0,0,1,0,0
-1.8531884744878788,1,-0.08301450897515295,-0.02375548817107146,0.08504925188071055,1.1697805251007627,0,-0.5851223839616266,0.3796721288811475,-0.9614863916702531,1.1532535902386967,-0.8881461653721593,0.4064298534926404,-0.6780493930322936,1,-0.3305890744344257,3,-0.6589728319256667,-0.9320143892374165,-1.193035630466651,0.1557070814399298,0.33809616377248186,-0.8177339465973219,-0.6154915796172451,-0.6791456840737199,-0.5952272282818631,1.026510528058953,0.9135889048105671,1,-1.2072735474683203,0.1859722499784804,1,0,0,1,0,1,0,0,0,0,0,0,0,0,0,0,1,0,1,0,0,0,0
-1.7436866231534796,1,1.3176782512498049,0.09963874367159682,0.08504925188071055,0.2546249253678617,0,-1.4708396768463317,-1.0261667362455194,-0.9614863916702531,-1.5679065665042957,-1.080864302494331,0.4138785230769001,-0.6780493930322936,0,-0.6039107501479274,3,-1.584178240646517,-0.9320143892374165,-1.3216011591512031,2.4833959938131165,-1.0778621289498782,-0.9810141559830953,-1.1676872598353414,-0.3687152874355457,-1.1559347102263289,-1.940010722753618,1.4381617956111037,1,-1.9525390123903716,0.7522508244793061,0,1,1,0,1,0,0,0,0,0,1,0,0,0,0,0,0,0,1,0,0,0,0
0.9938596602064987,0,0.49709541295872334,-0.14714972001373974,1.0617867539482457,1.1697805251007627,0,0.3990079414658235,-1.0261667362455194,-0.05778754527941421,-1.5679065665042957,-0.40114509559926265,0.9438583910437589,2.1251359240839385,1,2.1293060069870897,4,-1.584178240646517,2.5899937140505074,0.9925783571707368,-0.6201892226844657,0.33809616377248186,1.4681889848035046,2.4215846615822834,-0.3687152874355457,0.8065414765793012,-0.9511703058160944,-0.9798312067781345,0,-0.17380883223323745,0.4124836797788108,0,1,1,0,1,0,0,0,0,0,0,0,0,0,1,0,0,0,0,0,0,1,0
1.5413689168784945,1,1.2904081267144516,-0.6407266473844129,1.0617867539482457,-1.5756862740979403,1,-1.5692527093890767,0.3796721288811475,-0.9614863916702531,0.24620020465769926,-0.8588241114329535,-0.5595079965567418,2.5255909693862573,1,-0.8772324258614291,3,0.26623257679518353,2.5899937140505074,0.8640128284861845,-0.6201892226844657,1.754054456494842,0.48850772848886465,-1.1676872598353414,-0.058284890797371494,0.8065414765793012,0.037670111121429345,-1.198672947122788,0,-1.1203927836954548,0.6628384179791756,0,1,1,0,1,0,0,0,0,0,0,0,0,0,1,0,0,1,0,0,0,1,0
-0.9771736638126857,1,1.3970095226253776,1.827157989468953,-0.8916882501868245,-0.6605306743650393,1,0.3005949089230785,-1.0261667362455194,0.8459113011114247,-1.5679065665042957,0.4715047270697106,-0.27519368393490273,-0.6780493930322936,0,-0.8772324258614291,3,-1.584178240646517,-0.9320143892374165,-0.16451140099023315,-0.6201892226844657,-1.0778621289498782,0.48850772848886465,0.7649976209279952,-0.3687152874355457,1.3672489585237668,-2.43443093122238,0.3172865971147115,0,0.7845070063317787,-0.637705676568175,0,0,1,0,0,0,0,0,1,0,0,0,0,0,0,0,0,0,1,1,0,0,0
-1.1961773664814839,0,-1.5134564959659504,-1.0109093429124179,-0.8916882501868245,-1.5756862740979403,1,-0.3390898026047641,-1.0261667362455194,-0.9614863916702531,-1.5679065665042957,-0.5413810057432905,-0.4458103796951166,-0.6780493930322936,0,0.21605427699257776,3,-1.584178240646517,1.4159910129545328,-0.678773515728442,-0.6201892226844657,0.33809616377248186,-0.32789331844000197,-0.33939373950819707,-0.3687152874355457,-0.3148734873096303,-2.43443093122238,-0.1218156091860391,1,-0.4061569387250962,-0.46120326373674886,0,1,1,0,0,0,1,0,0,0,1,0,0,0,0,0,0,1,0,1,0,0,0
-0.7581699611438873,0,0.925980098832914,1.3335810620982798,0.08504925188071055,0.2546249253678617,1,0.9402796204509211,0.3796721288811475,-0.05778754527941421,-1.5679065665042957,0.7339158619604293,-0.7332165928991012,-1.0785044383346125,0,-0.057267398720923963,3,0.26623257679518353,0.24198831185855807,-0.5502079870438897,-1.3960855268088614,-1.0778621289498782,-0.16461310905422863,-0.6154915796172451,-0.6791456840737199,-0.5952272282818631,-0.9511703058160944,1.4514123036582685,0,0.9838782802001871,-0.9465848990231709,0,1,1,0,0,0,0,1,0,0,0,0,1,0,0,0,0,1,0,1,0,0,0
0.4463504035345031,0,-0.7275810889016822,-0.270543951856408,-0.8916882501868245,-0.6605306743650393,0,-1.1263940629467242,1.7855109940078144,-0.9614863916702531,0.24620020465769926,-0.6644061450969149,0.6394467246379737,-0.6780493930322936,0,-0.6039107501479274,3,0.26623257679518353,-0.9320143892374165,-0.16451140099023315,0.1557070814399298,0.33809616377248186,0.48850772848886465,0.48889978081894714,-0.6791456840737199,1.086895217551534,0.037670111121429345,-0.784625652087516,0,-0.6444635106581045,-0.637705676568175,0,1,1,0,0,0,0,0,1,0,0,0,0,0,1,0,0,1,0,0,1,0,0
0.11784484953130571,0,-1.1713403881587927,0.9633983665702748,-1.8684257522543597,0.2546249253678617,0,-0.043850704976529056,-1.0261667362455194,0.8459113011114247,0.24620020465769926,0.49296507089478153,1.4468543993846201,-1.0785044383346125,0,0.7626976284195812,3,-1.584178240646517,0.24198831185855807,1.121143885855289,0.9316033855643254,-1.0778621289498782,1.9580296129608246,1.3171933011460915,-0.3687152874355457,1.3672489585237668,-0.9511703058160944,-0.5711894130211288,0,0.8018405760263715,-0.9465848990231709,0,1,1,0,1,0,0,0,0,0,0,0,0,0,0,0,0,1,0,0,1,0,0
0.33684855220010396,0,1.7093764036666956,1.3335810620982798,1.0617867539482457,-1.5756862740979403,1,-0.2406767700620191,0.3796721288811475,0.8459113011114247,1.1532535902386967,0.8114705698431114,1.7186605687423249,0.523315742874663,0,1.3093409798465847,4,1.1914379855160337,0.24198831185855807,0.34975071374797573,2.4833959938131165,0.33809616377248186,0.651787937874638,1.5932911412551394,2.7355886789461965,-0.8755809692540959,0.5320903195901912,0.03920260156487891,0,1.0380794233593005,-0.040539179821849826,0,1,1,0,0,0,0,0,1,0,0,0,0,0,0,0,0,1,0,0,1,0,0
-1.0866755151470848,0,1.1763694241120657,-0.14714972001373974,2.038524256015781,-1.5756862740979403,1,1.038692652993666,-2.432005601372186,-0.9614863916702531,0.24620020465769926,-0.3998702236888624,-1.1867421919256336,-0.6780493930322936,0,1.036019304133083,3,1.1914379855160337,2.5899937140505074,-1.0644701017820986,0.9316033855643254,0.33809616377248186,-0.6544537372115486,-0.6154915796172451,-0.3687152874355457,-0.5952272282818631,0.037670111121429345,1.6944364364344175,1,-0.17185277030797252,-0.09716703727193238,0,0,1,0,1,0,0,0,0,0,1,0,0,0,0,0,0,1,0,1,0,0,0
1.979376322216091,0,0.7152564092415487,-0.8875151110697495,-1.8684257522543597,1.1697805251007627,1,-0.043850704976529056,0.3796721288811475,0.8459113011114247,-0.6608531809232983,0.950431608076739,0.21079687120415788,0.12286069757234411,0,0.7626976284195812,3,-0.6589728319256667,0.24198831185855807,1.5068404719089457,0.9316033855643254,0.33809616377248186,-0.6544537372115486,-0.6154915796172451,-0.3687152874355457,-0.5952272282818631,0.037670111121429345,-0.49684766166491706,0,1.130568553816335,-0.5218759681475515,1,0,1,0,1,0,0,0,0,0,0,0,1,0,0,0,0,1,0,0,0,1,0
-0.9771736638126857,0,0.13514648730767234,0.09963874367159682,0.08504925188071055,0.2546249253678617,0,-0.3390898026047641,0.3796721288811475,-0.05778754527941421,0.24620020465769926,-0.6040622080046363,-0.9000386833994092,0.12286069757234411,0,-0.6039107501479274,3,1.1914379855160337,-0.9320143892374165,-0.16451140099023315,0.9316033855643254,1.754054456494842,0.16194730971731802,0.7649976209279952,-0.3687152874355457,0.8065414765793012,1.520930736527715,-0.7260878520924856,1,-0.5228606630771878,-0.019947231658183493,0,1,1,0,0,0,0,1,0,0,0,0,0,0,1,0,0,0,1,1,0,0,0
0.7748559575377005,1,1.4218005449302442,-1.0109093429124179,-0.8916882501868245,-0.6605306743650393,1,1.235518718079156,-1.0261667362455194,0.8459113011114247,-1.5679065665042957,0.8454671541204515,-1.68467872658662,2.5255909693862573,0,-0.3305890744344257,3,1.1914379855160337,0.24198831185855807,1.6354060005934978,-1.3960855268088614,0.33809616377248186,2.1213098223465976,0.48889978081894714,0.2521455058408027,0.5261877356070683,-0.4567500973473325,-0.5802586496400771,0,1.0612372027747385,0.2765768218986125,0,1,0,0,0,0,1,0,0,1,0,0,0,0,0,0,0,1,0,0,1,0,0
-0.42966440714069,0,-0.3681112654811178,-0.5173324155417446,0.08504925188071055,1.1697805251007627,1,-1.5692527093890767,-1.0261667362455194,0.8459113011114247,1.1532535902386967,0.13090144834110964,0.9698584641208919,0.523315742874663,0,-0.057267398720923963,3,0.26623257679518353,0.24198831185855807,-0.2930769296747854,-0.6201892226844657,0.33809616377248186,-0.6544537372115486,-0.6154915796172451,-0.3687152874355457,-0.5952272282818631,1.520930736527715,0.1499179576923005,0,0.4787649666040468,0.4124836797788108,0,1,1,0,1,0,0,0,0,0,0,0,0,0,0,0,0,0,0,1,0,0,0
-0.2106607044718917,1,0.9953949612865401,-0.6407266473844129,0.08504925188071055,1.1697805251007627,1,0.9894861367222936,0.3796721288811475,0.8459113011114247,-1.5679065665042957,0.6542363675604136,-0.5593674556211897,-1.0785044383346125,1,1.855984331273588,4,-1.584178240646517,-0.9320143892374165,-0.2930769296747854,-0.6201892226844657,0.33809616377248186,0.16194730971731802,0.7649976209279952,0.5625759024789769,0.8065414765793012,-0.9511703058160944,0.7139969928556806,0,0.9260823205079697,-0.9465848990231709,0,1,0,1,0,0,0,0,1,0,0,0,0,0,0,1,0,0,1,1,0,0,0
-0.42966440714069,1,0.060773420393072805,2.4441291486822943,1.0617867539482457,-1.5756862740979403,0,-0.5851223839616266,-1.0261667362455194,-0.05778754527941421,0.24620020465769926,-0.4238803113347338,-1.5718243553383073,-0.6780493930322936,0,1.855984331273588,4,-0.6589728319256667,-0.9320143892374165,0.34975071374797573,0.9316033855643254,0.33809616377248186,0.9783483566461847,0.7649976209279952,0.2521455058408027,1.086895217551534,-0.9511703058160944,-0.8167802182819693,0,-0.20912562282483865,-0.7200734692228407,1,0,1,0,0,0,1,0,0,0,0,0,0,0,1,0,0,0,1,1,0,0,0
-0.9771736638126857,0,0.22935237206616507,0.7166099028849382,-0.8916882501868245,-1.5756862740979403,1,-0.7819484490471167,0.3796721288811475,-0.9614863916702531,0.24620020465769926,-0.9127936889732309,1.1480643704009177,-0.6780493930322936,0,0.21605427699257776,3,1.1914379855160337,0.24198831185855807,-0.9359045730975464,1.707499689688721,-1.0778621289498782,-0.4911735278257753,-0.6154915796172451,-0.058284890797371494,-0.5952272282818631,-0.4567500973473325,-0.34322178346301735,1,-1.284394067967259,-0.26705060962218,0,1,1,0,1,0,0,0,0,0,1,0,0,0,0,0,0,0,0,1,0,0,0
-0.3201625558062908,0,-0.4573589457786372,-0.7641208792270812,-1.8684257522543597,-1.5756862740979403,1,-1.0279810304039791,0.3796721288811475,-0.05778754527941421,1.1532535902386967,0.2662503494952699,1.1177075283216704,-1.0785044383346125,0,0.4893759527060795,3,0.26623257679518353,-0.9320143892374165,-0.5502079870438897,-1.3960855268088614,-1.0778621289498782,-0.16461310905422863,-0.6154915796172451,-0.6791456840737199,-0.0345197463373974,-0.4567500973473325,0.8033152322847175,0,0.607786844642996,-0.9465848990231709,1,0,1,0,1,0,0,0,0,0,0,0,0,0,0,0,0,0,1,1,0,0,0
0.008342998196906572,0,-1.2234015349990124,0.09963874367159682,1.0617867539482457,1.1697805251007627,0,1.0878991692650386,-1.0261667362455194,-0.05778754527941421,1.1532535902386967,0.040598021354425064,1.3927461391970728,-0.27759434772997477,1,-0.3305890744344257,3,0.26623257679518353,2.5899937140505074,-0.42164245835933756,1.707499689688721,0.33809616377248186,-0.9810141559830953,-1.1676872598353414,-0.6791456840737199,-1.1559347102263289,1.520930736527715,0.2442174066279569,0,0.3860919644202453,-0.1915467996887367,0,1,0,1,1,0,0,0,0,0,0,0,0,0,0,1,0,0,0,0,1,0,0
-1.3056792178158831,1,1.0325814947438399,-0.6407266473844129,-1.8684257522543597,1.1697805251007627,1,-1.6676657419318217,0.3796721288811475,-0.9614863916702531,1.1532535902386967,-0.5974753698009015,-1.364385934463451,-0.6780493930322936,1,-0.057267398720923963,3,-0.6589728319256667,0.24198831185855807,-0.5502079870438897,0.1557070814399298,1.754054456494842,-0.0013328996684553085,0.7649976209279952,0.8730062991171511,0.5261877356070683,1.520930736527715,-0.39364732797583896,1,-0.510162729294028,-0.5218759681475515,0,1,1,0,0,0,0,0,1,0,1,0,0,0,0,0,0,1,0,0,0,0,0
-1.1961773664814839,1,1.3077618423278583,1.456975293940948,0.08504925188071055,-1.5756862740979403,1,-1.4216331605749593,0.3796721288811475,-0.9614863916702531,0.24620020465769926,-0.8766723181785571,0.7111226017695297,-0.6780493930322936,0,1.3093409798465847,4,0.26623257679518353,0.24198831185855807,-1.3216011591512031,-2.171981830933257,-1.0778621289498782,-0.9810141559830953,-0.8915894197262932,-0.6791456840737199,-1.1559347102263289,-0.9511703058160944,3.4189655207950556,1,-1.1726772020059122,0.7522508244793061,0,1,1,0,0,0,1,0,0,0,1,0,0,0,0,0,0,0,0,1,0,0,0
-0.42966440714069,1,0.5318028441855365,1.950552221311621,0.08504925188071055,-1.5756862740979403,1,-0.5359158676902541,-1.0261667362455194,-0.9614863916702531,-0.6608531809232983,-0.890270951889493,-1.590937922573389,0.523315742874663,1,1.3093409798465847,4,-0.6589728319256667,-0.9320143892374165,-0.8073390444129942,-2.171981830933257,0.33809616377248186,-0.8177339465973219,-0.6154915796172451,-0.058284890797371494,-0.5952272282818631,-1.4455905142848562,-0.5269768845037553,1,-1.21376844731724,1.3185293989801317,0,1,1,0,0,0,1,0,0,0,0,0,0,0,1,0,0,0,1,1,0,0,0
0.5558522548689022,0,-0.8267451781211482,-0.8875151110697495,-0.8916882501868245,1.1697805251007627,1,-1.5200461931177043,0.3796721288811475,1.7496101475022634,-1.5679065665042957,2.371701309521288,0.012071988333529871,-1.0785044383346125,0,0.4893759527060795,3,1.1914379855160337,0.24198831185855807,1.5068404719089457,0.1557070814399298,0.33809616377248186,2.4478702411181446,0.48889978081894714,3.3564494722225446,0.8065414765793012,0.5320903195901912,0.10260020141952651,0,1.8470045289804653,-0.9465848990231709,0,1,1,0,0,0,1,0,0,0,0,1,0,0,0,0,0,1,0,0,1,0,0
-0.9771736638126857,1,0.5119700263416432,-1.0109093429124179,0.08504925188071055,-1.5756862740979403,1,-1.0279810304039791,-1.0261667362455194,-0.9614863916702531,-0.6608531809232983,-0.8301394934489478,-1.0053038441279103,-0.6780493930322936,0,-0.057267398720923963,3,-1.584178240646517,1.4159910129545328,-1.3216011591512031,-0.6201892226844657,0.33809616377248186,-0.9810141559830953,-1.1676872598353414,-0.6791456840737199,-1.1559347102263289,-1.940010722753618,3.870366161601804,1,-1.039992195301597,0.7522508244793061,1,0,1,0,0,0,1,0,0,0,1,0,0,0,0,0,0,0,0,1,0,0,0
1.4318670655440953,1,0.3880149148173107,-1.0109093429124179,1.0617867539482457,1.1697805251007627,1,0.743453555365431,0.3796721288811475,-0.05778754527941421,0.24620020465769926,-0.37713500795339117,0.4128947365280356,0.12286069757234411,1,-0.3305890744344257,3,1.1914379855160337,-0.9320143892374165,-0.8073390444129942,0.9316033855643254,0.33809616377248186,-1.1442943653688686,-1.1676872598353414,-0.6791456840737199,-1.1559347102263289,1.520930736527715,0.4685779534398957,0,-0.13738979300045812,0.7522508244793061,1,0,0,1,0,0,0,1,0,0,0,0,0,0,0,1,0,0,1,0,0,1,0
-0.42966440714069,0,0.41528503935266387,-0.270543951856408,0.08504925188071055,1.1697805251007627,0,-1.7660787744745667,0.3796721288811475,-0.05778754527941421,-0.6608531809232983,-0.46765091359180916,-0.12818786534743673,-1.0785044383346125,0,0.4893759527060795,3,0.26623257679518353,0.24198831185855807,-0.9359045730975464,0.1557070814399298,0.33809616377248186,-0.6544537372115486,-0.6154915796172451,-0.6791456840737199,-0.5952272282818631,0.5320903195901912,0.7363265527129398,1,-0.27954394808493416,-0.9465848990231709,1,0,0,1,1,0,0,0,0,0,0,0,0,0,0,1,0,1,0,1,0,0,0
-0.3201625558062908,0,-0.2615098695701918,-0.7641208792270812,1.0617867539482457,0.2546249253678617,1,-1.2740136117608418,-1.0261667362455194,-0.9614863916702531,1.1532535902386967,-0.748760169835065,1.1475022066587093,0.12286069757234411,0,0.4893759527060795,3,1.1914379855160337,2.5899937140505074,-0.678773515728442,-0.6201892226844657,0.33809616377248186,-1.1442943653688686,-1.1676872598353414,-0.6791456840737199,-1.1559347102263289,1.520930736527715,-0.45710253873503953,1,-0.8328093694869672,0.509560006836095,0,0,1,0,1,0,0,0,0,0,0,0,0,0,1,0,0,1,0,1,0,0,0
1.2128633628752972,0,1.1391828906547659,-1.0109093429124179,1.0617867539482457,-1.5756862740979403,1,-1.5200461931177043,1.7855109940078144,1.7496101475022634,1.1532535902386967,2.205967961169255,0.258721330227414,-0.27759434772997477,0,1.855984331273588,4,0.26623257679518353,-0.9320143892374165,2.0211025866471544,0.1557070814399298,-1.0778621289498782,-0.32789331844000197,-0.063295899399149,-0.058284890797371494,-0.8755809692540959,-0.4567500973473325,-0.19147620190312997,0,1.7790160128543537,-0.7038940813799599,0,0,1,0,0,0,1,0,0,0,0,1,0,0,0,0,0,0,1,0,0,1,0
0.8843578088720997,0,0.6136132177915959,-0.02375548817107146,1.0617867539482457,-0.6605306743650393,0,-0.043850704976529056,-1.0261667362455194,-0.05778754527941421,0.24620020465769926,-0.19334097420402138,0.5139436691899745,-0.6780493930322936,0,-0.6039107501479274,3,1.1914379855160337,0.24198831185855807,0.4783162424325279,-0.6201892226844657,0.33809616377248186,1.3049087754177313,1.5932911412551394,0.5625759024789769,2.2083101814404653,0.5320903195901912,-0.7119343464598844,0,0.11555718086299152,-0.7342304335853612,0,0,0,1,1,0,0,0,0,0,0,0,0,0,0,1,0,1,0,0,1,0,0
1.6508707682128936,0,0.4747834928843435,-0.270543951856408,1.0617867539482457,-0.6605306743650393,1,1.038692652993666,0.3796721288811475,0.8459113011114247,-0.6608531809232983,0.8376054440063166,0.14179127184809115,1.7246808787816195,0,1.036019304133083,3,1.1914379855160337,-0.9320143892374165,0.8640128284861845,0.9316033855643254,0.33809616377248186,0.16194730971731802,0.48889978081894714,0.5625759024789769,-1.1559347102263289,0.037670111121429345,-0.28442060917223455,0,1.055913541505109,0.3051887919786542,0,1,1,0,1,0,0,0,0,0,0,0,0,0,0,0,0,0,1,0,0,1,0
0.11784484953130571,0,-0.08053540674466629,0.09963874367159682,1.0617867539482457,0.2546249253678617,1,0.349801425194451,-1.0261667362455194,0.8459113011114247,0.24620020465769926,0.4753293428009114,-1.2289044725912548,-1.0785044383346125,1,-0.3305890744344257,3,-0.6589728319256667,1.4159910129545328,-0.2930769296747854,-0.6201892226844657,0.33809616377248186,0.16194730971731802,0.7649976209279952,-0.058284890797371494,0.8065414765793012,0.037670111121429345,0.5211612041396569,0,0.7876108074655246,-0.9465848990231709,0,1,0,1,0,1,0,0,0,0,0,0,0,0,0,1,0,0,0,0,1,0,0
-0.8676718124782865,0,0.754922044929335,2.320734916839626,1.0617867539482457,0.2546249253678617,0,1.333931750621901,0.3796721288811475,-0.9614863916702531,1.1532535902386967,-0.8475627428910846,1.778531007287507,0.523315742874663,0,1.855984331273588,4,-1.584178240646517,0.24198831185855807,-0.03594587230568093,-1.3960855268088614,0.33809616377248186,-0.0013328996684553085,0.21280194070989908,-0.3687152874355457,0.8065414765793012,0.037670111121429345,-1.0094078059736828,0,-1.0883142559946448,0.1859722499784804,0,1,1,0,1,0,0,0,0,0,0,0,0,0,1,0,0,0,0,1,0,0,0
-0.9771736638126857,0,0.3657029947429309,-0.7641208792270812,0.08504925188071055,1.1697805251007627,0,1.333931750621901,0.3796721288811475,0.8459113011114247,-0.6608531809232983,0.24479000567019893,-0.8817683617776401,-1.0785044383346125,0,0.4893759527060795,3,-0.6589728319256667,2.5899937140505074,-0.16451140099023315,0.1557070814399298,-1.0778621289498782,0.32522751910309133,0.7649976209279952,-0.3687152874355457,0.8065414765793012,-0.4567500973473325,0.09735760910521335,0,0.5880529873269428,-0.9465848990231709,0,1,1,0,0,0,1,0,0,0,0,0,1,0,0,0,0,0,0,1,0,0,0
0.9938596602064987,0,-0.9829286186418073,-0.7641208792270812,-1.8684257522543597,-1.5756862740979403,1,-0.6835354165043717,0.3796721288811475,1.7496101475022634,0.24620020465769926,2.3292055791746127,0.18029948818935854,0.12286069757234411,0,-0.8772324258614291,3,1.1914379855160337,0.24198831185855807,1.5068404719089457,0.1557070814399298,0.33809616377248186,0.8150681472604113,1.3171933011460915,0.5625759024789769,1.3672489585237668,0.037670111121429345,0.0846768088919604,0,1.8298621240177473,-0.5218759681475515,0,1,0,1,0,1,0,0,0,0,0,1,0,0,0,0,0,1,0,0,0,1,0
0.11784484953130571,0,-1.6671608342561228,-0.8875151110697495,-0.8916882501868245,1.1697805251007627,1,-1.6676657419318217,0.3796721288811475,0.8459113011114247,-0.6608531809232983,0.1801964955432528,0.8862366074674098,1.7246808787816195,0,0.21605427699257776,3,0.26623257679518353,-0.9320143892374165,-0.16451140099023315,-0.6201892226844657,0.33809616377248186,-0.9810141559830953,-1.1676872598353414,-0.6791456840737199,-1.1559347102263289,0.5320903195901912,0.034697428828842816,0,0.5270454804851503,1.2155696581617998,0,1,0,1,0,1,0,0,0,0,0,0,0,0,0,1,0,0,1,0,1,0,0
0.6653541062033014,0,0.6929444891671688,2.197340684996958,0.08504925188071055,0.2546249253678617,0,0.841866587908176,0.3796721288811475,0.8459113011114247,-1.5679065665042957,0.9172849384063324,-0.39043725108760075,2.1251359240839385,0,-1.1505541015749308,3,0.26623257679518353,0.24198831185855807,0.8640128284861845,-1.3960855268088614,0.33809616377248186,0.16194730971731802,0.7649976209279952,-0.6791456840737199,-0.8755809692540959,-0.4567500973473325,-0.24147914790827457,0,1.1090174049179458,0.48401360497891494,1,0,1,0,1,0,0,0,0,0,0,0,1,0,0,0,0,1,0,0,1,0,0
0.22734670086570485,1,-1.4861863714305974,-0.8875151110697495,0.08504925188071055,-1.5756862740979403,1,0.8910731041795485,0.3796721288811475,1.7496101475022634,1.1532535902386967,1.203918639594656,-0.1076688887568344,1.7246808787816195,0,-1.1505541015749308,3,1.1914379855160337,2.5899937140505074,1.2497094145398413,0.9316033855643254,0.33809616377248186,1.794749403575051,0.7649976209279952,2.7355886789461965,0.24583399463483546,0.5320903195901912,-0.2860728330151527,0,1.2859086366654624,0.13449237956931445,1,0,1,0,1,0,0,0,0,0,0,0,0,0,0,0,0,0,0,0,1,0,0
0.33684855220010396,0,1.2532215932571518,0.59321567104227,0.08504925188071055,0.2546249253678617,1,-1.0771875466753518,-1.0261667362455194,2.6533089938931025,0.24620020465769926,2.788371945570437,0.4540732306447923,-0.6780493930322936,0,-0.3305890744344257,3,-1.584178240646517,-0.9320143892374165,1.2497094145398413,-0.6201892226844657,1.754054456494842,2.1213098223465976,0.7649976209279952,0.5625759024789769,1.3672489585237668,0.037670111121429345,0.4458459707456484,0,2.0054900455168245,-0.7921452877956728,0,1,1,0,0,0,1,0,0,0,0,0,0,1,0,0,0,0,1,0,1,0,0
-1.7436866231534796,0,0.449992470579477,-1.0109093429124179,-1.8684257522543597,1.1697805251007627,0,0.20218187638033347,-1.0261667362455194,-0.9614863916702531,-0.6608531809232983,-0.9419032642607033,1.5477627911110068,-0.6780493930322936,1,-1.1505541015749308,3,0.26623257679518353,-0.9320143892374165,-1.193035630466651,2.4833959938131165,1.754054456494842,-0.8177339465973219,-0.6154915796172451,-0.058284890797371494,-0.5952272282818631,1.026510528058953,0.6528483520158013,1,-1.38087580844615,0.1859722499784804,0,1,1,0,0,0,0,0,1,0,0,0,0,0,1,0,0,0,1,0,0,0,0
0.22734670086570485,0,-0.9011182450357478,-0.02375548817107146,0.08504925188071055,0.2546249253678617,1,0.20218187638033347,0.3796721288811475,-0.05778754527941421,-0.6608531809232983,0.05929614270696211,-0.7790329378890763,2.5255909693862573,0,-0.057267398720923963,3,0.26623257679518353,-0.9320143892374165,-0.2930769296747854,-0.6201892226844657,-1.0778621289498782,-0.32789331844000197,-0.063295899399149,-0.6791456840737199,-0.3148734873096303,-0.4567500973473325,0.07273783798054287,0,0.40575466000088617,2.111319403281288,0,0,1,0,1,0,0,0,0,0,1,0,0,0,0,0,0,0,1,0,1,0,0
-0.10115885313749257,0,-1.4514789402037842,1.0867925984129432,1.0617867539482457,-1.5756862740979403,1,0.5958340065513135,0.3796721288811475,-0.05778754527941421,1.1532535902386967,0.2711373584851375,1.254313317678283,-0.27759434772997477,0,1.3093409798465847,4,-1.584178240646517,-0.9320143892374165,0.8640128284861845,-2.171981830933257,0.33809616377248186,0.651787937874638,1.3171933011460915,-0.6791456840737199,1.3672489585237668,-0.9511703058160944,-0.5897057711181483,0,0.6122447629759061,-0.5889352730226494,0,0,1,0,1,0,0,0,0,0,0,0,1,0,0,0,0,0,1,0,1,0,0
-0.6486681098094882,0,-0.023516055443473325,1.3335810620982798,0.08504925188071055,0.2546249253678617,1,0.05456232756621595,1.7855109940078144,-0.9614863916702531,1.1532535902386967,-0.7887061563609395,1.0776533616893302,-1.0785044383346125,0,-0.8772324258614291,3,-1.584178240646517,0.24198831185855807,-1.0644701017820986,0.9316033855643254,0.33809616377248186,-0.8177339465973219,-0.6154915796172451,-0.058284890797371494,-0.5952272282818631,0.037670111121429345,0.4371104506256658,1,-0.930950487859808,-0.9465848990231709,1,0,0,1,1,0,0,0,0,0,0,0,0,0,0,0,1,1,0,1,0,0,0
-0.9771736638126857,0,1.607733212216743,-0.8875151110697495,-1.8684257522543597,-1.5756862740979403,1,0.05456232756621595,-1.0261667362455194,-0.9614863916702531,-0.6608531809232983,-0.7015899091502557,0.7867336250965438,-1.0785044383346125,0,0.4893759527060795,3,-1.584178240646517,-0.9320143892374165,-0.678773515728442,-0.6201892226844657,-2.4938204216722384,-0.32789331844000197,-0.33939373950819707,-0.6791456840737199,-0.0345197463373974,-2.9288511396911416,-0.3808385035302464,1,-0.7245995623925239,-0.9465848990231709,0,1,1,0,1,0,0,0,0,0,0,0,0,0,1,0,0,1,0,1,0,0,0
-0.2106607044718917,0,0.9408547122158338,0.2230329755142651,-0.8916882501868245,1.1697805251007627,1,-0.5851223839616266,0.3796721288811475,-0.05778754527941421,1.1532535902386967,-0.3261401315373811,0.588430365032572,-0.6780493930322936,0,-1.1505541015749308,3,1.1914379855160337,0.24198831185855807,-0.8073390444129942,0.1557070814399298,0.33809616377248186,-0.32789331844000197,-0.6154915796172451,-0.6791456840737199,-0.5952272282818631,2.015350944996477,0.5675150801920598,0,-0.06284409834547394,-0.38030632452234525,1,0,0,1,0,1,0,0,0,0,0,0,0,0,0,1,0,0,0,1,0,0,0
1.3223652142096962,0,-1.5580803361147102,-0.14714972001373974,1.0617867539482457,1.1697805251007627,1,-0.4867093514188816,-1.0261667362455194,1.7496101475022634,-0.6608531809232983,1.405985837393096,-0.3420911692576884,1.3242258334793007,0,0.4893759527060795,3,-0.6589728319256667,0.24198831185855807,1.3782749432243935,0.1557070814399298,0.33809616377248186,0.32522751910309133,1.0410954610370433,-0.058284890797371494,-0.3148734873096303,0.037670111121429345,-0.25126459605084966,0,1.399192726231155,-0.06023582589144377,0,1,0,1,0,0,0,0,1,0,0,0,0,0,0,1,0,1,0,0,0,1,0
-0.3201625558062908,0,0.49709541295872334,-0.8875151110697495,-0.8916882501868245,1.1697805251007627,1,1.432344783164646,0.3796721288811475,-0.05778754527941421,0.24620020465769926,-0.5248076709080872,0.21374823085075137,-0.27759434772997477,0,-1.1505541015749308,3,1.1914379855160337,-0.9320143892374165,-0.8073390444129942,0.1557070814399298,-1.0778621289498782,-0.6544537372115486,-0.6154915796172451,-0.6791456840737199,-0.5952272282818631,1.026510528058953,0.1820725238867539,1,-0.376754350449301,0.1859722499784804,1,0,1,0,1,0,0,0,0,0,0,0,1,0,0,0,0,0,1,1,0,0,0
-0.8676718124782865,0,-0.7746840312809286,0.09963874367159682,0.08504925188071055,1.1697805251007627,0,-0.2406767700620191,0.3796721288811475,-0.9614863916702531,-0.6608531809232983,-0.6824668304942518,0.5097274411234124,-1.0785044383346125,0,-0.3305890744344257,3,1.1914379855160337,1.4159910129545328,-0.42164245835933756,-0.6201892226844657,-1.0778621289498782,-0.0013328996684553085,0.21280194070989908,-0.3687152874355457,-0.8755809692540959,0.5320903195901912,-0.6325613494595805,1,-0.6828543153814174,-0.9465848990231709,1,0,1,0,1,0,0,0,0,0,0,0,0,0,1,0,0,0,0,1,0,0,0
0.5558522548689022,0,-1.523372904887897,2.4441291486822943,0.08504925188071055,-0.6605306743650393,1,-0.4867093514188816,-2.432005601372186,-0.05778754527941421,1.1532535902386967,-0.47402527314381043,-0.6682866806740446,0.523315742874663,0,1.036019304133083,3,-1.584178240646517,-0.9320143892374165,0.6068817711170802,0.1557070814399298,0.33809616377248186,-0.9810141559830953,-1.1676872598353414,-0.6791456840737199,-1.1559347102263289,-0.4567500973473325,-0.930145676018824,0,-0.2900794385951176,-0.14713279384553465,0,1,1,0,0,0,1,0,0,0,1,0,0,0,0,0,0,0,1,0,1,0,0
-0.8676718124782865,0,-0.20944872272997214,-0.14714972001373974,-1.8684257522543597,-0.6605306743650393,1,0.645040522822686,-1.0261667362455194,-0.05778754527941421,1.1532535902386967,-0.307442010184844,0.4744516662998426,-0.6780493930322936,1,-0.057267398720923963,3,0.26623257679518353,0.24198831185855807,-0.16451140099023315,-0.6201892226844657,-1.0778621289498782,0.48850772848886465,0.7649976209279952,-0.3687152874355457,-0.5952272282818631,0.037670111121429345,-0.4383457084549417,0,-0.036409788031860665,-0.637705676568175,0,1,1,0,0,0,1,0,0,0,0,0,1,0,0,0,0,1,0,1,0,0,0
0.11784484953130571,0,-0.9159928584186676,-1.0109093429124179,0.08504925188071055,0.2546249253678617,1,-1.4216331605749593,1.7855109940078144,-0.9614863916702531,0.24620020465769926,-0.7774447878190707,-1.167769165626104,-0.6780493930322936,0,-0.6039107501479274,3,1.1914379855160337,0.24198831185855807,-0.5502079870438897,-0.6201892226844657,1.754054456494842,-0.0013328996684553085,0.48889978081894714,0.8730062991171511,-1.1559347102263289,1.520930736527715,-0.6430513349969194,0,-0.9026293975749243,-0.5218759681475515,0,1,0,0,0,0,0,0,0,1,0,0,0,0,0,0,0,1,0,0,1,0,0
-0.9771736638126857,0,-0.07309810005320634,-0.3939381836990763,0.08504925188071055,0.2546249253678617,1,-1.3232201280322142,-1.0261667362455194,-0.9614863916702531,0.24620020465769926,-0.8074042777134766,1.0926912417934018,-0.6780493930322936,1,-0.3305890744344257,3,1.1914379855160337,0.24198831185855807,-1.0644701017820986,-0.6201892226844657,0.33809616377248186,-0.6544537372115486,-0.8915894197262932,-0.6791456840737199,-0.5952272282818631,1.026510528058953,0.37664887316600987,1,-0.9791837210126368,-0.09716703727193238,1,0,1,0,1,0,0,0,0,0,0,0,0,0,1,0,0,0,0,1,0,0,0
-2.072192177156677,1,-1.3771058732891848,-0.14714972001373974,-1.8684257522543597,0.2546249253678617,1,0.6942470390940585,0.3796721288811475,-0.9614863916702531,0.24620020465769926,-0.9771747204484437,-0.10640402033686576,-0.6780493930322936,0,-0.8772324258614291,3,1.1914379855160337,-0.9320143892374165,-1.4501666878357553,-2.171981830933257,0.33809616377248186,-1.1442943653688686,-1.1676872598353414,-0.6791456840737199,-1.1559347102263289,1.026510528058953,2.4440225842581054,1,-1.5067243604917544,2.451086547981783,0,0,1,0,0,0,1,0,0,0,1,0,0,0,0,0,0,0,1,0,0,0,0
-0.42966440714069,1,-0.494545479235937,-0.02375548817107146,1.0617867539482457,-1.5756862740979403,0,0.5466274902799411,0.3796721288811475,-0.05778754527941421,-1.5679065665042957,0.3656903585064896,0.5722681574440839,-1.0785044383346125,1,0.4893759527060795,3,-1.584178240646517,-0.9320143892374165,-0.678773515728442,0.1557070814399298,0.33809616377248186,-0.32789331844000197,-0.6154915796172451,-0.6791456840737199,-0.3148734873096303,-2.43443093122238,1.3447211759007267,0,0.695994951700486,-0.9465848990231709,0,1,0,1,0,1,0,0,0,0,0,0,0,0,0,1,0,0,1,1,0,0,0
0.4463504035345031,0,-1.5754340517281167,0.3464272073569334,1.0617867539482457,-0.6605306743650393,1,-0.9787745141326066,0.3796721288811475,-0.9614863916702531,1.1532535902386967,-0.3690608191875229,-0.7395409349989445,0.12286069757234411,1,-1.1505541015749308,3,-1.584178240646517,0.24198831185855807,-0.678773515728442,0.9316033855643254,0.33809616377248186,-0.9810141559830953,-1.1676872598353414,-0.6791456840737199,-1.1559347102263289,-0.4567500973473325,0.15678859149453422,0,-0.12533799342020166,0.509560006836095,0,1,1,0,1,0,0,0,0,0,1,0,0,0,0,0,0,1,0,0,1,0,0
-0.6486681098094882,1,0.1772912252259454,0.7166099028849382,0.08504925188071055,0.2546249253678617,1,0.3005949089230785,0.3796721288811475,-0.9614863916702531,0.24620020465769926,-0.8271647923246805,-1.1355852913846798,-0.6780493930322936,0,-0.8772324258614291,3,0.26623257679518353,0.24198831185855807,-1.193035630466651,1.707499689688721,-1.0778621289498782,-0.8177339465973219,-0.6154915796172451,-0.058284890797371494,-0.5952272282818631,0.037670111121429345,1.2093696899967243,1,-1.0318948971419841,0.1859722499784804,1,0,1,0,0,0,1,0,0,0,1,0,0,0,0,0,0,1,0,1,0,0,0
0.008342998196906572,0,-1.0796136056307866,1.950552221311621,-0.8916882501868245,0.2546249253678617,0,-0.6835354165043717,-1.0261667362455194,-0.05778754527941421,1.1532535902386967,-0.16401892026481554,0.40165146168386995,1.7246808787816195,0,-0.6039107501479274,3,0.26623257679518353,1.4159910129545328,-0.2930769296747854,-0.6201892226844657,0.33809616377248186,-0.16461310905422863,-0.6154915796172451,-0.3687152874355457,-0.3148734873096303,1.026510528058953,-0.16796336622437472,0,0.15225294524904842,1.4317851138802966,0,1,1,0,0,0,1,0,0,0,0,0,0,0,0,0,0,0,0,0,1,0,0
-1.0866755151470848,0,-1.496102780352544,-0.3939381836990763,0.08504925188071055,1.1697805251007627,1,-0.5359158676902541,-1.0261667362455194,-0.9614863916702531,0.24620020465769926,-0.8422507765977502,-0.8942765050417744,-0.6780493930322936,0,-0.6039107501479274,3,0.26623257679518353,0.24198831185855807,-0.9359045730975464,-2.171981830933257,0.33809616377248186,-0.4911735278257753,-0.6154915796172451,-0.058284890797371494,-0.5952272282818631,1.026510528058953,-0.17214300178740027,1,-1.073416890722889,-0.26705060962218,0,1,1,0,1,0,0,0,0,0,0,0,0,0,1,0,0,1,0,1,0,0,0
-0.3201625558062908,0,1.4812989984619238,-0.02375548817107146,-1.8684257522543597,-0.6605306743650393,0,0.20218187638033347,0.3796721288811475,-0.05778754527941421,0.24620020465769926,-0.16763105734428294,-1.1923638293477163,-0.6780493930322936,0,1.3093409798465847,4,-1.584178240646517,-0.9320143892374165,-0.678773515728442,0.1557070814399298,-1.0778621289498782,-0.16461310905422863,0.21280194070989908,-0.3687152874355457,-0.3148734873096303,-1.4455905142848562,0.48245663372040765,0,0.14778046268495493,-0.46120326373674886,0,1,0,1,1,0,0,0,0,0,0,0,0,0,0,1,0,1,0,1,0,0,0
-0.2106607044718917,0,-0.6804781465224358,-0.14714972001373974,1.0617867539482457,0.2546249253678617,1,1.6783773645215088,0.3796721288811475,-0.9614863916702531,0.24620020465769926,-0.46318886190540826,-1.0126119727766179,-0.6780493930322936,0,0.4893759527060795,3,-0.6589728319256667,-0.9320143892374165,-0.678773515728442,-0.6201892226844657,-2.4938204216722384,-0.32789331844000197,-0.063295899399149,-0.3687152874355457,-0.0345197463373974,-0.9511703058160944,0.004604052775059526,1,-0.2722127279283241,-0.46120326373674886,0,1,0,0,0,0,0,0,1,1,0,0,0,0,0,0,0,0,1,1,0,0,0
-0.8676718124782865,1,-0.977970414180834,1.7037637576262845,-1.8684257522543597,1.1697805251007627,0,-1.0279810304039791,-1.0261667362455194,0.8459113011114247,-1.5679065665042957,0.17700931576725215,-0.4428590200485231,-0.6780493930322936,0,-0.6039107501479274,3,-1.584178240646517,0.24198831185855807,-0.03594587230568093,0.1557070814399298,-2.4938204216722384,0.651787937874638,1.0410954610370433,0.2521455058408027,1.6476026994959998,-1.940010722753618,-0.10585700067266919,0,0.523970279340979,-0.6634456117727581,0,1,0,1,1,0,0,0,0,0,0,0,0,0,0,1,0,1,0,1,0,0,0
0.33684855220010396,0,-0.5193365015408035,-0.02375548817107146,1.0617867539482457,-0.6605306743650393,0,1.0878991692650386,0.3796721288811475,0.8459113011114247,0.24620020465769926,1.4865152464000455,-0.07464176890209777,2.5255909693862573,0,0.4893759527060795,3,0.26623257679518353,-0.9320143892374165,1.121143885855289,0.1557070814399298,-1.0778621289498782,1.794749403575051,0.7649976209279952,-0.058284890797371494,2.488663922412698,-0.4567500973473325,-0.08928315813246275,0,1.44206653191851,0.509560006836095,1,0,1,0,0,0,1,0,0,0,0,0,0,1,0,0,0,0,1,0,1,0,0
0.5558522548689022,1,-0.7969959513553084,0.3464272073569334,0.08504925188071055,0.2546249253678617,1,-1.0771875466753518,0.3796721288811475,1.7496101475022634,-1.5679065665042957,1.5415472171989897,-1.6676732733848196,-1.0785044383346125,1,-0.8772324258614291,3,-0.6589728319256667,-0.9320143892374165,1.3782749432243935,-0.6201892226844657,-1.0778621289498782,2.284590031732371,1.3171933011460915,3.3564494722225446,2.7690176633849313,-1.4455905142848562,-0.19149008197141718,0,1.4706786490144748,-0.9465848990231709,1,0,0,1,1,0,0,0,0,0,0,0,0,0,0,1,0,0,1,0,1,0,0
0.5558522548689022,0,-0.3854649810945244,-0.6407266473844129,1.0617867539482457,-0.6605306743650393,1,-1.0279810304039791,0.3796721288811475,-0.05778754527941421,-1.5679065665042957,-0.2864066236632398,-1.6949382148819214,1.7246808787816195,0,-0.6039107501479274,3,1.1914379855160337,-0.9320143892374165,-0.2930769296747854,0.1557070814399298,1.754054456494842,-0.16461310905422863,-0.063295899399149,-0.3687152874355457,0.24583399463483546,0.037670111121429345,-0.2998795352272602,0,-0.00721564446331258,1.4317851138802966,0,1,0,1,0,1,0,0,0,0,0,0,0,0,0,1,0,0,1,0,1,0,0
-0.2106607044718917,0,0.44503426611850366,-1.0109093429124179,1.0617867539482457,1.1697805251007627,1,-0.3882963188761366,-1.0261667362455194,-0.9614863916702531,0.24620020465769926,-0.9019572777348287,0.2848619442400992,1.3242258334793007,0,-0.8772324258614291,3,-0.6589728319256667,0.24198831185855807,-0.16451140099023315,-0.6201892226844657,0.33809616377248186,0.16194730971731802,-1.1676872598353414,-0.3687152874355457,0.8065414765793012,0.5320903195901912,-1.0150667098144315,1,-1.2500000579653994,0.9066904357068039,0,1,1,0,0,0,1,0,0,0,1,0,0,0,0,0,0,1,0,1,0,0,0
-1.4151810691502822,0,-0.806912360277255,1.827157989468953,0.08504925188071055,1.1697805251007627,1,-0.8311549653184892,0.3796721288811475,-0.9614863916702531,-0.6608531809232983,-0.6174483630638389,-1.1108500867275153,2.1251359240839385,0,1.855984331273588,4,1.1914379855160337,-0.9320143892374165,-0.678773515728442,-0.6201892226844657,0.33809616377248186,-0.4911735278257753,-0.33939373950819707,-0.3687152874355457,-0.5952272282818631,1.026510528058953,-0.24479995424602077,1,-0.5490009017902461,2.9364681832682047,0,1,1,0,0,0,1,0,0,0,1,0,0,0,0,0,0,0,1,0,0,0,0
-0.9771736638126857,1,1.6920226880532891,0.3464272073569334,-1.8684257522543597,0.2546249253678617,0,0.645040522822686,0.3796721288811475,-0.9614863916702531,1.1532535902386967,-0.8473502642393512,1.2145402329170472,-0.6780493930322936,1,-1.1505541015749308,3,1.1914379855160337,-0.9320143892374165,-1.3216011591512031,0.9316033855643254,-1.0778621289498782,-0.9810141559830953,-0.8915894197262932,-0.6791456840737199,-1.1559347102263289,1.026510528058953,3.7034097602075273,1,-1.0877155224611914,0.7522508244793061,0,1,1,0,1,0,0,0,0,0,1,0,0,0,0,0,0,1,0,1,0,0,0
-1.1961773664814839,0,1.4416333627741373,-0.7641208792270812,1.0617867539482457,-1.5756862740979403,1,0.7926600716368035,1.7855109940078144,-0.9614863916702531,1.1532535902386967,-0.4425784326872709,-0.12537704663639532,-0.6780493930322936,0,1.855984331273588,4,-0.6589728319256667,0.24198831185855807,-0.42164245835933756,-0.6201892226844657,0.33809616377248186,0.16194730971731802,0.7649976209279952,-0.6791456840737199,0.8065414765793012,-0.4567500973473325,-0.34167589085751476,1,-0.23880520398746816,-0.5690658493559537,0,1,1,0,0,0,1,0,0,0,1,0,0,0,0,0,0,1,0,1,0,0,0
-0.7581699611438873,0,0.12275097615523907,0.09963874367159682,0.08504925188071055,0.2546249253678617,1,0.3005949089230785,-1.0261667362455194,-0.05778754527941421,0.24620020465769926,0.015950497753353506,-1.6312731710768333,-0.6780493930322936,0,0.7626976284195812,3,-1.584178240646517,0.24198831185855807,-0.16451140099023315,0.1557070814399298,0.33809616377248186,0.48850772848886465,-0.33939373950819707,-0.3687152874355457,-0.0345197463373974,-0.4567500973473325,-0.1246325690449549,0,0.3597742671045597,-0.637705676568175,0,1,0,1,0,1,0,0,0,0,0,0,0,0,0,1,0,1,0,1,0,0,0
0.33684855220010396,0,0.2467060876795716,2.0739464531542895,-0.8916882501868245,0.2546249253678617,0,1.2847252343505287,-1.0261667362455194,-0.05778754527941421,1.1532535902386967,-0.4421534753838041,0.9683125138298192,0.12286069757234411,1,-0.6039107501479274,3,1.1914379855160337,0.24198831185855807,0.6068817711170802,0.1557070814399298,-2.4938204216722384,-0.9810141559830953,-0.8915894197262932,-0.6791456840737199,-1.1559347102263289,0.5320903195901912,-0.9108220184500421,0,-0.23812412935471441,-0.3469958201399436,1,0,1,0,0,0,1,0,0,0,0,0,0,0,1,0,0,1,0,0,1,0,0
-0.2106607044718917,0,0.0409406025491796,-0.8875151110697495,0.08504925188071055,0.2546249253678617,1,-1.0771875466753518,-1.0261667362455194,0.8459113011114247,-0.6608531809232983,0.8012715945599094,0.7413389029132249,-0.27759434772997477,0,0.7626976284195812,3,-0.6589728319256667,0.24198831185855807,0.4783162424325279,-0.6201892226844657,1.754054456494842,-0.0013328996684553085,0.7649976209279952,1.1834366957553253,-0.0345197463373974,0.037670111121429345,-0.06870560989477327,0,1.0310620537306312,-0.5218759681475515,0,1,1,0,1,0,0,0,0,0,0,0,1,0,0,0,0,0,0,1,0,0,0
-0.3201625558062908,0,-0.33092473202381806,-1.0109093429124179,0.08504925188071055,1.1697805251007627,1,1.5307578157073911,-1.0261667362455194,-0.05778754527941421,-1.5679065665042957,-0.24646063713736524,1.608054852462845,-1.0785044383346125,0,1.3093409798465847,4,0.26623257679518353,-0.9320143892374165,0.34975071374797573,0.1557070814399298,0.33809616377248186,0.9783483566461847,1.3171933011460915,0.5625759024789769,1.3672489585237668,0.037670111121429345,-0.6938449491777179,0,0.04671218318466791,-0.9465848990231709,1,0,1,0,0,0,1,0,0,0,0,0,0,0,0,0,0,0,1,1,0,0,0
-0.2106607044718917,0,-0.41273510562987753,-0.6407266473844129,1.0617867539482457,1.1697805251007627,1,-0.9295679978612341,-1.0261667362455194,-0.9614863916702531,1.1532535902386967,-0.8768847968302904,1.7179578640645645,-0.6780493930322936,0,-0.6039107501479274,3,-0.6589728319256667,0.24198831185855807,-1.193035630466651,-0.6201892226844657,1.754054456494842,-0.8177339465973219,-0.6154915796172451,-0.058284890797371494,-0.5952272282818631,1.520930736527715,0.9682104435383243,1,-1.1733107031513947,0.1859722499784804,1,0,1,0,0,0,0,1,0,0,1,0,0,0,0,0,0,1,0,1,0,0,0
0.6653541062033014,1,1.4118841360082974,-0.02375548817107146,0.08504925188071055,-1.5756862740979403,0,0.9402796204509211,-2.432005601372186,-0.05778754527941421,0.24620020465769926,-0.24582320118216514,-0.6779840052271374,2.1251359240839385,0,-0.6039107501479274,3,-0.6589728319256667,-0.9320143892374165,-0.5502079870438897,-0.6201892226844657,-1.0778621289498782,-0.4911735278257753,-0.33939373950819707,-0.3687152874355457,-0.3148734873096303,-1.4455905142848562,0.09367691242544525,0,0.047557266254863596,2.451086547981783,0,1,0,1,0,1,0,0,0,0,0,0,0,0,0,1,0,0,1,0,1,0,0
-0.5391662584750891,0,0.14754199846010557,-0.8875151110697495,-1.8684257522543597,0.2546249253678617,0,0.4974209740085685,0.3796721288811475,-0.9614863916702531,-1.5679065665042957,-0.7810569248985381,0.08908842101606464,-0.6780493930322936,0,-0.8772324258614291,3,0.26623257679518353,2.5899937140505074,-1.3216011591512031,0.1557070814399298,0.33809616377248186,-0.9810141559830953,-1.1676872598353414,-0.6791456840737199,-1.1559347102263289,-0.4567500973473325,4.346501084096594,1,-0.9116556149315945,0.7522508244793061,0,0,0,1,1,0,0,0,0,0,0,0,0,0,0,0,1,0,0,1,0,0,0
2.08887817355049,0,-0.20944872272997214,-0.6407266473844129,1.0617867539482457,1.1697805251007627,0,1.2847252343505287,0.3796721288811475,2.6533089938931025,-1.5679065665042957,2.855727678169917,0.5989709351989773,0.523315742874663,0,-0.6039107501479274,3,1.1914379855160337,0.24198831185855807,2.1496681153317065,-0.6201892226844657,0.33809616377248186,-0.32789331844000197,-0.6154915796172451,0.5625759024789769,-0.5952272282818631,0.5320903195901912,-0.012400765885468675,0,2.0296128996798823,-0.47794056150524616,0,1,1,0,0,0,0,0,1,0,0,1,0,0,0,0,0,0,0,0,0,0,1
-0.8676718124782865,0,1.4837781006924105,-0.3939381836990763,-1.8684257522543597,-0.6605306743650393,0,-0.5851223839616266,0.3796721288811475,-0.9614863916702531,1.1532535902386967,-0.7164634147715919,1.6905523816319108,-0.6780493930322936,0,-0.6039107501479274,3,-1.584178240646517,0.24198831185855807,-0.16451140099023315,1.707499689688721,0.33809616377248186,0.48850772848886465,1.0410954610370433,-0.6791456840737199,1.086895217551534,-0.4567500973473325,-0.8351248105339331,1,-0.7578877414729613,-0.637705676568175,0,1,1,0,0,0,1,0,0,0,1,0,0,0,0,0,0,1,0,1,0,0,0
-1.9626903258222779,0,-0.39042318555549765,-0.02375548817107146,-0.8916882501868245,0.2546249253678617,1,-0.5851223839616266,0.3796721288811475,-0.9614863916702531,-1.5679065665042957,-0.8394885541252163,-1.0036173529012853,-0.6780493930322936,0,2.675949358414093,4,0.26623257679518353,-0.9320143892374165,-1.3216011591512031,0.9316033855643254,0.33809616377248186,-0.9810141559830953,-0.8915894197262932,-0.6791456840737199,-1.1559347102263289,-0.4567500973473325,3.7796737954123203,1,-1.0657281288334552,0.7522508244793061,0,1,1,0,1,0,0,0,0,0,0,0,0,0,1,0,0,0,1,0,0,0,0
0.8843578088720997,0,1.6226078255996628,-0.270543951856408,0.08504925188071055,-1.5756862740979403,0,0.841866587908176,0.3796721288811475,-0.9614863916702531,0.24620020465769926,-0.43046714953846843,0.8132958619158851,0.523315742874663,1,1.036019304133083,3,0.26623257679518353,0.24198831185855807,-0.5502079870438897,-0.6201892226844657,-1.0778621289498782,-0.6544537372115486,-0.6154915796172451,-0.6791456840737199,-0.5952272282818631,-0.9511703058160944,-0.16220512075202667,0,-0.21951430710756256,0.7522508244793061,0,1,1,0,0,0,1,0,0,0,0,0,0,0,1,0,0,1,0,0,1,0,0
0.008342998196906572,0,0.43263875496607046,-1.0109093429124179,0.08504925188071055,1.1697805251007627,0,-0.4867093514188816,-1.0261667362455194,-0.05778754527941421,1.1532535902386967,-0.0061472820269175485,-0.6116486836465601,-0.6780493930322936,0,-0.6039107501479274,3,-0.6589728319256667,0.24198831185855807,0.34975071374797573,-0.6201892226844657,-1.0778621289498782,1.141628566031958,1.0410954610370433,0.2521455058408027,1.9279564404682326,0.5320903195901912,-0.5273302313850131,0,0.33578148123213675,-0.7200734692228407,0,1,1,0,1,0,0,0,0,0,0,0,1,0,0,0,0,1,0,0,1,0,0
-1.8531884744878788,0,0.006233171322366485,-0.7641208792270812,0.08504925188071055,-1.5756862740979403,1,1.038692652993666,-1.0261667362455194,-0.9614863916702531,0.24620020465769926,-0.7372863226414627,-0.20871782141877326,-0.6780493930322936,0,-0.8772324258614291,3,-1.584178240646517,-0.9320143892374165,-1.193035630466651,-0.6201892226844657,-1.0778621289498782,-0.8177339465973219,-0.6154915796172451,-0.3687152874355457,-0.5952272282818631,-1.940010722753618,1.6453114047484472,1,-0.8057634544188198,0.1859722499784804,0,1,1,0,1,0,0,0,0,0,1,0,0,0,0,0,0,0,1,0,0,0,0
0.7748559575377005,1,0.7301310226244685,0.09963874367159682,1.0617867539482457,0.2546249253678617,1,1.4815512994360187,0.3796721288811475,-0.9614863916702531,0.24620020465769926,-0.7578967518596001,-0.49008077439401887,-0.6780493930322936,1,-1.1505541015749308,3,0.26623257679518353,-0.9320143892374165,-0.678773515728442,0.9316033855643254,0.33809616377248186,-0.16461310905422863,-0.063295899399149,-0.6791456840737199,-0.5952272282818631,0.5320903195901912,-0.4718744014098418,0,-0.8546989061882848,-0.46120326373674886,0,1,1,0,1,0,0,0,0,0,0,0,0,0,1,0,0,0,1,0,1,0,0
1.7603726195472926,0,1.0424979036657867,-0.270543951856408,-0.8916882501868245,1.1697805251007627,0,-0.7819484490471167,0.3796721288811475,2.6533089938931025,0.24620020465769926,2.571643720802394,0.6081060960098619,0.12286069757234411,0,0.7626976284195812,3,-0.6589728319256667,0.24198831185855807,1.8925370579626022,2.4833959938131165,0.33809616377248186,-0.0013328996684553085,0.7649976209279952,0.5625759024789769,0.8065414765793012,0.5320903195901912,-0.005464068296675066,0,1.9251390171785239,-0.5690658493559537,0,1,1,0,0,0,1,0,0,0,0,1,0,0,0,0,0,0,0,0,0,1,0
-0.8676718124782865,0,0.34587017689903765,0.7166099028849382,-1.8684257522543597,-0.6605306743650393,0,0.15297536010896096,-2.432005601372186,-0.9614863916702531,1.1532535902386967,-0.9210803563908325,1.7736120745431845,-1.0785044383346125,1,0.7626976284195812,3,-1.584178240646517,0.24198831185855807,-0.678773515728442,-0.6201892226844657,-1.0778621289498782,-0.32789331844000197,-0.063295899399149,-0.3687152874355457,-0.3148734873096303,-0.9511703058160944,-0.7357067394156127,1,-1.3112359687125739,-0.9465848990231709,0,1,1,0,1,0,0,0,0,0,0,0,0,0,1,0,0,1,0,1,0,0,0
-1.6341847718190805,1,1.124308277271846,-0.7641208792270812,1.0617867539482457,0.2546249253678617,1,-0.8803614815898617,-1.0261667362455194,-0.9614863916702531,1.1532535902386967,-0.7755324799534703,-1.4180725718443419,-1.0785044383346125,1,-1.1505541015749308,3,-0.6589728319256667,0.24198831185855807,-1.3216011591512031,1.707499689688721,0.33809616377248186,-1.1442943653688686,-1.1676872598353414,-0.6791456840737199,-1.1559347102263289,0.5320903195901912,4.400092027754016,1,-0.8978726307424867,-0.9465848990231709,1,0,1,0,1,0,0,0,0,0,0,0,0,0,1,0,0,1,0,0,0,0,0
0.9938596602064987,0,1.486257202922897,-0.8875151110697495,0.08504925188071055,0.2546249253678617,0,0.15297536010896096,0.3796721288811475,1.7496101475022634,-1.5679065665042957,2.2406019814017952,1.375037981317512,2.1251359240839385,0,2.1293060069870897,4,-1.584178240646517,-0.9320143892374165,2.1496681153317065,-0.6201892226844657,0.33809616377248186,3.1009910786612376,2.9737803418003796,3.977310265498893,1.3672489585237668,-1.4455905142848562,-0.22551310364403634,0,1.793479862549922,-0.009296223987321512,0,1,0,1,0,1,0,0,0,0,0,1,0,0,0,0,0,1,0,0,0,1,0
0.7748559575377005,0,-1.7142637766353692,0.9633983665702748,0.08504925188071055,1.1697805251007627,1,0.3990079414658235,-2.432005601372186,-0.9614863916702531,0.24620020465769926,-0.8951579608793607,-1.410202279453426,-0.27759434772997477,0,-0.6039107501479274,3,1.1914379855160337,-0.9320143892374165,-0.678773515728442,0.1557070814399298,0.33809616377248186,-1.1442943653688686,-1.1676872598353414,-0.6791456840737199,-1.1559347102263289,1.520930736527715,-0.6937958732219877,0,-1.2288139148540742,0.024178371549673068,0,0,1,0,1,0,0,0,0,0,0,0,0,0,1,0,0,0,1,0,1,0,0
-0.42966440714069,0,-1.6250160963378497,-0.8875151110697495,0.08504925188071055,-0.6605306743650393,1,1.6291708482501361,0.3796721288811475,-0.9614863916702531,0.24620020465769926,-0.6168109271086387,-0.8269573969123324,-0.6780493930322936,0,-0.6039107501479274,3,1.1914379855160337,0.24198831185855807,-0.8073390444129942,-0.6201892226844657,0.33809616377248186,-0.32789331844000197,-0.063295899399149,-0.3687152874355457,-0.0345197463373974,0.5320903195901912,0.003573457704724484,1,-0.5477457825428736,-0.38030632452234525,0,1,0,0,0,0,0,0,0,1,0,0,0,0,0,0,0,1,0,1,0,0,0
0.4463504035345031,1,0.2566224966015182,-0.5173324155417446,-0.8916882501868245,-1.5756862740979403,1,1.432344783164646,-1.0261667362455194,-0.9614863916702531,-1.5679065665042957,-0.9340415541465684,0.8404202624774348,1.3242258334793007,0,0.4893759527060795,3,-1.584178240646517,0.24198831185855807,-0.8073390444129942,-0.6201892226844657,-2.4938204216722384,-0.9810141559830953,-1.1676872598353414,-0.6791456840737199,-1.1559347102263289,-3.4232713481599037,-0.611897918299363,0,-1.354203302506689,2.451086547981783,0,0,1,0,1,0,0,0,0,0,0,0,0,0,1,0,0,0,0,0,1,0,0
-0.7581699611438873,0,1.3052827400973714,2.4441291486822943,1.0617867539482457,0.2546249253678617,1,-0.2406767700620191,0.3796721288811475,-0.05778754527941421,-1.5679065665042957,-0.5073844214659504,-0.1575609208778195,2.1251359240839385,0,1.036019304133083,3,0.26623257679518353,2.5899937140505074,-0.42164245835933756,0.1557070814399298,0.33809616377248186,-0.4911735278257753,-0.33939373950819707,-0.6791456840737199,-0.3148734873096303,-0.4567500973473325,-0.42025876497056175,1,-0.34645085635925854,2.0735674983145658,0,1,0,1,1,0,0,0,0,0,0,0,0,0,0,1,0,0,0,1,0,0,0
0.33684855220010396,0,0.9458129166768071,-0.8875151110697495,1.0617867539482457,-0.6605306743650393,1,-0.19147025379064658,0.3796721288811475,-0.05778754527941421,-0.6608531809232983,-0.4623389472984748,1.5637844577639428,0.9237707881769818,0,-0.8772324258614291,3,1.1914379855160337,2.5899937140505074,-0.8073390444129942,-0.6201892226844657,0.33809616377248186,-1.1442943653688686,-1.1676872598353414,-0.6791456840737199,-1.1559347102263289,0.037670111121429345,0.3032705041581548,0,-0.2708203435978378,1.8848079734809575,1,0,0,1,0,0,1,0,0,0,0,0,0,0,0,1,0,1,0,0,1,0,0
1.4318670655440953,0,1.5333601453021435,-0.8875151110697495,0.08504925188071055,1.1697805251007627,0,-1.7660787744745667,0.3796721288811475,1.7496101475022634,-1.5679065665042957,2.4122847320023624,-0.6778434642915854,-0.27759434772997477,0,1.855984331273588,4,0.26623257679518353,0.24198831185855807,2.6639302300699153,0.1557070814399298,0.33809616377248186,-0.8177339465973219,-0.6154915796172451,-0.058284890797371494,-0.5952272282818631,0.037670111121429345,-0.3303393450838293,0,1.8631953018960792,-0.7406654173865069,1,0,1,0,0,0,1,0,0,0,0,1,0,0,0,0,0,1,0,0,0,1,0
-0.9771736638126857,0,0.9334174055243739,1.2101868302556114,1.0617867539482457,1.1697805251007627,1,0.5958340065513135,-1.0261667362455194,-0.9614863916702531,-1.5679065665042957,-0.7026523024089225,-0.2619828359930081,-0.6780493930322936,0,-0.8772324258614291,3,0.26623257679518353,2.5899937140505074,-0.678773515728442,-0.6201892226844657,0.33809616377248186,-0.16461310905422863,0.21280194070989908,0.2521455058408027,-0.3148734873096303,0.037670111121429345,-0.3825561619808049,1,-0.7269530339520212,-0.46120326373674886,0,1,1,0,0,0,1,0,0,0,1,0,0,0,0,0,0,1,0,1,0,0,0
0.9938596602064987,0,1.6052541099862563,0.7166099028849382,-0.8916882501868245,1.1697805251007627,1,-0.6835354165043717,0.3796721288811475,2.6533089938931025,-0.6608531809232983,2.6725710803757474,-0.48684833287632123,0.9237707881769818,0,-1.1505541015749308,3,-1.584178240646517,0.24198831185855807,1.76397152927805,-0.6201892226844657,0.33809616377248186,-0.4911735278257753,-0.6154915796172451,-0.6791456840737199,-0.3148734873096303,-0.4567500973473325,0.09269931938729899,0,1.963091505274563,-0.29318654382991044,0,1,1,0,1,0,0,0,0,0,0,0,0,1,0,0,0,1,0,0,0,1,0
-0.2106607044718917,0,1.3846140114729444,0.9633983665702748,1.0617867539482457,0.2546249253678617,1,1.3831382668932737,0.3796721288811475,-0.05778754527941421,-1.5679065665042957,0.5233495180926542,0.9434367682371027,0.12286069757234411,1,-0.057267398720923963,3,1.1914379855160337,2.5899937140505074,0.4783162424325279,-0.6201892226844657,0.33809616377248186,-0.0013328996684553085,0.7649976209279952,-0.3687152874355457,0.8065414765793012,0.037670111121429345,-0.24844139016120456,0,0.8260457980033421,-0.309521502709742,0,1,0,1,1,0,0,0,0,0,0,0,0,0,0,1,0,1,0,1,0,0,0
-1.4151810691502822,1,0.449992470579477,0.9633983665702748,-0.8916882501868245,1.1697805251007627,0,1.5307578157073911,0.3796721288811475,-0.9614863916702531,-0.6608531809232983,-0.9121562530180307,-1.5376729079991542,-0.6780493930322936,0,-0.6039107501479274,3,-1.584178240646517,0.24198831185855807,-1.3216011591512031,0.1557070814399298,-2.4938204216722384,-0.9810141559830953,-1.1676872598353414,-0.6791456840737199,-1.1559347102263289,-1.4455905142848562,3.0747467673031514,1,-1.2823489934621304,0.7522508244793061,0,1,1,0,1,0,0,0,0,0,1,0,0,0,0,0,0,1,0,0,0,0,0
-0.42966440714069,0,0.8516070319183144,1.950552221311621,0.08504925188071055,-0.6605306743650393,0,0.7926600716368035,0.3796721288811475,-0.05778754527941421,0.24620020465769926,-0.4172934731309992,-1.3222236537978298,-0.6780493930322936,0,-0.8772324258614291,3,-1.584178240646517,0.24198831185855807,-0.16451140099023315,0.1557070814399298,-1.0778621289498782,0.48850772848886465,0.7649976209279952,-0.6791456840737199,-0.8755809692540959,-1.4455905142848562,-0.5449092387275852,1,-0.19880813379851664,-0.637705676568175,1,0,0,1,0,0,1,0,0,0,0,0,0,0,0,1,0,1,0,1,0,0,0
-0.10115885313749257,0,0.28389262113687136,-0.3939381836990763,1.0617867539482457,0.2546249253678617,1,-0.2898832863333916,-2.432005601372186,-0.9614863916702531,0.24620020465769926,-0.7993300889476084,-1.0467634201157712,-0.6780493930322936,0,-0.3305890744344257,3,0.26623257679518353,0.24198831185855807,-0.5502079870438897,0.9316033855643254,0.33809616377248186,-0.0013328996684553085,0.7649976209279952,-0.3687152874355457,0.8065414765793012,0.5320903195901912,-0.6733802756382078,0,-0.9581658972571298,-0.5218759681475515,0,1,1,0,1,0,0,0,0,0,1,0,0,0,0,0,0,0,0,0,1,0,0
-0.7581699611438873,0,0.12523007838572572,-0.270543951856408,1.0617867539482457,0.2546249253678617,1,-0.8311549653184892,0.3796721288811475,-0.05778754527941421,0.24620020465769926,-0.6399711001475767,-0.4221995025223687,-0.6780493930322936,0,-0.6039107501479274,3,-1.584178240646517,2.5899937140505074,-0.16451140099023315,0.9316033855643254,-1.0778621289498782,0.48850772848886465,0.7649976209279952,1.8042974890316739,1.3672489585237668,-0.9511703058160944,-0.7609219654698101,1,-0.5940337844675596,-0.637705676568175,0,1,1,0,1,0,0,0,0,0,1,0,0,0,0,0,0,0,0,1,0,0,0
0.7748559575377005,0,-1.4936236781220573,2.4441291486822943,1.0617867539482457,1.1697805251007627,1,-1.6676657419318217,0.3796721288811475,-0.05778754527941421,1.1532535902386967,-0.4168685158275324,-0.9232279377655009,-0.6780493930322936,0,2.675949358414093,4,-0.6589728319256667,-0.9320143892374165,1.121143885855289,0.1557070814399298,0.33809616377248186,2.1213098223465976,1.8693889813641875,3.3564494722225446,3.6100788863016295,1.026510528058953,-1.0124902221385939,0,-0.19814491112258148,-0.7847910205943636,0,1,1,0,0,0,0,1,0,0,0,0,0,0,1,0,0,0,1,0,1,0,0
-1.8531884744878788,0,-0.3681112654811178,1.456975293940948,0.08504925188071055,0.2546249253678617,1,-1.1263940629467242,1.7855109940078144,-0.9614863916702531,1.1532535902386967,-0.812716244006811,-1.3018452181427795,-0.6780493930322936,0,0.4893759527060795,3,1.1914379855160337,-0.9320143892374165,-1.193035630466651,-0.6201892226844657,0.33809616377248186,-0.8177339465973219,-0.8915894197262932,-0.058284890797371494,-0.5952272282818631,1.520930736527715,1.2794501547795072,1,-0.9931730007227183,0.1859722499784804,0,1,0,1,0,1,0,0,0,0,0,0,0,0,0,0,1,0,1,0,0,0,0
0.9938596602064987,0,-1.6175787896463898,-0.8875151110697495,1.0617867539482457,1.1697805251007627,1,-0.2898832863333916,0.3796721288811475,-0.05778754527941421,1.1532535902386967,0.18614589779178728,0.4384731867985125,-0.27759434772997477,0,-1.1505541015749308,3,0.26623257679518353,0.24198831185855807,0.09261965637887129,0.1557070814399298,-1.0778621289498782,-0.16461310905422863,-0.33939373950819707,-0.3687152874355457,-0.0345197463373974,1.026510528058953,-0.21302327291069037,0,0.5327691034822728,-0.4238662148685625,0,1,1,0,0,0,0,0,1,0,0,0,1,0,0,0,0,0,0,0,0,1,0
0.5558522548689022,0,-1.545684824962277,-0.8875151110697495,2.038524256015781,1.1697805251007627,1,0.645040522822686,1.7855109940078144,-0.05778754527941421,-1.5679065665042957,-0.049067969677059405,-0.20450159335221113,1.7246808787816195,0,0.21605427699257776,3,-1.584178240646517,0.24198831185855807,-0.16451140099023315,0.1557070814399298,1.754054456494842,-0.4911735278257753,-0.33939373950819707,-0.6791456840737199,-0.3148734873096303,-0.4567500973473325,-0.1877049873494593,0,0.2880583390013198,1.2155696581617998,0,0,0,0,0,0,1,0,0,1,0,0,0,0,0,0,0,1,0,0,1,0,0
2.526885578888087,0,-0.2639889718006785,-0.270543951856408,1.0617867539482457,-0.6605306743650393,1,-0.6835354165043717,1.7855109940078144,-0.05778754527941421,1.1532535902386967,-0.2725955113005704,-0.48066453171203016,-1.0785044383346125,1,0.7626976284195812,3,-0.6589728319256667,0.24198831185855807,0.09261965637887129,0.1557070814399298,0.33809616377248186,0.651787937874638,0.7649976209279952,-0.3687152874355457,1.3672489585237668,0.037670111121429345,-0.5838657323862497,0,0.011648892332679624,-0.9465848990231709,0,1,0,1,0,1,0,0,0,0,0,0,0,0,0,1,0,0,0,0,0,0,1
-0.5391662584750891,0,-1.701868265482936,0.4698214391996017,0.08504925188071055,0.2546249253678617,0,0.5466274902799411,-1.0261667362455194,-0.9614863916702531,-0.6608531809232983,-0.7989051316441416,-0.9812713441485061,-0.6780493930322936,0,1.3093409798465847,4,0.26623257679518353,0.24198831185855807,-1.193035630466651,-0.6201892226844657,0.33809616377248186,-0.8177339465973219,-0.6154915796172451,-0.058284890797371494,-0.5952272282818631,0.037670111121429345,1.346438834351285,1,-0.9570677823652469,0.1859722499784804,1,0,1,0,0,0,0,1,0,0,1,0,0,0,0,0,0,1,0,1,0,0,0
-0.5391662584750891,0,1.2730544111010451,-0.8875151110697495,-0.8916882501868245,1.1697805251007627,0,-1.3724266443035866,0.3796721288811475,-0.05778754527941421,0.24620020465769926,-0.3197657719853798,-1.6829922353599953,0.523315742874663,1,-0.3305890744344257,3,1.1914379855160337,-0.9320143892374165,-0.16451140099023315,-0.6201892226844657,0.33809616377248186,0.16194730971731802,0.7649976209279952,-0.6791456840737199,0.8065414765793012,1.520930736527715,-0.4503006112708282,0,-0.053780160973609825,0.2889319907968124,1,0,1,0,1,0,0,0,0,0,0,0,0,0,1,0,0,0,1,1,0,0,0
-0.10115885313749257,0,-1.0895300145527331,-1.0109093429124179,0.08504925188071055,0.2546249253678617,0,0.5466274902799411,-2.432005601372186,0.8459113011114247,-1.5679065665042957,0.7965970642217751,-1.416386080617717,-0.27759434772997477,1,1.5826626555600865,4,0.26623257679518353,0.24198831185855807,0.7354472998016324,-0.6201892226844657,0.33809616377248186,-0.0013328996684553085,0.7649976209279952,1.4938670923934996,0.8065414765793012,-0.4567500973473325,-0.23746454227481265,0,1.0278347953672282,-0.5690658493559537,0,1,1,0,0,0,0,0,1,0,0,0,1,0,0,0,0,0,0,0,1,0,0
-0.42966440714069,0,-1.6993891632524494,-0.02375548817107146,0.08504925188071055,-1.5756862740979403,1,-0.2898832863333916,0.3796721288811475,-0.9614863916702531,1.1532535902386967,-0.7908309428782733,-1.1246230984116183,-1.0785044383346125,0,-0.6039107501479274,3,-0.6589728319256667,0.24198831185855807,0.4783162424325279,1.707499689688721,0.33809616377248186,1.141628566031958,1.5932911412551394,0.5625759024789769,1.6476026994959998,-0.4567500973473325,-1.0983387914975031,0,-0.9363543538555091,-0.9465848990231709,0,1,1,0,0,0,1,0,0,0,0,0,0,0,1,0,0,1,0,1,0,0,0
0.33684855220010396,0,-1.7241801855573158,0.09963874367159682,0.08504925188071055,-0.6605306743650393,0,0.8910731041795485,-1.0261667362455194,-0.05778754527941421,-0.6608531809232983,0.0741696483282984,-0.3825669586966848,1.7246808787816195,0,-0.8772324258614291,3,-0.6589728319256667,0.24198831185855807,-0.5502079870438897,-0.6201892226844657,1.754054456494842,-0.32789331844000197,-0.8915894197262932,-0.3687152874355457,-0.3148734873096303,-0.4567500973473325,0.5371272484038951,0,0.4212141007398548,2.0263776171061636,0,1,0,1,0,0,0,0,1,0,0,0,0,0,0,1,0,0,0,0,1,0,0
-1.3056792178158831,0,1.3722185003205112,0.09963874367159682,1.0617867539482457,0.2546249253678617,1,-0.4375028351475091,0.3796721288811475,-0.05778754527941421,1.1532535902386967,-0.3299647472685818,0.8867987712096181,-1.0785044383346125,0,-0.3305890744344257,3,-0.6589728319256667,-0.9320143892374165,-0.8073390444129942,0.9316033855643254,0.33809616377248186,-0.4911735278257753,-0.33939373950819707,-0.3687152874355457,-0.8755809692540959,0.5320903195901912,0.5600947956856475,0,-0.06830877022563085,-0.9465848990231709,0,1,0,1,1,0,0,0,0,0,0,0,0,0,0,1,0,0,1,0,0,0,0
-0.7581699611438873,0,1.6424406434435561,-1.0109093429124179,0.08504925188071055,1.1697805251007627,1,-0.14226373751927407,0.3796721288811475,-0.9614863916702531,-0.6608531809232983,-0.6212729787950396,-0.694848917493386,-1.0785044383346125,1,1.5826626555600865,4,-1.584178240646517,0.24198831185855807,0.09261965637887129,-0.6201892226844657,0.33809616377248186,0.651787937874638,1.3171933011460915,0.8730062991171511,0.8065414765793012,-0.4567500973473325,-0.8657334841228839,0,-0.556553670724407,-0.9465848990231709,0,1,1,0,0,0,1,0,0,0,0,0,0,0,1,0,0,1,0,1,0,0,0
0.5558522548689022,0,-0.8540153026565014,2.0739464531542895,2.038524256015781,-1.5756862740979403,0,-0.2898832863333916,0.3796721288811475,0.8459113011114247,-1.5679065665042957,1.4210718216661657,1.2603565779070223,0.12286069757234411,1,0.4893759527060795,3,0.26623257679518353,-0.9320143892374165,1.121143885855289,2.4833959938131165,0.33809616377248186,-0.9810141559830953,-1.1676872598353414,-0.6791456840737199,-1.1559347102263289,-1.4455905142848562,-0.12102548629878225,0,1.4073179861155596,-0.46120326373674886,1,0,1,0,0,0,1,0,0,0,0,0,0,1,0,0,0,1,0,0,1,0,0
-0.2106607044718917,0,1.0152277791304334,-0.14714972001373974,-0.8916882501868245,0.2546249253678617,0,0.5958340065513135,-1.0261667362455194,0.8459113011114247,1.1532535902386967,0.8231568956884471,-0.07843637416200369,0.523315742874663,1,-1.1505541015749308,3,-0.6589728319256667,0.24198831185855807,0.6068817711170802,2.4833959938131165,-1.0778621289498782,0.9783483566461847,-0.6154915796172451,0.5625759024789769,2.2083101814404653,0.037670111121429345,-0.14367281296939471,0,1.046080152343885,-0.14713279384553465,0,0,0,1,0,1,0,0,0,0,0,0,0,0,0,1,0,1,0,1,0,0,0
-1.0866755151470848,0,0.7450056360073884,0.59321567104227,0.08504925188071055,-1.5756862740979403,1,-1.1756005792180968,0.3796721288811475,-0.9614863916702531,-1.5679065665042957,-0.9068442867246963,0.008980087751384315,-0.6780493930322936,1,-0.3305890744344257,3,1.1914379855160337,1.4159910129545328,-0.2930769296747854,0.1557070814399298,-1.0778621289498782,0.32522751910309133,0.7649976209279952,1.1834366957553253,1.086895217551534,-1.4455905142848562,-0.9686212253113322,1,-1.2654138829464812,-0.6068177543226755,0,1,1,0,1,0,0,0,0,0,0,0,0,0,1,0,0,1,0,1,0,0,0
1.869874470881692,0,0.4053686304307173,-1.0109093429124179,1.0617867539482457,1.1697805251007627,0,-0.6343289002329991,0.3796721288811475,0.8459113011114247,0.24620020465769926,0.849716727155119,-0.6540920461832854,1.7246808787816195,0,0.4893759527060795,3,-1.584178240646517,0.24198831185855807,2.7924957587544674,-0.6201892226844657,-2.4938204216722384,-0.32789331844000197,-0.063295899399149,-0.3687152874355457,-0.0345197463373974,-0.9511703058160944,-0.8245252963863055,0,1.0641070386609413,-0.2470643069927392,1,0,1,0,1,0,0,0,0,0,0,0,1,0,0,0,0,0,0,0,0,1,0
0.7748559575377005,0,0.7797130672342015,-0.8875151110697495,-1.8684257522543597,-1.5756862740979403,0,0.3005949089230785,1.7855109940078144,-0.9614863916702531,1.1532535902386967,-0.9544395047129725,0.7967120315207408,-0.6780493930322936,0,-0.6039107501479274,3,1.1914379855160337,0.24198831185855807,-0.16451140099023315,1.707499689688721,0.33809616377248186,0.48850772848886465,0.21280194070989908,1.4938670923934996,0.8065414765793012,0.5320903195901912,-1.0659781062889826,0,-1.4244100406675813,-0.637705676568175,0,1,1,0,1,0,0,0,0,0,0,0,0,0,1,0,0,1,0,0,1,0,0
-1.9626903258222779,1,-0.7399766000541155,0.09963874367159682,0.08504925188071055,-1.5756862740979403,0,1.4815512994360187,-1.0261667362455194,-0.9614863916702531,-0.6608531809232983,-0.9867362597764455,-1.147531270906606,-0.6780493930322936,1,2.675949358414093,4,-0.6589728319256667,-0.9320143892374165,-1.3216011591512031,-0.6201892226844657,1.754054456494842,-0.9810141559830953,-0.8915894197262932,-0.6791456840737199,-1.1559347102263289,-0.9511703058160944,2.3512690279279513,1,-1.5427336217257464,0.7522508244793061,0,0,1,0,0,0,1,0,0,0,0,0,0,0,1,0,0,0,1,0,0,0,0
-0.8676718124782865,0,0.5144491285721299,-1.0109093429124179,0.08504925188071055,-1.5756862740979403,0,1.5307578157073911,0.3796721288811475,-0.9614863916702531,1.1532535902386967,-0.5828143428312987,-1.2248287854602447,-0.6780493930322936,0,-0.057267398720923963,3,-1.584178240646517,2.5899937140505074,-1.0644701017820986,1.707499689688721,0.33809616377248186,-0.6544537372115486,-0.6154915796172451,-0.3687152874355457,-0.5952272282818631,-0.9511703058160944,1.102874866062103,1,-0.4822782746715041,-0.09716703727193238,0,1,1,0,1,0,0,0,0,0,0,0,0,0,1,0,0,0,0,1,0,0,0
1.869874470881692,0,-0.29125909633603164,-0.7641208792270812,0.08504925188071055,1.1697805251007627,1,0.9402796204509211,0.3796721288811475,1.7496101475022634,1.1532535902386967,2.3959238758188928,1.287480978468572,0.12286069757234411,0,-0.3305890744344257,3,-1.584178240646517,-0.9320143892374165,3.1781923448081244,-0.6201892226844657,0.33809616377248186,0.48850772848886465,1.3171933011460915,-0.6791456840737199,1.3672489585237668,0.5320903195901912,-0.4625417904951412,0,1.856689065326884,-0.671098024941688,0,1,1,0,1,0,0,0,0,0,0,0,0,1,0,0,0,1,0,0,0,1,0
-0.6486681098094882,0,1.3127200467888316,0.2230329755142651,-0.8916882501868245,0.2546249253678617,1,0.6942470390940585,0.3796721288811475,-0.05778754527941421,-1.5679065665042957,0.07013255394536426,0.39012710496860015,-0.6780493930322936,1,-0.8772324258614291,3,1.1914379855160337,-0.9320143892374165,-0.678773515728442,-0.6201892226844657,-1.0778621289498782,-0.16461310905422863,0.21280194070989908,-0.6791456840737199,-0.8755809692540959,-0.4567500973473325,0.8668685949553783,0,0.41703363863827236,-0.46120326373674886,0,1,1,0,0,0,1,0,0,0,0,0,0,0,0,0,0,1,0,1,0,0,0
-0.6486681098094882,0,0.6433624445574357,1.827157989468953,0.08504925188071055,0.2546249253678617,0,1.4815512994360187,-1.0261667362455194,-0.05778754527941421,-1.5679065665042957,0.06567050225896337,0.4054460669437759,-0.6780493930322936,0,1.036019304133083,3,-0.6589728319256667,-0.9320143892374165,-0.16451140099023315,-0.6201892226844657,0.33809616377248186,0.48850772848886465,1.3171933011460915,-0.3687152874355457,1.086895217551534,-0.9511703058160944,-0.07640071975327473,0,0.4123995822934848,-0.637705676568175,0,1,1,0,0,0,1,0,0,0,0,0,0,0,0,0,0,0,1,1,0,0,0
2.4173837275536876,0,-1.1812567970807393,-0.7641208792270812,0.08504925188071055,0.2546249253678617,0,-0.8803614815898617,-1.0261667362455194,-0.05778754527941421,1.1532535902386967,-0.28300696523550584,0.3059430845729098,0.9237707881769818,0,0.4893759527060795,3,1.1914379855160337,-0.9320143892374165,0.2211851850634235,-0.6201892226844657,0.33809616377248186,-0.16461310905422863,-0.8915894197262932,-0.6791456840737199,0.24583399463483546,1.520930736527715,-0.6606054268542745,0,-0.0025500882986155007,0.26686918919288416,0,1,0,1,1,0,0,0,0,0,0,0,0,0,0,1,0,0,1,0,0,0,1
0.6653541062033014,0,0.29132992782833134,-0.7641208792270812,0.08504925188071055,0.2546249253678617,1,1.4815512994360187,-2.432005601372186,2.6533089938931025,1.1532535902386967,2.812594511868042,0.6059979819765808,0.12286069757234411,0,-0.3305890744344257,3,-0.6589728319256667,0.24198831185855807,1.76397152927805,-0.6201892226844657,0.33809616377248186,0.16194730971731802,0.7649976209279952,-0.6791456840737199,0.8065414765793012,0.5320903195901912,0.14703229149536245,0,2.0142097143213,-0.5545458859072147,0,1,1,0,1,0,0,0,0,0,0,0,0,1,0,0,0,1,0,0,1,0,0
1.3223652142096962,0,0.7326101248549552,-0.6407266473844129,-0.8916882501868245,-1.5756862740979403,1,0.9402796204509211,-1.0261667362455194,2.6533089938931025,0.24620020465769926,2.5939539792343984,-0.30765864004743104,-0.27759434772997477,0,-0.6039107501479274,3,0.26623257679518353,0.24198831185855807,1.5068404719089457,-0.6201892226844657,1.754054456494842,-0.9810141559830953,-1.1676872598353414,-0.6791456840737199,-1.1559347102263289,0.037670111121429345,0.1963395443386963,0,1.9336112705445387,-0.6634456117727581,0,1,1,0,0,0,1,0,0,0,0,1,0,0,0,0,0,1,0,0,0,1,0
-0.10115885313749257,0,-0.8267451781211482,-0.7641208792270812,0.08504925188071055,0.2546249253678617,1,-0.9787745141326066,0.3796721288811475,-0.9614863916702531,-0.6608531809232983,-0.5972628911491682,-0.7107300432107699,-0.6780493930322936,0,-0.8772324258614291,3,0.26623257679518353,-0.9320143892374165,0.09261965637887129,-0.6201892226844657,-1.0778621289498782,0.651787937874638,1.5932911412551394,-0.6791456840737199,0.8065414765793012,-0.4567500973473325,-0.8463239436315739,0,-0.5097548963103528,-0.6852255569458667,1,0,1,0,0,0,0,0,1,0,0,0,0,0,1,0,0,1,0,0,1,0,0
1.2128633628752972,0,0.4128059371221772,-0.8875151110697495,-0.8916882501868245,1.1697805251007627,1,0.4974209740085685,1.7855109940078144,-0.9614863916702531,-0.6608531809232983,-0.8380012035630827,0.324213406194679,0.9237707881769818,0,-1.1505541015749308,3,0.26623257679518353,-0.9320143892374165,-0.5502079870438897,0.9316033855643254,-1.0778621289498782,-0.9810141559830953,-1.1676872598353414,-0.6791456840737199,-1.1559347102263289,0.037670111121429345,-0.72697121929563,0,-1.0616042334158886,1.1769597553549254,0,1,1,0,0,0,0,0,1,0,1,0,0,0,0,0,0,0,1,0,0,1,0
-1.0866755151470848,0,0.9036681787585341,-0.6407266473844129,-0.8916882501868245,-1.5756862740979403,1,0.4974209740085685,0.3796721288811475,-0.9614863916702531,0.24620020465769926,-0.8469253069358844,-1.5607216214296937,-0.6780493930322936,0,-1.1505541015749308,3,-0.6589728319256667,2.5899937140505074,-0.8073390444129942,-0.6201892226844657,0.33809616377248186,-0.32789331844000197,-0.33939373950819707,-0.6791456840737199,-0.3148734873096303,-0.9511703058160944,-0.442880326764416,1,-1.086518769258249,-0.38030632452234525,0,1,1,0,1,0,0,0,0,0,0,0,0,0,1,0,0,0,0,1,0,0,0
-0.8676718124782865,0,1.3052827400973714,-0.270543951856408,0.08504925188071055,0.2546249253678617,1,0.7926600716368035,0.3796721288811475,-0.05778754527941421,1.1532535902386967,0.025512037081355403,-1.4207428496198313,-0.6780493930322936,1,-1.1505541015749308,3,-0.6589728319256667,1.4159910129545328,-0.678773515728442,-0.6201892226844657,0.33809616377248186,-0.16461310905422863,-1.1676872598353414,-0.3687152874355457,-1.1559347102263289,0.5320903195901912,0.7947269400319253,0,0.3700384073465844,-0.46120326373674886,0,1,1,0,1,0,0,0,0,0,0,0,0,0,0,0,0,0,0,1,0,0,0
1.2128633628752972,0,-0.2168860294214321,-1.0109093429124179,0.08504925188071055,1.1697805251007627,1,0.4974209740085685,-1.0261667362455194,2.6533089938931025,1.1532535902386967,2.499188500561313,-0.784232952504503,1.3242258334793007,0,-0.8772324258614291,3,0.26623257679518353,-0.9320143892374165,1.76397152927805,0.1557070814399298,1.754054456494842,-0.9810141559830953,-1.1676872598353414,-0.6791456840737199,-1.1559347102263289,2.015350944996477,0.025422073195827434,0,1.8972908217737363,-0.16250687279125836,0,1,1,0,1,0,0,0,0,0,0,0,0,1,0,0,0,0,1,0,0,1,0
-0.8676718124782865,0,-0.26894717626165177,-1.0109093429124179,0.08504925188071055,1.1697805251007627,0,1.038692652993666,-1.0261667362455194,1.7496101475022634,1.1532535902386967,2.044271707200156,-1.5305053202859986,0.12286069757234411,0,-0.3305890744344257,3,-0.6589728319256667,1.4159910129545328,-0.2930769296747854,-0.6201892226844657,-1.0778621289498782,-0.0013328996684553085,0.7649976209279952,-0.3687152874355457,0.8065414765793012,0.5320903195901912,2.2122532039960916,0,1.7095864450273595,0.07271653507831528,0,1,1,0,1,0,0,0,0,0,0,0,0,1,0,0,0,0,0,1,0,0,0
-0.3201625558062908,0,1.2829708200229917,1.3335810620982798,0.08504925188071055,0.2546249253678617,0,1.137105685536411,1.7855109940078144,-0.9614863916702531,0.24620020465769926,-0.832476758618015,1.0301505254727303,-1.0785044383346125,0,0.4893759527060795,3,1.1914379855160337,-0.9320143892374165,-1.193035630466651,1.707499689688721,-1.0778621289498782,-0.9810141559830953,-1.1676872598353414,-0.6791456840737199,-1.1559347102263289,0.5320903195901912,1.183604813238348,1,-1.0463850518289237,-0.9465848990231709,0,1,1,0,0,0,0,0,1,0,0,0,0,0,1,0,0,1,0,1,0,0,0
0.7748559575377005,0,0.7350892270854419,-0.5173324155417446,0.08504925188071055,-0.6605306743650393,1,1.0878991692650386,0.3796721288811475,2.6533089938931025,-0.6608531809232983,2.4881396106711775,-0.7817032156645657,1.7246808787816195,0,-1.1505541015749308,3,0.26623257679518353,0.24198831185855807,1.8925370579626022,1.707499689688721,0.33809616377248186,2.4478702411181446,1.3171933011460915,0.2521455058408027,1.6476026994959998,-0.4567500973473325,-0.036619750038342176,0,1.892998543884036,-0.065707116466331,0,1,0,1,0,1,0,0,0,0,0,1,0,0,0,0,0,1,0,0,1,0,0
-0.42966440714069,0,-0.6606453286785426,0.09963874367159682,2.038524256015781,1.1697805251007627,1,0.7926600716368035,1.7855109940078144,0.8459113011114247,0.24620020465769926,0.3988370281768962,1.0392856862836148,-1.0785044383346125,1,-0.3305890744344257,3,1.1914379855160337,1.4159910129545328,-0.16451140099023315,0.1557070814399298,0.33809616377248186,0.32522751910309133,1.0410954610370433,-0.6791456840737199,1.086895217551534,1.520930736527715,0.24679389430379453,0,0.7242854023286661,-0.9465848990231709,0,1,0,1,0,1,0,0,0,0,0,0,0,0,0,1,0,0,0,1,0,0,0
-1.9626903258222779,0,-1.332482033140425,1.950552221311621,0.08504925188071055,-0.6605306743650393,0,-0.4375028351475091,1.7855109940078144,-0.9614863916702531,1.1532535902386967,-0.7455729900590643,0.9708422506697565,-0.6780493930322936,1,-0.8772324258614291,3,1.1914379855160337,-0.9320143892374165,-1.3216011591512031,-0.6201892226844657,0.33809616377248186,-0.9810141559830953,-1.1676872598353414,-0.6791456840737199,-0.8755809692540959,1.026510528058953,4.690719837588498,1,-0.8252477491205763,0.7522508244793061,0,1,1,0,1,0,0,0,0,0,0,0,0,0,1,0,0,0,1,0,0,0,0
-1.5246829204846812,0,-1.0647389922478667,-1.0109093429124179,-0.8916882501868245,1.1697805251007627,1,-0.9295679978612341,0.3796721288811475,-0.9614863916702531,0.24620020465769926,-1.1218726822788723,0.36370540908481086,-0.6780493930322936,0,1.855984331273588,4,1.1914379855160337,0.24198831185855807,-1.3216011591512031,-0.6201892226844657,0.33809616377248186,-0.9810141559830953,-1.1676872598353414,-0.6791456840737199,-0.8755809692540959,1.520930736527715,1.0403520984617773,1,-2.1731408943811643,0.7522508244793061,0,1,1,0,1,0,0,0,0,0,0,0,0,0,1,0,0,1,0,0,0,0,0
-1.3056792178158831,1,-0.5044618881578836,1.827157989468953,-1.8684257522543597,0.2546249253678617,1,0.349801425194451,-2.432005601372186,-0.9614863916702531,1.1532535902386967,-1.1441829407108768,-0.8816278208420879,-0.6780493930322936,1,-0.3305890744344257,3,1.1914379855160337,-0.9320143892374165,-1.3216011591512031,0.9316033855643254,0.33809616377248186,-0.9810141559830953,-1.1676872598353414,-0.3687152874355457,-1.1559347102263289,1.520930736527715,0.8239271336914183,1,-2.3082842143691944,0.7522508244793061,1,0,0,1,1,0,0,0,0,0,0,0,0,0,0,0,1,0,1,0,0,0,0
-1.1961773664814839,0,-0.54412752384567,-0.6407266473844129,-0.8916882501868245,0.2546249253678617,1,-0.6343289002329991,0.3796721288811475,-0.9614863916702531,1.1532535902386967,-0.770857949615336,-0.6099621924199352,-0.6780493930322936,1,1.3093409798465847,4,-0.6589728319256667,-0.9320143892374165,-0.42164245835933756,-0.6201892226844657,-1.0778621289498782,0.16194730971731802,0.21280194070989908,-0.058284890797371494,-0.5952272282818631,0.037670111121429345,-0.739743236774425,1,-0.886307860223514,-0.5690658493559537,0,1,1,0,1,0,0,0,0,0,0,0,0,0,1,0,0,0,1,1,0,0,0
0.8843578088720997,1,1.6027750077557696,-0.8875151110697495,0.08504925188071055,-1.5756862740979403,0,1.3831382668932737,-2.432005601372186,2.6533089938931025,-0.6608531809232983,2.61796406688027,-1.6612083903494244,-0.27759434772997477,1,0.21605427699257776,3,-1.584178240646517,-0.9320143892374165,1.8925370579626022,-0.6201892226844657,0.33809616377248186,2.774430659889691,1.5932911412551394,-0.3687152874355457,1.9279564404682326,-1.940010722753618,0.011818218267404824,0,1.9426760772482707,-0.6949055325783594,0,1,0,1,0,1,0,0,0,0,0,1,0,0,0,0,0,0,1,0,1,0,0
1.979376322216091,0,-1.5506430294232503,-0.14714972001373974,-1.8684257522543597,1.1697805251007627,1,-1.4216331605749593,-1.0261667362455194,1.7496101475022634,-0.6608531809232983,1.5030885812352488,1.5851466799678577,-0.6780493930322936,1,-0.057267398720923963,3,1.1914379855160337,0.24198831185855807,2.9210612874390196,0.1557070814399298,0.33809616377248186,4.243952544361651,1.3171933011460915,3.977310265498893,-1.1559347102263289,1.026510528058953,-0.6574017218166267,0,1.4507406735901394,-0.8495085719658864,0,0,1,0,0,0,1,0,0,0,0,0,0,0,0,0,0,0,0,0,0,1,0
-1.7436866231534796,1,-1.3671894643672382,0.09963874367159682,-0.8916882501868245,-1.5756862740979403,0,-1.0279810304039791,-1.0261667362455194,-0.9614863916702531,0.24620020465769926,-0.8239776125486798,1.5452330542710695,-0.6780493930322936,0,1.3093409798465847,4,0.26623257679518353,-0.9320143892374165,-1.193035630466651,-0.6201892226844657,-2.4938204216722384,-0.8177339465973219,-0.6154915796172451,-0.058284890797371494,-0.5952272282818631,-1.4455905142848562,1.2248286160517499,1,-1.0232672778285359,0.1859722499784804,1,0,1,0,1,0,0,0,0,0,1,0,0,0,0,0,0,0,1,0,0,0,0
0.9938596602064987,0,-1.57295494949763,-0.6407266473844129,-0.8916882501868245,1.1697805251007627,0,-1.6184592256604493,-1.0261667362455194,2.6533089938931025,-0.6608531809232983,2.6105273140696017,-0.6137567976798411,-0.27759434772997477,0,-0.3305890744344257,3,0.26623257679518353,0.24198831185855807,1.8925370579626022,-0.6201892226844657,0.33809616377248186,0.651787937874638,-0.063295899399149,-0.6791456840737199,1.086895217551534,0.5320903195901912,0.009043539231887474,0,1.9398742238486697,-0.6949055325783594,0,1,0,1,0,1,0,0,0,0,0,1,0,0,0,0,0,1,0,0,0,1,0
-0.3201625558062908,0,-1.6646817320256362,-0.8875151110697495,0.08504925188071055,0.2546249253678617,0,0.9894861367222936,0.3796721288811475,-0.05778754527941421,-1.5679065665042957,-0.41750595178273253,-1.1628502328817816,-1.0785044383346125,1,-0.8772324258614291,3,1.1914379855160337,-0.9320143892374165,-0.9359045730975464,0.1557070814399298,0.33809616377248186,-0.6544537372115486,-0.6154915796172451,-0.6791456840737199,-0.5952272282818631,0.037670111121429345,0.8579367710124748,1,-0.1991398547318898,-0.9465848990231709,0,1,0,1,0,1,0,0,0,0,0,0,0,0,0,1,0,0,1,1,0,0,0
1.5413689168784945,0,-1.4018968955940512,-0.02375548817107146,0.08504925188071055,1.1697805251007627,1,0.841866587908176,0.3796721288811475,2.6533089938931025,-0.6608531809232983,2.835329727603513,0.6862468561768132,0.523315742874663,1,2.4026276827005915,4,-1.584178240646517,0.24198831185855807,2.535364701385363,1.707499689688721,-1.0778621289498782,3.5908317068185576,1.5932911412551394,2.7355886789461965,1.6476026994959998,-0.9511703058160944,-0.16085632351711807,0,2.0223482722037898,-0.5218759681475515,1,0,0,1,1,0,0,0,0,0,0,1,0,0,0,0,0,0,0,0,0,1,0
2.4173837275536876,0,1.5531929631460366,1.0867925984129432,1.0617867539482457,1.1697805251007627,1,0.05456232756621595,0.3796721288811475,0.8459113011114247,1.1532535902386967,0.8518415136724528,0.7995228502317823,1.3242258334793007,0,-0.8772324258614291,3,1.1914379855160337,-0.9320143892374165,1.76397152927805,2.4833959938131165,-1.0778621289498782,0.32522751910309133,0.7649976209279952,0.8730062991171511,-0.0345197463373974,1.520930736527715,-0.6137942132287794,0,1.0655399077612286,-0.16250687279125836,0,1,1,0,0,0,1,0,0,0,0,0,1,0,0,0,0,0,1,0,0,0,1
-0.3201625558062908,0,-1.6547653231036896,1.2101868302556114,0.08504925188071055,0.2546249253678617,0,-0.9787745141326066,0.3796721288811475,-0.05778754527941421,-0.6608531809232983,-0.43747894504566986,1.1553724990496252,0.523315742874663,0,-0.6039107501479274,3,0.26623257679518353,1.4159910129545328,0.4783162424325279,-0.6201892226844657,1.754054456494842,0.651787937874638,1.0410954610370433,0.8730062991171511,1.6476026994959998,0.5320903195901912,-0.8698215112352129,0,-0.2306525733249178,-0.09716703727193238,1,0,1,0,0,0,1,0,0,0,1,0,0,0,0,0,0,0,0,1,0,0,0
-0.9771736638126857,0,-0.028474259904446627,-1.0109093429124179,1.0617867539482457,1.1697805251007627,1,-1.0771875466753518,0.3796721288811475,-0.9614863916702531,0.24620020465769926,-0.9240550575150998,-1.0499958616334688,-1.0785044383346125,1,-1.1505541015749308,3,0.26623257679518353,-0.9320143892374165,-0.8073390444129942,-0.6201892226844657,-1.0778621289498782,-0.4911735278257753,-0.6154915796172451,-0.6791456840737199,-0.5952272282818631,0.5320903195901912,-0.5925227309770641,1,-1.320989457847082,-0.9465848990231709,1,0,1,0,0,0,1,0,0,0,1,0,0,0,0,0,0,0,1,1,0,0,0
0.7748559575377005,0,0.982999450134107,-0.6407266473844129,-0.8916882501868245,0.2546249253678617,1,1.2847252343505287,1.7855109940078144,2.6533089938931025,-1.5679065665042957,2.6957312534146856,0.4446569879628036,-0.6780493930322936,0,-0.3305890744344257,3,1.1914379855160337,1.4159910129545328,1.8925370579626022,0.9316033855643254,-1.0778621289498782,2.9377108692754645,1.3171933011460915,3.666879868860719,2.488663922412698,-0.4567500973473325,0.040833433324529905,0,1.9716672742782306,-0.8207452158007651,0,1,1,0,1,0,0,0,0,0,0,1,0,0,0,0,0,0,0,0,1,0,0
-0.3201625558062908,0,-0.3829858788640377,0.2230329755142651,0.08504925188071055,0.2546249253678617,1,-0.4867093514188816,-1.0261667362455194,-0.05778754527941421,-0.6608531809232983,-0.42770492706593455,1.0568533032276237,0.523315742874663,0,-1.1505541015749308,3,1.1914379855160337,1.4159910129545328,0.34975071374797573,1.707499689688721,1.754054456494842,0.48850772848886465,1.3171933011460915,-0.3687152874355457,1.086895217551534,1.026510528058953,-0.8194303198914024,0,-0.21514903119313872,-0.040539179821849826,1,0,0,0,1,0,0,0,0,1,0,0,0,0,0,0,0,1,0,1,0,0,0
-0.2106607044718917,0,-0.16730398481169909,-0.3939381836990763,-1.8684257522543597,0.2546249253678617,1,0.005355811294843447,0.3796721288811475,-0.9614863916702531,0.24620020465769926,-0.636783920371576,-1.1655205106572708,-1.0785044383346125,1,-0.3305890744344257,3,1.1914379855160337,-0.9320143892374165,-0.9359045730975464,0.1557070814399298,0.33809616377248186,-0.6544537372115486,-0.6154915796172451,-0.058284890797371494,-0.5952272282818631,1.026510528058953,0.3261497147195928,1,-0.5875787990893894,-0.9465848990231709,0,1,1,0,1,0,0,0,0,0,0,0,0,0,1,0,0,1,0,1,0,0,0
0.5558522548689022,0,-0.494545479235937,-0.270543951856408,1.0617867539482457,-0.6605306743650393,0,0.5958340065513135,1.7855109940078144,-0.05778754527941421,-0.6608531809232983,-0.8777347114372239,-1.2206125573936826,1.3242258334793007,1,0.21605427699257776,3,1.1914379855160337,-0.9320143892374165,0.8640128284861845,-0.6201892226844657,0.33809616377248186,-0.9810141559830953,-1.1676872598353414,-0.6791456840737199,-1.1559347102263289,0.037670111121429345,-1.2088643872627678,0,-1.175847376792845,0.12636397897839347,0,1,1,0,0,0,1,0,0,0,0,0,0,0,1,0,0,1,0,0,1,0,0
0.6653541062033014,0,-0.6730408398309758,-0.6407266473844129,1.0617867539482457,1.1697805251007627,0,-0.4867093514188816,-1.0261667362455194,0.8459113011114247,1.1532535902386967,0.7921350125353742,0.8503986689016318,0.12286069757234411,0,-0.3305890744344257,3,1.1914379855160337,-0.9320143892374165,1.5068404719089457,0.1557070814399298,1.754054456494842,2.284590031732371,0.7649976209279952,3.977310265498893,3.6100788863016295,2.5097711534652385,-0.5636122988301002,0,1.0247477636308728,-0.5218759681475515,0,1,0,1,0,1,0,0,0,0,0,0,0,0,0,1,0,0,1,0,1,0,0
-0.10115885313749257,0,-0.9259092673406143,-0.8875151110697495,1.0617867539482457,0.2546249253678617,0,-0.6343289002329991,0.3796721288811475,-0.05778754527941421,-0.6608531809232983,-0.2322245674712291,-1.6851003493932764,2.5255909693862573,1,-1.1505541015749308,3,1.1914379855160337,-0.9320143892374165,0.8640128284861845,-0.6201892226844657,0.33809616377248186,1.4681889848035046,2.6976825016913315,0.8730062991171511,2.2083101814404653,0.5320903195901912,-0.8609812957430056,0,0.06547361544328338,0.6628384179791756,0,1,1,0,1,0,0,0,0,0,0,0,1,0,0,0,0,0,1,0,1,0,0
0.7748559575377005,1,-0.44992163908717725,0.7166099028849382,0.08504925188071055,-1.5756862740979403,0,0.349801425194451,0.3796721288811475,0.8459113011114247,1.1532535902386967,0.3134206101800792,-0.03346327478534105,-0.6780493930322936,0,-1.1505541015749308,3,1.1914379855160337,0.24198831185855807,-0.16451140099023315,-0.6201892226844657,0.33809616377248186,0.48850772848886465,0.7649976209279952,-0.6791456840737199,0.24583399463483546,0.5320903195901912,0.16393405064885702,0,0.650274020401197,-0.637705676568175,0,1,1,0,0,0,1,0,0,0,0,0,0,0,0,0,0,1,0,0,1,0,0
-0.9771736638126857,0,-1.5109773937354638,-0.8875151110697495,0.08504925188071055,1.1697805251007627,1,-0.6835354165043717,-1.0261667362455194,-0.9614863916702531,1.1532535902386967,-0.5600791270958275,-0.01280375725918665,-0.6780493930322936,1,-0.8772324258614291,3,-0.6589728319256667,0.24198831185855807,-1.193035630466651,-0.6201892226844657,0.33809616377248186,-0.8177339465973219,-0.6154915796172451,-0.058284890797371494,-0.5952272282818631,1.026510528058953,2.5048276934078726,1,-0.4400334280041701,0.1859722499784804,1,0,1,0,1,0,0,0,0,0,1,0,0,0,0,0,0,1,0,1,0,0,0
1.5413689168784945,0,0.4103268348916906,-0.3939381836990763,-0.8916882501868245,-0.6605306743650393,0,-1.2740136117608418,-1.0261667362455194,-0.9614863916702531,0.24620020465769926,-0.7787196597294709,-1.4132941800355716,-1.0785044383346125,0,-0.3305890744344257,3,-0.6589728319256667,-0.9320143892374165,-0.42164245835933756,2.4833959938131165,-1.0778621289498782,-0.0013328996684553085,-1.1676872598353414,1.4938670923934996,0.8065414765793012,-0.9511703058160944,-0.7492762411750241,0,-0.9058089456416788,-0.9465848990231709,1,0,1,0,0,0,1,0,0,0,1,0,0,0,0,0,0,0,1,0,0,1,0
-0.7581699611438873,0,0.18968673637837866,-0.02375548817107146,-0.8916882501868245,0.2546249253678617,0,0.3005949089230785,0.3796721288811475,-0.05778754527941421,0.24620020465769926,-0.3841468034605926,-0.20450159335221113,1.7246808787816195,1,0.7626976284195812,3,0.26623257679518353,-0.9320143892374165,-0.16451140099023315,0.1557070814399298,0.33809616377248186,0.16194730971731802,-0.063295899399149,-0.3687152874355457,0.8065414765793012,0.5320903195901912,-0.5127546725331318,1,-0.14793467530132207,1.2155696581617998,0,0,1,0,0,0,1,0,0,0,0,0,1,0,0,0,0,0,1,1,0,0,0
-0.8676718124782865,1,0.008712273552853136,-0.270543951856408,0.08504925188071055,-0.6605306743650393,0,-1.3232201280322142,0.3796721288811475,-0.9614863916702531,0.24620020465769926,-0.6722678552110498,0.41767312833680603,0.12286069757234411,1,-0.6039107501479274,3,-1.584178240646517,1.4159910129545328,-0.16451140099023315,-0.6201892226844657,0.33809616377248186,-0.0013328996684553085,0.7649976209279952,1.4938670923934996,0.8065414765793012,-0.9511703058160944,-0.7922520556079954,1,-0.6610546157657569,-0.019947231658183493,0,1,1,0,0,0,0,0,1,0,1,0,0,0,0,0,0,0,0,1,0,0,0
-0.9771736638126857,0,-0.4028186967079309,-1.0109093429124179,0.08504925188071055,1.1697805251007627,1,0.8910731041795485,0.3796721288811475,-0.9614863916702531,-1.5679065665042957,-0.9397784777433695,-1.346537235648338,-0.27759434772997477,0,-1.1505541015749308,3,-0.6589728319256667,-0.9320143892374165,-0.8073390444129942,-0.6201892226844657,-1.0778621289498782,-0.6544537372115486,-0.6154915796172451,-0.3687152874355457,-0.5952272282818631,-0.9511703058160944,-0.6230283450589814,1,-1.37362029825873,0.1859722499784804,0,1,1,0,0,0,0,0,1,0,0,0,0,0,1,0,0,0,1,1,0,0,0
-1.3056792178158831,0,-1.3300029309099384,-1.0109093429124179,0.08504925188071055,1.1697805251007627,0,-1.2740136117608418,0.3796721288811475,-0.9614863916702531,-0.6608531809232983,-0.9363788193156355,0.6348088737647554,-0.6780493930322936,0,0.7626976284195812,3,1.1914379855160337,-0.9320143892374165,-1.193035630466651,0.1557070814399298,-1.0778621289498782,-0.8177339465973219,-0.6154915796172451,-0.058284890797371494,-0.8755809692540959,0.5320903195901912,0.6796438238445124,1,-1.3620837249486961,0.1859722499784804,0,1,1,0,0,0,1,0,0,0,0,0,0,0,1,0,0,0,1,0,0,0,0
-0.5391662584750891,0,-0.49206637700545036,-0.14714972001373974,0.08504925188071055,0.2546249253678617,1,-0.4867093514188816,1.7855109940078144,-0.05778754527941421,1.1532535902386967,-0.06245412473626206,-0.36823178327037354,-0.6780493930322936,0,-0.057267398720923963,3,0.26623257679518353,1.4159910129545328,-0.16451140099023315,0.9316033855643254,1.754054456494842,0.48850772848886465,0.7649976209279952,-0.6791456840737199,1.086895217551534,1.520930736527715,-0.200690485235681,0,0.27285951215997306,-0.637705676568175,0,1,0,1,0,0,1,0,0,0,0,0,0,0,0,1,0,1,0,1,0,0,0
0.8843578088720997,0,-1.0870509123222465,1.950552221311621,0.08504925188071055,-0.6605306743650393,0,0.841866587908176,0.3796721288811475,2.6533089938931025,-0.6608531809232983,2.4558428556077043,-0.1796258477594946,0.12286069757234411,0,1.855984331273588,4,0.26623257679518353,-0.9320143892374165,1.3782749432243935,0.9316033855643254,0.33809616377248186,-1.1442943653688686,-1.1676872598353414,-0.6791456840737199,-1.1559347102263289,-0.4567500973473325,0.21165997145146362,0,1.880381259449012,-0.5034103624573073,1,0,1,0,0,0,1,0,0,0,0,1,0,0,0,0,0,0,1,0,1,0,0
0.22734670086570485,0,-0.9680540052588873,0.4698214391996017,1.0617867539482457,0.2546249253678617,0,1.3831382668932737,-1.0261667362455194,1.7496101475022634,-0.6608531809232983,2.2565378802817984,0.4245596341788575,1.3242258334793007,1,-0.6039107501479274,3,1.1914379855160337,1.4159910129545328,1.2497094145398413,0.9316033855643254,0.33809616377248186,1.9580296129608246,1.3171933011460915,3.977310265498893,-0.5952272282818631,0.5320903195901912,0.20017173636006647,0,1.8000886150047448,-0.019947231658183493,0,1,1,0,0,0,1,0,0,0,0,1,0,0,0,0,0,0,0,0,1,0,0
2.3078818762192883,0,0.11283456723329248,1.7037637576262845,1.0617867539482457,-1.5756862740979403,1,1.0878991692650386,0.3796721288811475,-0.9614863916702531,0.24620020465769926,-0.8777347114372239,1.6531684927750598,-0.6780493930322936,0,-0.8772324258614291,3,1.1914379855160337,1.4159910129545328,-1.193035630466651,0.1557070814399298,0.33809616377248186,-0.8177339465973219,-0.6154915796172451,-0.058284890797371494,-0.5952272282818631,0.037670111121429345,0.9640880632569842,0,-1.175847376792845,0.1859722499784804,0,1,1,0,1,0,0,0,0,0,0,0,0,0,1,0,0,0,0,0,0,0,1
-0.5391662584750891,1,0.7102982047805754,-0.270543951856408,-0.8916882501868245,1.1697805251007627,1,0.645040522822686,0.3796721288811475,-0.05778754527941421,0.24620020465769926,-0.344200816934718,1.1990807300063193,-0.6780493930322936,0,0.7626976284195812,3,-1.584178240646517,0.24198831185855807,-0.16451140099023315,0.1557070814399298,0.33809616377248186,0.48850772848886465,-0.063295899399149,-0.3687152874355457,-0.8755809692540959,0.037670111121429345,-0.4740042978885342,1,-0.08882562088022772,-0.637705676568175,0,1,1,0,1,0,0,0,0,0,1,0,0,0,0,0,0,1,0,1,0,0,0
0.22734670086570485,1,-1.096967321244193,1.7037637576262845,0.08504925188071055,0.2546249253678617,1,1.333931750621901,0.3796721288811475,-0.9614863916702531,-1.5679065665042957,-0.5522174169816926,1.1019669435398385,-1.0785044383346125,0,-0.6039107501479274,3,-1.584178240646517,-0.9320143892374165,-0.678773515728442,-0.6201892226844657,0.33809616377248186,-0.32789331844000197,-0.6154915796172451,-0.6791456840737199,-0.3148734873096303,-1.4455905142848562,-0.13933572538173483,0,-0.42569692238277257,-0.9465848990231709,0,1,1,0,0,0,1,0,0,0,0,0,0,0,1,0,0,0,1,0,1,0,0
-0.7581699611438873,0,0.8317742140744212,-0.3939381836990763,0.08504925188071055,-1.5756862740979403,0,-0.8803614815898617,-1.0261667362455194,-0.05778754527941421,1.1532535902386967,-0.3985953517784621,1.309545905350247,-1.0785044383346125,0,-0.8772324258614291,3,-1.584178240646517,0.24198831185855807,-0.16451140099023315,2.4833959938131165,0.33809616377248186,0.32522751910309133,-0.6154915796172451,1.1834366957553253,0.8065414765793012,-0.9511703058160944,-0.5267707654896885,1,-0.16989924652605543,-0.9465848990231709,0,1,1,0,0,0,0,0,1,0,1,0,0,0,0,0,0,1,0,1,0,0,0
-0.10115885313749257,0,-1.183735899311226,0.09963874367159682,1.0617867539482457,1.1697805251007627,0,-0.14226373751927407,0.3796721288811475,0.8459113011114247,0.24620020465769926,0.12558948204777526,-1.2038881860629862,0.12286069757234411,0,-0.8772324258614291,3,-1.584178240646517,-0.9320143892374165,-0.16451140099023315,-2.171981830933257,0.33809616377248186,-0.0013328996684553085,0.7649976209279952,-0.3687152874355457,0.8065414765793012,0.037670111121429345,-0.018275157786378466,0,0.4734686990930556,-0.019947231658183493,0,1,1,0,0,0,0,0,1,0,0,0,0,0,0,0,0,1,0,0,1,0,0
0.9938596602064987,0,0.46734618619288354,-1.0109093429124179,-0.8916882501868245,1.1697805251007627,0,-1.0771875466753518,0.3796721288811475,-0.9614863916702531,-1.5679065665042957,-0.6544196484654462,1.2148213147881513,1.3242258334793007,0,-0.8772324258614291,3,0.26623257679518353,-0.9320143892374165,-0.16451140099023315,0.1557070814399298,1.754054456494842,-0.0013328996684553085,0.48889978081894714,0.8730062991171511,0.8065414765793012,0.5320903195901912,-0.7749380584263666,0,-0.6236485810224199,0.9066904357068039,0,1,0,0,1,0,0,0,0,1,0,0,0,0,0,0,0,0,1,0,0,1,0
-0.9771736638126857,0,1.6697107679789092,-1.0109093429124179,0.08504925188071055,0.2546249253678617,0,-0.5359158676902541,-2.432005601372186,-0.05778754527941421,1.1532535902386967,0.03634844831975755,0.29217007288880686,-1.0785044383346125,0,-1.1505541015749308,3,-1.584178240646517,2.5899937140505074,-0.16451140099023315,2.4833959938131165,0.33809616377248186,0.32522751910309133,1.0410954610370433,1.4938670923934996,0.24583399463483546,0.037670111121429345,-0.10484514369452204,0,0.38158712727687183,-0.9465848990231709,0,0,1,0,1,0,0,0,0,0,1,0,0,0,0,0,0,1,0,1,0,0,0
1.4318670655440953,0,1.287929024483965,2.320734916839626,0.08504925188071055,1.1697805251007627,0,-1.1263940629467242,0.3796721288811475,1.7496101475022634,-1.5679065665042957,2.204905567910588,1.1396319142677933,0.523315742874663,1,-1.1505541015749308,3,-0.6589728319256667,-0.9320143892374165,1.76397152927805,-0.6201892226844657,0.33809616377248186,-0.6544537372115486,-0.6154915796172451,-0.3687152874355457,-0.5952272282818631,-0.4567500973473325,-0.08876786059729523,0,1.7785701323683383,-0.4238662148685625,0,1,1,0,1,0,0,0,0,0,0,0,0,1,0,0,0,1,0,0,0,1,0
0.33684855220010396,1,-1.2481925573038788,1.950552221311621,1.0617867539482457,1.1697805251007627,1,-0.4375028351475091,-1.0261667362455194,0.8459113011114247,-0.6608531809232983,0.5505467855145263,0.41064608155920246,-0.27759434772997477,1,-0.8772324258614291,3,0.26623257679518353,-0.9320143892374165,-0.2930769296747854,-0.6201892226844657,0.33809616377248186,-0.32789331844000197,-0.063295899399149,-0.3687152874355457,-1.1559347102263289,0.5320903195901912,0.6022346830060137,0,0.8473867951682322,-0.26705060962218,0,1,0,1,0,1,0,0,0,0,0,0,0,0,0,1,0,0,1,0,1,0,0
1.6508707682128936,1,0.5640311731818629,-0.5173324155417446,0.08504925188071055,-0.6605306743650393,1,-0.09305722124790157,0.3796721288811475,0.8459113011114247,-0.6608531809232983,0.41286061919129896,1.0148315634975547,2.5255909693862573,1,1.036019304133083,3,0.26623257679518353,-0.9320143892374165,-0.16451140099023315,-0.6201892226844657,-1.0778621289498782,0.16194730971731802,0.7649976209279952,1.4938670923934996,0.8065414765793012,-0.9511703058160944,0.26039774923221715,0,0.736096234292503,1.8333281030717916,0,1,0,1,1,0,0,0,0,0,0,0,0,0,0,1,0,0,1,0,0,1,0
-0.7581699611438873,0,-0.4176933100908508,0.9633983665702748,1.0617867539482457,-0.6605306743650393,0,1.432344783164646,0.3796721288811475,0.8459113011114247,-1.5679065665042957,1.150161540706112,1.6322278933778014,-0.6780493930322936,1,2.1293060069870897,4,1.1914379855160337,1.4159910129545328,-0.2930769296747854,-0.6201892226844657,0.33809616377248186,0.32522751910309133,-0.8915894197262932,-0.6791456840737199,1.086895217551534,-0.4567500973473325,1.248532302669456,0,1.254278209462359,-0.6068177543226755,0,1,1,0,0,0,1,0,0,0,0,1,0,0,0,0,0,1,0,1,0,0,0
0.22734670086570485,0,-0.6903945554443824,1.0867925984129432,-0.8916882501868245,-1.5756862740979403,1,-1.6676657419318217,0.3796721288811475,-0.05778754527941421,0.24620020465769926,-0.41835586638966604,-0.1350743711894882,-1.0785044383346125,0,-1.1505541015749308,3,-1.584178240646517,-0.9320143892374165,-0.2930769296747854,2.4833959938131165,0.33809616377248186,0.16194730971731802,0.7649976209279952,-0.3687152874355457,0.8065414765793012,-1.4455905142848562,-0.4421016549334961,0,-0.2004674698532193,-0.9465848990231709,0,1,1,0,1,0,0,0,0,0,0,0,1,0,0,0,0,0,1,0,1,0,0
-0.6486681098094882,0,-0.5342111149237234,-0.8875151110697495,1.0617867539482457,1.1697805251007627,0,-0.4375028351475091,0.3796721288811475,0.8459113011114247,0.24620020465769926,0.711605603528425,-0.7558436835229847,-0.6780493930322936,1,1.036019304133083,3,-1.584178240646517,0.24198831185855807,-0.16451140099023315,1.707499689688721,-1.0778621289498782,0.48850772848886465,1.0410954610370433,2.114727885669848,0.5261877356070683,-0.4567500973473325,0.5502010830104311,0,0.9679177973113975,-0.637705676568175,0,0,0,1,1,0,0,0,0,0,0,0,0,0,0,1,0,0,0,1,0,0,0
0.4463504035345031,0,-1.3547939532148048,0.09963874367159682,-0.8916882501868245,0.2546249253678617,1,-1.2740136117608418,-2.432005601372186,-0.05778754527941421,-0.6608531809232983,-0.07477788653679784,1.0907236686956727,-0.6780493930322936,0,-0.6039107501479274,3,-1.584178240646517,-0.9320143892374165,0.9925783571707368,0.9316033855643254,0.33809616377248186,1.9580296129608246,-0.6154915796172451,2.7355886789461965,1.3672489585237668,-0.9511703058160944,-0.8132002564587002,0,0.2587299754220211,-0.7767013266729231,0,0,0,1,0,0,1,0,0,0,0,0,0,0,0,1,0,0,1,0,1,0,0
-0.6486681098094882,1,0.6384042400964625,-1.0109093429124179,0.08504925188071055,1.1697805251007627,0,-0.5851223839616266,0.3796721288811475,-0.9614863916702531,-0.6608531809232983,-0.8926082170585602,-0.8424168998230602,-0.6780493930322936,1,-1.1505541015749308,3,-1.584178240646517,-0.9320143892374165,-1.0644701017820986,-0.6201892226844657,1.754054456494842,-0.6544537372115486,-0.6154915796172451,-0.058284890797371494,-0.5952272282818631,0.037670111121429345,0.10113645769644192,1,-1.2209453492942783,-0.09716703727193238,1,0,0,1,1,0,0,0,0,0,0,0,0,0,0,0,1,0,1,1,0,0,0
0.7748559575377005,1,0.3285164612856311,-0.7641208792270812,0.08504925188071055,-1.5756862740979403,1,1.137105685536411,0.3796721288811475,-0.9614863916702531,-1.5679065665042957,-0.8798594979545576,0.05001804093258897,0.523315742874663,0,-0.8772324258614291,3,0.26623257679518353,-0.9320143892374165,-0.16451140099023315,0.9316033855643254,1.754054456494842,-0.6544537372115486,-0.6154915796172451,-0.3687152874355457,-0.5952272282818631,-0.9511703058160944,-0.9936303323514627,0,-1.1822078233044906,0.2889319907968124,0,1,1,0,1,0,0,0,0,0,1,0,0,0,0,0,0,1,0,0,1,0,0
0.5558522548689022,0,-0.7622885201284952,-0.8875151110697495,-1.8684257522543597,0.2546249253678617,1,-1.4216331605749593,0.3796721288811475,1.7496101475022634,0.24620020465769926,2.4133471252610295,1.7242822061644076,-1.0785044383346125,1,-0.6039107501479274,3,1.1914379855160337,-0.9320143892374165,1.2497094145398413,0.1557070814399298,-1.0778621289498782,2.1213098223465976,1.0410954610370433,-0.058284890797371494,1.6476026994959998,0.5320903195901912,0.2726078470179008,0,1.8636168141899059,-0.9465848990231709,0,0,1,0,1,0,0,0,0,0,0,1,0,0,0,0,0,1,0,0,1,0,0
1.979376322216091,0,-1.290337295222152,-0.8875151110697495,-0.8916882501868245,1.1697805251007627,0,-0.3882963188761366,-2.432005601372186,2.6533089938931025,0.24620020465769926,2.6950938174594854,-1.0289147213006582,0.523315742874663,0,-0.3305890744344257,3,1.1914379855160337,0.24198831185855807,1.5068404719089457,1.707499689688721,0.33809616377248186,1.9580296129608246,1.3171933011460915,2.114727885669848,1.9279564404682326,1.520930736527715,0.23899721855430342,0,1.9714318965072064,-0.38030632452234525,0,1,1,0,0,0,1,0,0,0,0,1,0,0,0,0,0,1,0,0,0,1,0
2.08887817355049,0,-1.4787490647391375,-0.14714972001373974,1.0617867539482457,1.1697805251007627,1,1.6291708482501361,0.3796721288811475,2.6533089938931025,-0.6608531809232983,2.8077075028781744,-1.446321299890308,1.3242258334793007,0,-0.3305890744344257,3,-1.584178240646517,-0.9320143892374165,3.1781923448081244,0.9316033855643254,0.33809616377248186,-0.0013328996684553085,-0.33939373950819707,1.4938670923934996,0.8065414765793012,-0.4567500973473325,-0.3515810545890682,0,2.0124545449332327,-0.3956111508602053,0,1,0,0,1,0,0,0,0,0,0,1,0,0,0,0,0,0,1,0,0,0,1
0.33684855220010396,0,-0.8540153026565014,0.8400041347276065,-0.8916882501868245,0.2546249253678617,1,0.3990079414658235,0.3796721288811475,-0.9614863916702531,0.24620020465769926,-0.6287097316057078,-0.8124816805504691,2.5255909693862573,0,0.21605427699257776,3,-0.6589728319256667,0.24198831185855807,-0.678773515728442,-2.171981830933257,0.33809616377248186,-0.4911735278257753,-0.6154915796172451,-0.6791456840737199,-1.1559347102263289,0.037670111121429345,-0.2630071338219399,0,-0.5713489718142803,3.421849818554627,0,0,1,0,1,0,0,0,0,0,0,0,0,0,1,0,0,0,0,0,1,0,0
-0.3201625558062908,0,0.3483492791295243,-0.02375548817107146,0.08504925188071055,1.1697805251007627,1,0.9894861367222936,0.3796721288811475,0.8459113011114247,1.1532535902386967,0.42433446638490124,-1.23944504275766,-1.0785044383346125,0,-1.1505541015749308,3,1.1914379855160337,0.24198831185855807,-0.16451140099023315,-2.171981830933257,-1.0778621289498782,0.32522751910309133,0.7649976209279952,-0.3687152874355457,0.5261877356070683,1.520930736527715,0.27152817599183554,0,0.745691195873909,-0.9465848990231709,0,1,1,0,1,0,0,0,0,0,0,0,0,0,0,0,0,0,0,1,0,0,0
0.33684855220010396,0,-0.6928736576748691,-0.8875151110697495,0.08504925188071055,0.2546249253678617,1,1.5799643319787637,0.3796721288811475,-0.05778754527941421,1.1532535902386967,-0.39137107761952733,1.1442697651410116,-0.6780493930322936,0,-0.6039107501479274,3,0.26623257679518353,-0.9320143892374165,-0.2930769296747854,0.9316033855643254,0.33809616377248186,0.32522751910309133,1.0410954610370433,1.8042974890316739,1.086895217551534,1.026510528058953,-0.41301597183737376,0,-0.15887690502199478,-0.6068177543226755,0,1,1,0,1,0,0,0,0,0,0,0,0,0,1,0,0,0,1,0,1,0,0
0.4463504035345031,0,0.5342819464160231,-1.0109093429124179,0.08504925188071055,0.2546249253678617,0,0.005355811294843447,0.3796721288811475,-0.05778754527941421,-1.5679065665042957,-0.5099341652867508,-1.4076725426134886,-1.0785044383346125,0,0.4893759527060795,3,1.1914379855160337,0.24198831185855807,-0.16451140099023315,-0.6201892226844657,0.33809616377248186,0.32522751910309133,-0.33939373950819707,-0.3687152874355457,0.8065414765793012,0.037670111121429345,-0.6347771288608008,0,-0.3508475947969875,-0.9465848990231709,1,0,0,1,0,1,0,0,0,0,0,0,0,0,0,1,0,0,0,0,1,0,0
-0.2106607044718917,0,-0.7945168491248218,-0.6407266473844129,1.0617867539482457,0.2546249253678617,1,1.038692652993666,0.3796721288811475,-0.05778754527941421,0.24620020465769926,-0.4789122821336781,-1.6335218260456663,-0.6780493930322936,1,-1.1505541015749308,3,-0.6589728319256667,-0.9320143892374165,-0.2930769296747854,0.1557070814399298,0.33809616377248186,0.32522751910309133,0.48889978081894714,-0.3687152874355457,-0.8755809692540959,0.037670111121429345,-0.5073726760547156,1,-0.2982068742118796,-0.6068177543226755,1,0,1,0,1,0,0,0,0,0,0,0,0,0,1,0,0,0,1,1,0,0,0
1.5413689168784945,0,-0.08053540674466629,-0.5173324155417446,0.08504925188071055,0.2546249253678617,1,0.8910731041795485,0.3796721288811475,1.7496101475022634,-0.6608531809232983,1.5984914958635343,0.46025703180908345,-0.6780493930322936,1,-1.1505541015749308,3,-0.6589728319256667,0.24198831185855807,2.7924957587544674,-0.6201892226844657,0.33809616377248186,4.243952544361651,1.3171933011460915,-0.6791456840737199,1.6476026994959998,-0.4567500973473325,-0.6044151734856577,0,1.499723470120552,-0.8466533858759663,0,1,0,0,1,0,0,0,0,0,0,1,0,0,0,0,0,0,0,0,0,1,0
0.11784484953130571,0,0.5119700263416432,-0.8875151110697495,-0.8916882501868245,-0.6605306743650393,0,-1.7168722582031943,0.3796721288811475,-0.05778754527941421,-1.5679065665042957,0.0828812730493668,0.7234902040981119,0.12286069757234411,0,-0.057267398720923963,3,1.1914379855160337,0.24198831185855807,-0.03594587230568093,0.1557070814399298,0.33809616377248186,-0.0013328996684553085,0.7649976209279952,-0.3687152874355457,0.8065414765793012,-0.4567500973473325,-0.18886674906510983,0,0.43019574010336853,-0.09716703727193238,0,1,0,1,1,0,0,0,0,0,0,0,0,0,0,1,0,0,0,0,1,0,0
-0.3201625558062908,0,-0.7325392933626554,0.7166099028849382,-0.8916882501868245,0.2546249253678617,0,0.005355811294843447,0.3796721288811475,-0.05778754527941421,-1.5679065665042957,-0.08030233148186561,1.2985837123771855,-0.6780493930322936,0,-0.8772324258614291,3,1.1914379855160337,-0.9320143892374165,-0.16451140099023315,2.4833959938131165,1.754054456494842,0.48850772848886465,1.0410954610370433,2.114727885669848,0.5261877356070683,0.5320903195901912,-0.21800448241730966,0,0.25235274175800876,-0.637705676568175,0,1,0,1,0,0,1,0,0,0,0,0,0,0,0,1,0,0,1,1,0,0,0
-1.3056792178158831,0,0.1971240430698386,1.2101868302556114,-1.8684257522543597,1.1697805251007627,1,0.05456232756621595,0.3796721288811475,-0.9614863916702531,1.1532535902386967,-0.6021499001390359,-0.7361679525456948,0.12286069757234411,0,-1.1505541015749308,3,0.26623257679518353,2.5899937140505074,-0.5502079870438897,2.4833959938131165,-1.0778621289498782,-0.6544537372115486,-0.6154915796172451,-0.3687152874355457,-0.5952272282818631,1.026510528058953,-0.4001253541322308,1,-0.5191631202033713,0.32754189360368685,0,1,1,0,0,0,1,0,0,0,1,0,0,0,0,0,0,1,0,0,0,0,0
2.3078818762192883,1,-0.4995036836969103,-0.270543951856408,1.0617867539482457,0.2546249253678617,0,-0.6343289002329991,-1.0261667362455194,0.8459113011114247,-1.5679065665042957,0.7447522731988315,-0.3218532745381902,1.7246808787816195,1,-0.3305890744344257,3,1.1914379855160337,-0.9320143892374165,2.535364701385363,-2.171981830933257,-1.0778621289498782,0.48850772848886465,1.3171933011460915,0.8730062991171511,1.3672489585237668,-0.4567500973473325,-0.815051478163988,0,0.9915698860062894,-0.20334426999083718,0,1,1,0,0,0,1,0,0,0,0,0,1,0,0,0,0,1,0,0,0,0,1
0.33684855220010396,0,-1.1738194903892794,-1.0109093429124179,1.0617867539482457,-0.6605306743650393,1,1.0878991692650386,0.3796721288811475,-0.9614863916702531,-0.6608531809232983,-0.8745475316612232,-1.0612391364776343,0.12286069757234411,0,1.855984331273588,4,0.26623257679518353,0.24198831185855807,-0.5502079870438897,0.1557070814399298,0.33809616377248186,-0.4911735278257753,-0.6154915796172451,-0.6791456840737199,-0.3148734873096303,-0.4567500973473325,-0.7776176056092378,0,-1.1663568088019118,0.32754189360368685,0,1,1,0,1,0,0,0,0,0,1,0,0,0,0,0,0,1,0,0,1,0,0
-0.10115885313749257,0,-0.4846290703139904,-0.270543951856408,0.08504925188071055,-1.5756862740979403,0,0.841866587908176,1.7855109940078144,-0.05778754527941421,-1.5679065665042957,-0.39604560795766164,-1.6938138873975048,-0.27759434772997477,0,0.21605427699257776,3,1.1914379855160337,0.24198831185855807,0.7354472998016324,-0.6201892226844657,-1.0778621289498782,1.3049087754177313,0.7649976209279952,1.1834366957553253,2.488663922412698,-1.4455905142848562,-0.9180210281325295,0,-0.16599978710443847,-0.5690658493559537,1,0,0,1,0,1,0,0,0,0,0,0,0,0,0,1,0,1,0,0,1,0,0
1.2128633628752972,0,0.13018828284669903,-0.6407266473844129,0.08504925188071055,1.1697805251007627,1,-0.5851223839616266,0.3796721288811475,0.8459113011114247,1.1532535902386967,0.29642231804140917,0.6173817977562985,-0.6780493930322936,0,-1.1505541015749308,3,0.26623257679518353,-0.9320143892374165,-0.03594587230568093,-0.6201892226844657,0.33809616377248186,0.48850772848886465,1.3171933011460915,-0.6791456840737199,1.086895217551534,1.520930736527715,-0.0005489225766156863,0,0.6351011487163565,-0.6634456117727581,0,1,1,0,1,0,0,0,0,0,0,0,1,0,0,0,0,0,1,0,0,1,0
-1.0866755151470848,0,1.2110768553388789,0.2230329755142651,0.08504925188071055,0.2546249253678617,0,1.5799643319787637,1.7855109940078144,-0.9614863916702531,1.1532535902386967,-0.843313169856417,-1.094266256332371,2.1251359240839385,0,-0.3305890744344257,3,-0.6589728319256667,0.24198831185855807,-0.8073390444129942,0.9316033855643254,0.33809616377248186,-0.9810141559830953,-1.1676872598353414,-0.6791456840737199,-1.1559347102263289,0.5320903195901912,-0.4358722802861376,1,-1.0763845941282222,3.583643696983434,0,1,0,1,0,0,1,0,0,0,0,0,0,0,0,0,1,1,0,1,0,0,0
1.5413689168784945,0,1.493694509614357,0.2230329755142651,-0.8916882501868245,1.1697805251007627,0,0.7926600716368035,-1.0261667362455194,1.7496101475022634,-0.6608531809232983,1.4106603677312304,1.42310298127632,0.12286069757234411,0,0.21605427699257776,3,-0.6589728319256667,-0.9320143892374165,2.2782336440162587,-1.3960855268088614,-1.0778621289498782,-0.32789331844000197,-0.6154915796172451,-0.6791456840737199,-0.3148734873096303,-0.4567500973473325,-0.5464089322437279,0,1.4017151043933898,-0.6068177543226755,0,1,1,0,0,0,0,0,1,0,0,0,1,0,0,0,0,0,1,0,0,1,0
-2.072192177156677,0,0.7970667828476081,-1.0109093429124179,0.08504925188071055,1.1697805251007627,0,1.5307578157073911,0.3796721288811475,-0.9614863916702531,1.1532535902386967,-1.0394309654063227,0.7015658181519889,-0.6780493930322936,0,-0.057267398720923963,3,0.26623257679518353,-0.9320143892374165,-1.4501666878357553,1.707499689688721,1.754054456494842,-1.1442943653688686,-1.1676872598353414,-0.6791456840737199,-1.1559347102263289,2.015350944996477,1.8400938730417704,1,-1.7582987505577978,2.451086547981783,0,0,1,0,1,0,0,0,0,0,1,0,0,0,0,0,0,0,1,0,0,0,0
-0.2106607044718917,0,0.035982398088206295,-1.0109093429124179,0.08504925188071055,1.1697805251007627,0,-0.2898832863333916,-1.0261667362455194,-0.05778754527941421,1.1532535902386967,-0.24221106410269774,-0.4872699556829775,-1.0785044383346125,0,-0.8772324258614291,3,-0.6589728319256667,0.24198831185855807,-0.16451140099023315,-2.171981830933257,0.33809616377248186,0.32522751910309133,0.7649976209279952,-0.6791456840737199,-1.1559347102263289,1.026510528058953,-0.3750671711363702,0,0.05233713069584063,-0.9465848990231709,0,1,1,0,0,0,1,0,0,0,1,0,0,0,0,0,0,1,0,1,0,0,0
-1.0866755151470848,0,-0.023516055443473325,-0.8875151110697495,-1.8684257522543597,1.1697805251007627,1,-1.1263940629467242,-2.432005601372186,-0.05778754527941421,1.1532535902386967,-0.3042548304088434,0.8543338150970898,0.12286069757234411,0,1.3093409798465847,4,-0.6589728319256667,-0.9320143892374165,-0.42164245835933756,0.1557070814399298,0.33809616377248186,-0.16461310905422863,-0.6154915796172451,-0.6791456840737199,-1.1559347102263289,1.026510528058953,-0.1739465431604866,0,-0.03194987922070054,0.1859722499784804,1,0,0,1,1,0,0,0,0,0,0,0,0,0,0,1,0,0,1,1,0,0,0
1.979376322216091,1,-1.3275238286794517,0.4698214391996017,1.0617867539482457,-1.5756862740979403,1,0.9402796204509211,1.7855109940078144,1.7496101475022634,0.24620020465769926,1.528161062139787,-0.7077786835641765,1.3242258334793007,1,0.4893759527060795,3,0.26623257679518353,-0.9320143892374165,1.6354060005934978,-0.6201892226844657,-1.0778621289498782,1.9580296129608246,0.7649976209279952,0.2521455058408027,1.086895217551534,-0.9511703058160944,-0.3043168195578695,0,1.4637688293336386,-0.13114375174198195,0,1,0,1,0,1,0,0,0,0,0,0,0,0,0,1,0,0,1,0,0,1,0
2.08887817355049,0,1.4044468293168375,1.7037637576262845,0.08504925188071055,1.1697805251007627,1,0.10376884383758846,0.3796721288811475,1.7496101475022634,-0.6608531809232983,1.465904817181908,0.5511870171112733,0.523315742874663,1,-0.8772324258614291,3,-1.584178240646517,0.24198831185855807,2.7924957587544674,-2.171981830933257,0.33809616377248186,1.9580296129608246,3.249878181909428,3.977310265498893,1.3672489585237668,-0.4567500973473325,-0.6433904052365101,0,1.4312092677597097,-0.5468588464343528,0,1,1,0,1,0,0,0,0,0,0,0,1,0,0,0,0,1,0,0,0,0,1
-0.3201625558062908,0,0.4871790040367768,2.0739464531542895,-1.8684257522543597,-1.5756862740979403,0,1.2847252343505287,-1.0261667362455194,-0.9614863916702531,0.24620020465769926,-0.9506148889817717,0.2217590641772194,-0.6780493930322936,0,1.3093409798465847,4,0.26623257679518353,2.5899937140505074,-0.8073390444129942,-0.6201892226844657,0.33809616377248186,-0.32789331844000197,-0.063295899399149,-0.6791456840737199,-1.1559347102263289,-0.4567500973473325,-0.6440524844938162,1,-1.4109944676881387,-0.38030632452234525,0,0,1,0,0,0,0,0,1,0,0,0,0,0,1,0,0,0,0,1,0,0,0
0.33684855220010396,0,0.9904367568255669,-0.8875151110697495,-1.8684257522543597,-0.6605306743650393,0,1.137105685536411,1.7855109940078144,-0.05778754527941421,0.24620020465769926,-0.026757711245054973,-0.059744429733578276,0.9237707881769818,0,1.3093409798465847,4,-0.6589728319256667,2.5899937140505074,0.4783162424325279,-2.171981830933257,0.33809616377248186,0.8150681472604113,1.8693889813641875,2.7355886789461965,1.086895217551534,-0.4567500973473325,-0.6042028084408613,0,0.31305363560123733,0.11518742816587724,0,1,1,0,0,0,1,0,0,0,0,0,0,0,0,0,0,0,0,0,1,0,0
-0.3201625558062908,0,-1.282899988530692,2.4441291486822943,0.08504925188071055,-0.6605306743650393,1,0.9894861367222936,0.3796721288811475,-0.05778754527941421,0.24620020465769926,-0.22818747308829496,0.4466245610605326,0.523315742874663,0,-0.6039107501479274,3,-1.584178240646517,1.4159910129545328,-0.16451140099023315,-1.3960855268088614,0.33809616377248186,0.16194730971731802,0.7649976209279952,1.4938670923934996,0.8065414765793012,-0.9511703058160944,-0.36146331620794764,0,0.07075174494768634,0.2889319907968124,0,1,1,0,0,0,1,0,0,0,1,0,0,0,0,0,0,1,0,1,0,0,0
-0.6486681098094882,1,-0.24663525618727192,-0.8875151110697495,0.08504925188071055,0.2546249253678617,0,1.1863122018077836,-1.0261667362455194,-0.9614863916702531,1.1532535902386967,-0.7899810282713399,-0.3416695464510322,1.7246808787816195,0,-0.3305890744344257,3,0.26623257679518353,-0.9320143892374165,-1.0644701017820986,0.1557070814399298,1.754054456494842,-0.9810141559830953,-1.1676872598353414,-0.6791456840737199,-1.1559347102263289,1.520930736527715,0.4329880703443256,1,-0.9341904793183858,4.999340133235498,1,0,0,1,1,0,0,0,0,0,0,0,0,0,0,0,1,0,1,1,0,0,0
-0.2106607044718917,1,-0.3482784476372246,1.0867925984129432,1.0617867539482457,1.1697805251007627,0,0.05456232756621595,0.3796721288811475,-0.05778754527941421,0.24620020465769926,-0.401357574250996,1.2613403644558867,-1.0785044383346125,1,0.7626976284195812,3,0.26623257679518353,0.24198831185855807,-0.8073390444129942,-2.171981830933257,-1.0778621289498782,-0.4911735278257753,-0.6154915796172451,0.2521455058408027,-0.5952272282818631,0.5320903195901912,0.4215828182326177,1,-0.17413508978138134,-0.9465848990231709,1,0,0,1,0,1,0,0,0,0,0,0,0,0,0,1,0,1,0,1,0,0,0
0.11784484953130571,0,-0.2714262784921384,-0.270543951856408,0.08504925188071055,1.1697805251007627,1,-0.4375028351475091,1.7855109940078144,-0.9614863916702531,0.24620020465769926,-0.8271647923246805,0.2016617103932733,-0.6780493930322936,0,-1.1505541015749308,3,1.1914379855160337,2.5899937140505074,-0.9359045730975464,-0.6201892226844657,0.33809616377248186,-0.4911735278257753,-0.6154915796172451,-0.6791456840737199,-0.3148734873096303,1.520930736527715,-0.13555687679050626,0,-1.0318948971419841,-0.26705060962218,1,0,1,0,1,0,0,0,0,0,0,0,0,0,1,0,0,0,0,0,1,0,0
-0.3201625558062908,0,-0.9878868231027805,-0.8875151110697495,1.0617867539482457,0.2546249253678617,0,1.5799643319787637,0.3796721288811475,-0.05778754527941421,1.1532535902386967,0.039110670792291434,-1.1454231568733246,-0.6780493930322936,0,-1.1505541015749308,3,1.1914379855160337,-0.9320143892374165,0.34975071374797573,-0.6201892226844657,1.754054456494842,1.141628566031958,1.8693889813641875,0.5625759024789769,1.9279564404682326,2.015350944996477,-0.49597069567338964,0,0.38451680425112045,-0.7200734692228407,0,1,1,0,0,0,0,0,1,0,0,0,0,0,0,0,0,0,1,1,0,0,0
-0.9771736638126857,0,-0.16482488258121242,2.0739464531542895,0.08504925188071055,0.2546249253678617,1,-0.8803614815898617,-1.0261667362455194,-0.05778754527941421,-1.5679065665042957,-0.3779849225603247,1.3940110076170416,-0.6780493930322936,0,-1.1505541015749308,3,0.26623257679518353,0.24198831185855807,-0.8073390444129942,-2.171981830933257,0.33809616377248186,-0.32789331844000197,-0.33939373950819707,-0.6791456840737199,-0.0345197463373974,-0.4567500973473325,0.46692900132735954,1,-0.13866403382982836,-0.38030632452234525,0,1,0,1,1,0,0,0,0,0,0,0,0,0,0,1,0,1,0,1,0,0,0
-0.6486681098094882,1,-1.1713403881587927,1.5803695257836163,1.0617867539482457,1.1697805251007627,1,1.5799643319787637,0.3796721288811475,-0.05778754527941421,0.24620020465769926,-0.06882848428826333,0.9477935372392169,-0.6780493930322936,1,-0.057267398720923963,3,1.1914379855160337,1.4159910129545328,-0.16451140099023315,0.1557070814399298,-1.0778621289498782,0.48850772848886465,-0.6154915796172451,1.1834366957553253,0.8065414765793012,1.026510528058953,-0.20687405565769126,0,0.2655676891386816,-0.637705676568175,0,1,1,0,0,0,1,0,0,0,0,0,1,0,0,0,0,1,0,1,0,0,0
0.22734670086570485,0,1.7242510170496155,1.456975293940948,1.0617867539482457,-1.5756862740979403,1,-1.0771875466753518,-1.0261667362455194,-0.05778754527941421,1.1532535902386967,-0.08136472474053248,-1.5102674255665003,0.12286069757234411,1,-0.8772324258614291,3,1.1914379855160337,1.4159910129545328,-0.42164245835933756,-0.6201892226844657,1.754054456494842,-0.32789331844000197,-0.063295899399149,-0.3687152874355457,-0.0345197463373974,1.026510528058953,0.09632701403487831,0,0.2511232476512716,0.1859722499784804,0,1,0,1,1,0,0,0,0,0,0,0,0,0,0,1,0,1,0,0,1,0,0
1.5413689168784945,0,-0.6482498175261093,-0.8875151110697495,0.08504925188071055,-0.6605306743650393,1,-0.6835354165043717,0.3796721288811475,0.8459113011114247,-0.6608531809232983,0.8696897204180564,0.15205076014339233,-0.27759434772997477,0,-1.1505541015749308,3,-0.6589728319256667,-0.9320143892374165,0.34975071374797573,1.707499689688721,0.33809616377248186,-0.4911735278257753,-0.6154915796172451,0.2521455058408027,-0.5952272282818631,-0.9511703058160944,0.07954303717513626,0,1.0775224703341988,-0.4935620394225103,1,0,0,1,0,1,0,0,0,0,0,0,0,0,0,1,0,1,0,0,0,1,0
0.4463504035345031,0,0.9854785523645936,1.5803695257836163,0.08504925188071055,1.1697805251007627,0,0.448214457737196,0.3796721288811475,-0.05778754527941421,1.1532535902386967,-0.2201132843224267,-0.05060926892269368,0.12286069757234411,1,-0.3305890744344257,3,-1.584178240646517,1.4159910129545328,0.09261965637887129,0.9316033855643254,-1.0778621289498782,-0.16461310905422863,-0.6154915796172451,0.2521455058408027,-0.3148734873096303,0.037670111121429345,-0.5414395686574572,0,0.0812528130543815,-0.16250687279125836,1,0,1,0,1,0,0,0,0,0,0,0,0,0,1,0,0,0,0,0,1,0,0
0.008342998196906572,0,1.5779839854509032,-0.6407266473844129,-1.8684257522543597,0.2546249253678617,1,-0.5851223839616266,0.3796721288811475,-0.9614863916702531,0.24620020465769926,-0.7451480327555976,-1.2832938146499062,1.7246808787816195,1,-0.057267398720923963,3,1.1914379855160337,-0.9320143892374165,-0.42164245835933756,-0.6201892226844657,0.33809616377248186,-0.16461310905422863,-0.063295899399149,-0.3687152874355457,-0.3148734873096303,1.026510528058953,-0.7085677358967899,0,-0.8242423965289419,1.6960484486473488,0,1,1,0,1,0,0,0,0,0,0,0,0,0,1,0,0,1,0,0,1,0,0
-0.42966440714069,0,0.7648384538512817,-0.5173324155417446,-1.8684257522543597,-0.6605306743650393,1,-0.2406767700620191,0.3796721288811475,-0.05778754527941421,1.1532535902386967,0.7426274866814978,0.699879326925364,1.3242258334793007,0,-0.6039107501479274,3,-1.584178240646517,-0.9320143892374165,-0.42164245835933756,-0.6201892226844657,1.754054456494842,-0.32789331844000197,-0.063295899399149,-0.3687152874355457,-0.5952272282818631,0.037670111121429345,1.095488934724702,0,0.9900648219500959,1.3185293989801317,1,0,0,1,1,0,0,0,0,0,0,0,0,0,0,1,0,1,0,1,0,0,0
-0.5391662584750891,0,-0.7523721112065487,-0.8875151110697495,-1.8684257522543597,0.2546249253678617,1,-1.4708396768463317,0.3796721288811475,-0.05778754527941421,-0.6608531809232983,-0.5152461315800853,0.8690906133300572,-1.0785044383346125,1,-0.6039107501479274,3,-1.584178240646517,2.5899937140505074,-0.9359045730975464,0.1557070814399298,-1.0778621289498782,-0.6544537372115486,-0.6154915796172451,-0.3687152874355457,-0.5952272282818631,-1.4455905142848562,0.620899904835415,1,-0.36004891576241815,-0.9465848990231709,0,1,0,1,0,1,0,0,0,0,0,0,0,0,0,1,0,1,0,1,0,0,0
0.22734670086570485,0,1.6920226880532891,1.950552221311621,-0.8916882501868245,0.2546249253678617,1,0.251388392651706,0.3796721288811475,0.8459113011114247,0.24620020465769926,0.93853280357967,-1.5268512559616447,0.12286069757234411,0,1.5826626555600865,4,-0.6589728319256667,0.24198831185855807,0.2211851850634235,-0.6201892226844657,0.33809616377248186,-0.16461310905422863,-0.063295899399149,-0.6791456840737199,0.24583399463483546,0.037670111121429345,0.2509162745851347,0,1.1228676907340756,-0.2185124460935379,0,0,1,0,1,0,0,0,0,0,0,0,0,0,0,0,0,1,0,0,1,0,0
-1.3056792178158831,0,1.4118841360082974,1.0867925984129432,-1.8684257522543597,-1.5756862740979403,1,1.333931750621901,1.7855109940078144,-0.05778754527941421,0.24620020465769926,-0.05756711574639442,-0.2580476897975501,-0.27759434772997477,0,-1.1505541015749308,3,-0.6589728319256667,-0.9320143892374165,-0.678773515728442,0.1557070814399298,-1.0778621289498782,-0.6544537372115486,-0.6154915796172451,-0.3687152874355457,-0.5952272282818631,-1.4455905142848562,0.6604060491982584,0,0.2784260895733232,0.024178371549673068,0,1,0,1,1,0,0,0,0,0,0,0,0,0,0,1,0,1,0,0,0,0,0
1.6508707682128936,0,-1.1911732060026858,2.320734916839626,-0.8916882501868245,1.1697805251007627,0,-0.3390898026047641,1.7855109940078144,1.7496101475022634,0.24620020465769926,1.432970626163235,-0.6439730988235364,-0.27759434772997477,1,-1.1505541015749308,3,-0.6589728319256667,0.24198831185855807,1.6354060005934978,0.1557070814399298,-1.0778621289498782,-0.32789331844000197,-0.33939373950819707,-0.6791456840737199,-0.5952272282818631,0.037670111121429345,-0.34279236885037767,0,1.4136958506506179,-0.6747711832627745,1,0,1,0,0,0,1,0,0,0,0,0,1,0,0,0,0,1,0,0,0,1,0
0.6653541062033014,0,0.31612095013319785,-0.3939381836990763,0.08504925188071055,-1.5756862740979403,0,0.349801425194451,-1.0261667362455194,-0.05778754527941421,0.24620020465769926,-0.5146086956248852,0.7996633911673343,-0.6780493930322936,1,-0.3305890744344257,3,-1.584178240646517,-0.9320143892374165,1.121143885855289,0.1557070814399298,-2.4938204216722384,2.1213098223465976,0.7649976209279952,-0.3687152874355457,1.086895217551534,-2.43443093122238,-1.059897595374006,0,-0.35894178338011,-0.7847910205943636,0,1,1,0,0,0,1,0,0,0,0,0,0,0,1,0,0,0,1,0,1,0,0
-1.0866755151470848,0,-1.4812281669696241,0.09963874367159682,0.08504925188071055,1.1697805251007627,0,1.5799643319787637,-1.0261667362455194,-0.05778754527941421,1.1532535902386967,-0.15594473149894728,-1.0137363002610345,-0.6780493930322936,1,-1.1505541015749308,3,1.1914379855160337,-0.9320143892374165,-0.678773515728442,0.1557070814399298,0.33809616377248186,-0.16461310905422863,-0.6154915796172451,0.5625759024789769,-0.0345197463373974,2.015350944996477,0.50135087667655,0,0.16220247487004366,-0.46120326373674886,0,1,0,1,0,1,0,0,0,0,0,0,0,0,0,1,0,1,0,1,0,0,0
-1.0866755151470848,1,-1.6547653231036896,0.9633983665702748,1.0617867539482457,1.1697805251007627,0,-0.7327419327757442,0.3796721288811475,-0.9614863916702531,0.24620020465769926,-0.8730601810990897,1.597654823231992,-0.6780493930322936,1,-0.6039107501479274,3,1.1914379855160337,-0.9320143892374165,-0.42164245835933756,-0.6201892226844657,0.33809616377248186,0.16194730971731802,-0.6154915796172451,1.4938670923934996,0.8065414765793012,1.520930736527715,-0.8636722939822138,1,-1.1619482684628066,-0.5690658493559537,0,1,1,0,1,0,0,0,0,0,0,0,0,0,1,0,0,0,1,1,0,0,0
-1.1961773664814839,0,-0.2962173007970049,-0.8875151110697495,-1.8684257522543597,-1.5756862740979403,1,-1.4708396768463317,-1.0261667362455194,-0.9614863916702531,1.1532535902386967,-0.5522174169816926,-1.4423861536948501,-1.0785044383346125,0,-0.8772324258614291,3,1.1914379855160337,-0.9320143892374165,-0.8073390444129942,-0.6201892226844657,0.33809616377248186,-0.4911735278257753,-0.33939373950819707,-0.3687152874355457,-0.8755809692540959,0.5320903195901912,0.12889381825746557,1,-0.42569692238277257,-0.9465848990231709,0,1,1,0,0,0,1,0,0,0,0,0,0,0,1,0,0,0,1,1,0,0,0
0.5558522548689022,0,0.8540861341488011,0.09963874367159682,0.08504925188071055,0.2546249253678617,0,-1.7168722582031943,0.3796721288811475,1.7496101475022634,-1.5679065665042957,2.1876947971201846,0.3236512424524707,-1.0785044383346125,0,-0.3305890744344257,3,0.26623257679518353,0.24198831185855807,1.2497094145398413,1.707499689688721,0.33809616377248186,2.1213098223465976,0.7649976209279952,-0.6791456840737199,1.3672489585237668,-0.4567500973473325,0.16837051704687084,0,1.7713284098362623,-0.9465848990231709,0,1,0,0,0,0,0,0,0,0,0,1,0,0,0,0,0,1,0,0,1,0,0
1.6508707682128936,0,-1.3498357487538315,-0.14714972001373974,1.0617867539482457,0.2546249253678617,0,-0.5851223839616266,0.3796721288811475,-0.9614863916702531,-1.5679065665042957,-0.7549220507353328,0.42863532130986753,2.5255909693862573,0,-0.6039107501479274,3,0.26623257679518353,-0.9320143892374165,0.09261965637887129,-0.6201892226844657,-2.4938204216722384,-0.32789331844000197,-0.063295899399149,-0.6791456840737199,-0.0345197463373974,-1.4455905142848562,-0.9737742006630075,0,-0.8475370794646064,1.4056491796725663,0,1,1,0,0,0,0,1,0,0,1,0,0,0,0,0,0,1,0,0,0,1,0
0.008342998196906572,0,1.6350033367520962,0.2230329755142651,0.08504925188071055,-1.5756862740979403,0,1.3831382668932737,0.3796721288811475,-0.9614863916702531,0.24620020465769926,-0.6106490462083709,0.6735981719771268,0.523315742874663,0,0.7626976284195812,3,-1.584178240646517,-0.9320143892374165,-0.42164245835933756,2.4833959938131165,0.33809616377248186,-0.6544537372115486,-0.6154915796172451,-0.6791456840737199,-0.5952272282818631,-1.4455905142848562,-0.5454760660162694,0,-0.535666606374417,0.5634912996456974,0,1,1,0,0,0,1,0,0,0,1,0,0,0,0,0,0,0,1,0,1,0,0
-0.2106607044718917,0,-1.4936236781220573,1.0867925984129432,-0.8916882501868245,0.2546249253678617,1,-0.2898832863333916,0.3796721288811475,0.8459113011114247,1.1532535902386967,0.607491064179071,0.7913714759697621,-0.27759434772997477,0,-1.1505541015749308,3,0.26623257679518353,-0.9320143892374165,-0.16451140099023315,-0.6201892226844657,0.33809616377248186,-0.8177339465973219,-0.6154915796172451,-0.058284890797371494,-0.5952272282818631,1.026510528058953,0.44920276611759696,0,0.8911131175938305,-0.32882645411317923,1,0,1,0,1,0,0,0,0,0,0,0,1,0,0,0,0,0,1,1,0,0,0
-1.3056792178158831,0,0.3632238925124442,-1.0109093429124179,0.08504925188071055,-1.5756862740979403,1,0.743453555365431,0.3796721288811475,-0.9614863916702531,1.1532535902386967,-0.6956405069017211,-1.3215209491200695,0.523315742874663,0,-1.1505541015749308,3,-0.6589728319256667,0.24198831185855807,-0.5502079870438897,-0.6201892226844657,-1.0778621289498782,-0.6544537372115486,-0.6154915796172451,-0.6791456840737199,-0.5952272282818631,-0.9511703058160944,-0.5296858772600647,1,-0.7114876808827312,0.7522508244793061,0,1,1,0,0,0,0,0,1,0,1,0,0,0,0,0,0,1,0,0,0,0,0
-1.1961773664814839,0,-0.3730694699420911,-0.270543951856408,0.08504925188071055,0.2546249253678617,1,1.6783773645215088,1.7855109940078144,-0.9614863916702531,-1.5679065665042957,-0.6214854574467731,1.301956694830435,-1.0785044383346125,0,-0.8772324258614291,3,1.1914379855160337,-0.9320143892374165,-0.42164245835933756,-0.6201892226844657,0.33809616377248186,-0.0013328996684553085,0.7649976209279952,-0.6791456840737199,0.8065414765793012,0.037670111121429345,-0.5586161531630413,1,-0.5569743820447423,-0.9465848990231709,0,1,1,0,0,0,0,1,0,0,1,0,0,0,0,0,0,0,1,1,0,0,0
-0.8676718124782865,0,-1.1663821836978194,0.9633983665702748,0.08504925188071055,-0.6605306743650393,1,-0.7327419327757442,-1.0261667362455194,0.8459113011114247,-1.5679065665042957,0.315545396697413,-0.6386325432725577,-0.6780493930322936,0,-0.6039107501479274,3,-1.584178240646517,-0.9320143892374165,-0.16451140099023315,0.1557070814399298,-1.0778621289498782,0.48850772848886465,1.3171933011460915,-0.6791456840737199,1.3672489585237668,-2.43443093122238,0.1659952407895271,0,0.6521599225017748,-0.637705676568175,0,1,0,0,0,0,0,1,0,1,0,0,0,0,0,0,0,0,1,1,0,0,0
1.3223652142096962,1,1.6672316657484225,2.320734916839626,-0.8916882501868245,-1.5756862740979403,1,1.5307578157073911,-1.0261667362455194,-0.05778754527941421,-1.5679065665042957,-0.4714755293230099,1.1801077037067897,0.12286069757234411,0,1.3093409798465847,4,-1.584178240646517,-0.9320143892374165,1.121143885855289,-0.6201892226844657,0.33809616377248186,-0.4911735278257753,-0.33939373950819707,-0.3687152874355457,-0.3148734873096303,-2.43443093122238,-1.0389765154462045,0,-0.2858563910854934,-0.46120326373674886,1,0,1,0,1,0,0,0,0,0,1,0,0,0,0,0,0,0,1,0,0,1,0
-0.8676718124782865,1,-1.1539866725453862,0.59321567104227,-1.8684257522543597,0.2546249253678617,0,0.8910731041795485,0.3796721288811475,0.8459113011114247,1.1532535902386967,0.22311718319339463,1.2110267095282454,-1.0785044383346125,1,-0.8772324258614291,3,-1.584178240646517,-0.9320143892374165,-0.2930769296747854,-1.3960855268088614,0.33809616377248186,0.16194730971731802,0.7649976209279952,1.4938670923934996,0.8065414765793012,0.037670111121429345,0.24931312669794675,0,0.5678577113440203,-0.9465848990231709,1,0,1,0,0,0,0,1,0,0,0,0,0,0,0,0,0,0,1,1,0,0,0
1.869874470881692,0,0.4177641415831505,-1.0109093429124179,0.08504925188071055,1.1697805251007627,0,-0.5851223839616266,0.3796721288811475,1.7496101475022634,1.1532535902386967,2.3000960038871403,-1.2172395749404328,1.3242258334793007,0,1.036019304133083,3,1.1914379855160337,-0.9320143892374165,2.2782336440162587,0.1557070814399298,-1.0778621289498782,2.1213098223465976,0.7649976209279952,3.0460190755843706,0.8065414765793012,1.520930736527715,-0.2488867967663149,0,1.818005906811648,-0.26705060962218,0,1,1,0,0,0,1,0,0,0,0,0,0,1,0,0,0,0,1,0,0,1,0
2.3078818762192883,0,0.6260087289440293,-1.0109093429124179,0.08504925188071055,1.1697805251007627,0,0.4974209740085685,0.3796721288811475,2.6533089938931025,-1.5679065665042957,2.8043078444504403,1.1444103060765638,0.12286069757234411,1,1.5826626555600865,4,0.26623257679518353,0.24198831185855807,2.6639302300699153,0.1557070814399298,0.33809616377248186,0.32522751910309133,1.0410954610370433,-0.3687152874355457,0.24583399463483546,0.037670111121429345,-0.2114988510358197,0,2.0112323495644504,-0.637705676568175,0,1,1,0,0,0,1,0,0,0,0,0,0,1,0,0,0,1,0,0,0,0,1
1.979376322216091,0,0.8268160096134479,-1.0109093429124179,1.0617867539482457,-0.6605306743650393,1,0.743453555365431,1.7855109940078144,1.7496101475022634,1.1532535902386967,1.7485014239872974,-0.26690176873733057,-0.27759434772997477,0,-0.6039107501479274,3,1.1914379855160337,1.4159910129545328,2.535364701385363,0.9316033855643254,1.754054456494842,-0.0013328996684553085,0.7649976209279952,-0.6791456840737199,-1.1559347102263289,1.520930736527715,-0.5009526967276821,0,1.5736582024284225,-0.7342304335853612,0,1,1,0,0,0,1,0,0,0,0,0,0,1,0,0,0,0,0,0,0,1,0
-0.10115885313749257,0,0.9210218943719407,-0.7641208792270812,1.0617867539482457,-1.5756862740979403,0,1.6291708482501361,0.3796721288811475,-0.05778754527941421,-0.6608531809232983,0.5896428574334673,0.9064745021869081,0.12286069757234411,1,0.21605427699257776,3,1.1914379855160337,-0.9320143892374165,0.4783162424325279,0.1557070814399298,0.33809616377248186,-0.32789331844000197,-0.063295899399149,-0.6791456840737199,-0.8755809692540959,-0.4567500973473325,-0.2055686352352669,0,0.8775440023702239,-0.309521502709742,0,1,0,1,0,1,0,0,0,0,0,0,0,0,0,1,0,0,1,0,1,0,0
-0.6486681098094882,1,-0.33588293648479134,-1.0109093429124179,1.0617867539482457,-0.6605306743650393,0,-0.7819484490471167,-2.432005601372186,-0.9614863916702531,0.24620020465769926,-1.0929755856431334,0.258721330227414,-0.6780493930322936,0,-0.8772324258614291,3,-0.6589728319256667,-0.9320143892374165,-1.3216011591512031,0.1557070814399298,0.33809616377248186,-0.9810141559830953,-1.1676872598353414,-0.6791456840737199,-1.1559347102263289,-0.4567500973473325,1.320673957592909,1,-2.014395915067757,0.7522508244793061,1,0,0,1,1,0,0,0,0,0,0,0,0,0,0,0,1,0,1,1,0,0,0
-0.7581699611438873,0,0.13018828284669903,-0.270543951856408,1.0617867539482457,1.1697805251007627,0,0.349801425194451,0.3796721288811475,-0.05778754527941421,-1.5679065665042957,-0.36629859671498904,-0.218134064100762,1.7246808787816195,0,-0.3305890744344257,3,-0.6589728319256667,1.4159910129545328,-0.42164245835933756,0.1557070814399298,0.33809616377248186,-0.6544537372115486,-0.6154915796172451,-0.6791456840737199,-0.5952272282818631,-0.4567500973473325,-0.2491799832949447,1,-0.12123705828098015,1.6960484486473488,0,1,0,1,0,1,0,0,0,0,0,0,0,0,0,1,0,0,0,1,0,0,0
-0.6486681098094882,0,-1.538247518270817,-0.14714972001373974,2.038524256015781,-1.5756862740979403,0,1.333931750621901,0.3796721288811475,1.7496101475022634,-0.6608531809232983,2.107590345416702,-0.7682112858515668,0.12286069757234411,0,-1.1505541015749308,3,0.26623257679518353,-0.9320143892374165,-0.2930769296747854,0.1557070814399298,1.754054456494842,-0.6544537372115486,-0.6154915796172451,-0.3687152874355457,-1.1559347102263289,-0.4567500973473325,2.280501499764945,0,1.7371570308092035,0.07271653507831528,0,1,1,0,1,0,0,0,0,0,0,0,0,1,0,0,0,0,1,1,0,0,0
-0.3201625558062908,0,-0.6011468751468629,-1.0109093429124179,1.0617867539482457,1.1697805251007627,1,1.235518718079156,0.3796721288811475,-0.9614863916702531,-1.5679065665042957,-0.7451480327555976,0.8391553940574662,0.9237707881769818,0,-0.3305890744344257,3,0.26623257679518353,1.4159910129545328,-0.16451140099023315,-0.6201892226844657,0.33809616377248186,-0.4911735278257753,-0.33939373950819707,-0.3687152874355457,-0.3148734873096303,0.037670111121429345,-0.8629508774329793,1,-0.8242423965289419,0.5978112132518081,1,0,1,0,0,0,0,1,0,0,0,0,0,0,1,0,0,0,0,1,0,0,0
-0.6486681098094882,1,-1.488665473661084,-0.14714972001373974,0.08504925188071055,-1.5756862740979403,0,-1.5692527093890767,-1.0261667362455194,-0.9614863916702531,-0.6608531809232983,-1.113798493513004,1.117145364579462,-0.6780493930322936,0,-0.8772324258614291,3,0.26623257679518353,-0.9320143892374165,-1.3216011591512031,0.1557070814399298,1.754054456494842,-0.9810141559830953,-1.1676872598353414,-0.6791456840737199,-1.1559347102263289,-0.4567500973473325,1.1186773238072405,1,-2.1270748311200385,0.7522508244793061,0,1,1,0,1,0,0,0,0,0,0,0,0,0,1,0,0,0,1,1,0,0,0
-1.0866755151470848,0,1.4242796471607309,0.2230329755142651,-1.8684257522543597,-0.6605306743650393,1,1.235518718079156,0.3796721288811475,-0.9614863916702531,-1.5679065665042957,-0.9357413833604354,-0.9323630985763854,-1.0785044383346125,0,-0.3305890744344257,3,-0.6589728319256667,-0.9320143892374165,-0.678773515728442,0.1557070814399298,1.754054456494842,-0.32789331844000197,-1.1676872598353414,-0.3687152874355457,-0.0345197463373974,-0.9511703058160944,-0.7594104260333188,1,-1.3599304247722814,-0.9465848990231709,0,1,1,0,1,0,0,0,0,0,1,0,0,0,0,0,0,1,0,1,0,0,0
-0.10115885313749257,0,-1.5630385405756835,-0.6407266473844129,1.0617867539482457,-1.5756862740979403,1,-1.4216331605749593,-1.0261667362455194,-0.05778754527941421,1.1532535902386967,-0.14723310677787887,1.1652103645382703,-0.6780493930322936,0,0.21605427699257776,3,0.26623257679518353,-0.9320143892374165,-0.16451140099023315,-0.6201892226844657,-1.0778621289498782,0.48850772848886465,-0.063295899399149,-0.3687152874355457,1.086895217551534,-0.4567500973473325,-0.28293197184841734,0,0.17286425765361707,-0.637705676568175,0,1,1,0,1,0,0,0,0,0,1,0,0,0,0,0,0,0,1,0,1,0,0
-0.10115885313749257,0,-1.1738194903892794,0.8400041347276065,1.0617867539482457,0.2546249253678617,0,1.5799643319787637,-1.0261667362455194,-0.05778754527941421,-1.5679065665042957,-0.1818671270104191,-0.11511755834109415,0.523315742874663,0,-0.6039107501479274,3,-1.584178240646517,1.4159910129545328,-0.03594587230568093,0.1557070814399298,-1.0778621289498782,-0.6544537372115486,-0.6154915796172451,-0.6791456840737199,-0.5952272282818631,-1.940010722753618,-0.42234337772646674,0,0.13002309897489217,0.1859722499784804,0,1,0,1,0,1,0,0,0,0,0,0,0,0,0,1,0,1,0,0,1,0,0
1.103361511540898,0,-0.8366615870430948,-1.0109093429124179,0.08504925188071055,-1.5756862740979403,1,0.3990079414658235,0.3796721288811475,-0.9614863916702531,1.1532535902386967,-0.6550570844206464,-0.5773566953718549,1.7246808787816195,0,-0.8772324258614291,3,0.26623257679518353,0.24198831185855807,0.7354472998016324,-0.6201892226844657,-1.0778621289498782,-0.16461310905422863,0.21280194070989908,-0.3687152874355457,-0.5952272282818631,-0.4567500973473325,-1.0658204858664606,0,-0.6249686297260404,0.374731774812089,0,1,1,0,0,0,0,0,1,0,0,0,0,0,1,0,0,1,0,0,0,1,0
-1.3056792178158831,1,-1.039947969943,-0.02375548817107146,-0.8916882501868245,-1.5756862740979403,1,0.10376884383758846,-1.0261667362455194,-0.9614863916702531,-1.5679065665042957,-0.44682800572193837,0.12211554087080126,0.12286069757234411,0,-0.8772324258614291,3,-1.584178240646517,-0.9320143892374165,-0.678773515728442,-0.6201892226844657,0.33809616377248186,-0.6544537372115486,-0.6154915796172451,-0.058284890797371494,-0.5952272282818631,-2.43443093122238,0.03105599291365903,1,-0.2456329501572268,0.509560006836095,0,1,0,1,1,0,0,0,0,0,0,0,0,0,0,0,1,1,0,0,0,0,0
0.008342998196906572,0,1.5135273274582501,-0.5173324155417446,-0.8916882501868245,0.2546249253678617,1,0.8910731041795485,1.7855109940078144,-0.9614863916702531,0.24620020465769926,-0.6380587922819764,1.5680006858305051,-1.0785044383346125,0,-0.3305890744344257,3,-1.584178240646517,-0.9320143892374165,-0.5502079870438897,-0.6201892226844657,-2.4938204216722384,-0.16461310905422863,0.21280194070989908,-0.3687152874355457,-0.3148734873096303,-1.4455905142848562,-0.44988837324269426,0,-0.590157473057004,-0.9465848990231709,0,0,1,0,0,0,0,0,1,0,1,0,0,0,0,0,0,0,1,0,1,0,0
2.08887817355049,0,1.1218291750413594,-1.0109093429124179,-0.8916882501868245,-1.5756862740979403,0,1.1863122018077836,0.3796721288811475,-0.9614863916702531,-1.5679065665042957,-0.9427531788676368,-0.5367403649973064,-0.27759434772997477,0,1.855984331273588,4,1.1914379855160337,0.24198831185855807,-0.8073390444129942,0.1557070814399298,1.754054456494842,-0.6544537372115486,-0.6154915796172451,-0.3687152874355457,-1.1559347102263289,-0.4567500973473325,-0.6287996774528577,0,-1.3837878315010899,0.1859722499784804,0,1,1,0,1,0,0,0,0,0,0,0,0,0,1,0,0,1,0,0,0,0,1
1.103361511540898,0,-1.09944642347468,-0.8875151110697495,1.0617867539482457,-1.5756862740979403,0,0.7926600716368035,0.3796721288811475,1.7496101475022634,0.24620020465769926,2.2663118982615336,1.7412876593662083,0.12286069757234411,0,1.036019304133083,3,-0.6589728319256667,1.4159910129545328,1.8925370579626022,-0.6201892226844657,1.754054456494842,2.1213098223465976,3.5259760220184755,0.8730062991171511,0.5261877356070683,-0.4567500973473325,-0.11938446184063335,0,1.8041276767240861,-0.5690658493559537,0,1,1,0,0,0,1,0,0,0,0,0,0,1,0,0,0,1,0,0,0,1,0
-1.4151810691502822,0,1.6697107679789092,-0.6407266473844129,-1.8684257522543597,1.1697805251007627,0,-1.1756005792180968,0.3796721288811475,-0.05778754527941421,0.24620020465769926,-0.49739792483448175,0.12619122800181132,-0.6780493930322936,1,-0.8772324258614291,3,0.26623257679518353,1.4159910129545328,-0.8073390444129942,0.1557070814399298,0.33809616377248186,-0.32789331844000197,-0.063295899399149,-0.6791456840737199,-0.3148734873096303,1.026510528058953,0.235251229516042,1,-0.3293528772152087,-0.38030632452234525,0,1,0,1,0,0,1,0,0,0,0,0,0,0,0,1,0,1,0,0,0,0,0
-0.5391662584750891,0,-0.4995036836969103,-0.270543951856408,2.038524256015781,1.1697805251007627,1,1.5307578157073911,0.3796721288811475,-0.05778754527941421,1.1532535902386967,0.5739194372051976,1.2690701159112505,0.523315742874663,0,-0.8772324258614291,3,0.26623257679518353,0.24198831185855807,-0.5502079870438897,0.1557070814399298,-1.0778621289498782,-0.4911735278257753,-0.33939373950819707,-0.6791456840737199,-0.3148734873096303,1.026510528058953,1.2296871356690438,0,0.865488084326473,0.7522508244793061,0,1,0,1,0,1,0,0,0,0,0,0,0,0,0,1,0,1,0,1,0,0,0
-0.3201625558062908,0,-0.9953241297942405,-1.0109093429124179,0.08504925188071055,1.1697805251007627,0,0.9894861367222936,-1.0261667362455194,-0.9614863916702531,-0.6608531809232983,-0.6818293945390517,-1.4904511536536584,0.9237707881769818,0,0.4893759527060795,3,-1.584178240646517,0.24198831185855807,-0.5502079870438897,-0.6201892226844657,-1.0778621289498782,-0.32789331844000197,-0.063295899399149,-0.6791456840737199,-0.5952272282818631,-0.9511703058160944,-0.510546254525271,1,-0.6814825472227072,1.1769597553549254,0,1,1,0,1,0,0,0,0,0,1,0,0,0,0,0,0,1,0,1,0,0,0
0.4463504035345031,0,1.1912440374949855,-0.5173324155417446,2.038524256015781,-0.6605306743650393,1,1.1863122018077836,1.7855109940078144,-0.9614863916702531,0.24620020465769926,-0.9297919811119009,-1.2300288000756714,-0.27759434772997477,1,-0.8772324258614291,3,-1.584178240646517,-0.9320143892374165,-0.5502079870438897,1.707499689688721,-1.0778621289498782,-0.4911735278257753,-0.6154915796172451,-0.6791456840737199,-0.3148734873096303,-1.4455905142848562,-0.8541760965484124,0,-1.3399800937423447,-0.09716703727193238,0,1,1,0,0,0,1,0,0,0,0,0,0,0,1,0,0,1,0,0,1,0,0
0.33684855220010396,0,-0.34579934540673796,-0.02375548817107146,1.0617867539482457,0.2546249253678617,1,0.743453555365431,0.3796721288811475,-0.05778754527941421,0.24620020465769926,-0.537131432708623,1.2347781276365453,0.12286069757234411,0,-1.1505541015749308,3,0.26623257679518353,1.4159910129545328,-0.03594587230568093,-0.6201892226844657,1.754054456494842,0.16194730971731802,0.7649976209279952,-0.6791456840737199,0.8065414765793012,1.026510528058953,-0.7356442791083196,0,-0.3985628976550031,-0.09716703727193238,0,0,1,0,0,0,0,1,0,0,1,0,0,0,0,0,0,0,0,0,1,0,0
-0.6486681098094882,0,-1.1812567970807393,-0.14714972001373974,-0.8916882501868245,-1.5756862740979403,1,-1.7168722582031943,0.3796721288811475,0.8459113011114247,1.1532535902386967,0.9115480148095313,-0.8330006571410715,-0.6780493930322936,0,0.7626976284195812,3,-1.584178240646517,0.24198831185855807,0.2211851850634235,1.707499689688721,0.33809616377248186,0.9783483566461847,0.7649976209279952,2.114727885669848,1.3672489585237668,-0.9511703058160944,0.2307800324416655,0,1.1052558782167432,-0.7038940813799599,0,1,0,1,1,0,0,0,0,0,0,0,0,0,0,1,0,0,0,1,0,0,0
0.9938596602064987,1,-1.0548225833259202,-0.02375548817107146,0.08504925188071055,-1.5756862740979403,1,-0.6835354165043717,0.3796721288811475,0.8459113011114247,1.1532535902386967,0.7634503945513685,0.23511045305466613,0.523315742874663,0,-1.1505541015749308,3,-1.584178240646517,0.24198831185855807,2.1496681153317065,-1.3960855268088614,1.754054456494842,-0.0013328996684553085,0.7649976209279952,0.5625759024789769,-0.3148734873096303,-0.4567500973473325,-0.7372771699989804,0,1.004749970144902,-0.47794056150524616,0,1,0,1,0,1,0,0,0,0,0,0,0,0,0,1,0,0,0,0,0,1,0
0.22734670086570485,1,-0.5218156037712901,-0.8875151110697495,0.08504925188071055,-1.5756862740979403,0,-0.5851223839616266,-1.0261667362455194,-0.9614863916702531,-1.5679065665042957,-0.6070369091289035,0.40305687103939064,-0.27759434772997477,1,2.1293060069870897,4,-0.6589728319256667,-0.9320143892374165,-0.03594587230568093,-0.6201892226844657,1.754054456494842,-0.9810141559830953,-1.1676872598353414,-0.6791456840737199,-1.1559347102263289,-1.4455905142848562,-0.7972926024065432,0,-0.5286305076155327,-0.38030632452234525,0,0,1,0,1,0,0,0,0,0,1,0,0,0,0,0,0,0,1,0,1,0,0
-0.6486681098094882,1,1.592858598833823,-1.0109093429124179,2.038524256015781,0.2546249253678617,0,1.6783773645215088,1.7855109940078144,0.8459113011114247,-0.6608531809232983,0.20038196745792344,-0.7564058472651929,-0.6780493930322936,0,-1.1505541015749308,3,-1.584178240646517,-0.9320143892374165,-0.16451140099023315,-0.6201892226844657,0.33809616377248186,0.48850772848886465,1.0410954610370433,0.5625759024789769,0.8065414765793012,-0.9511703058160944,0.054278735165208626,0,0.5463772278546978,-0.637705676568175,1,0,1,0,1,0,0,0,0,0,0,0,1,0,0,0,0,0,1,1,0,0,0
0.8843578088720997,0,0.5838639910257561,1.3335810620982798,0.08504925188071055,-0.6605306743650393,1,1.432344783164646,-2.432005601372186,0.8459113011114247,-1.5679065665042957,0.923871776610067,0.7799876601900444,-0.27759434772997477,1,0.7626976284195812,3,-0.6589728319256667,0.24198831185855807,1.6354060005934978,-0.6201892226844657,0.33809616377248186,-0.0013328996684553085,0.7649976209279952,-0.6791456840737199,0.8065414765793012,-1.4455905142848562,-0.5485678512272746,0,1.1133246367747898,-0.6747711832627745,0,1,1,0,0,0,1,0,0,0,0,0,0,0,0,0,0,0,0,0,1,0,0
-0.6486681098094882,0,1.4763407940009505,-0.14714972001373974,-0.8916882501868245,1.1697805251007627,0,1.4815512994360187,1.7855109940078144,-0.9614863916702531,-0.6608531809232983,-0.9336165968431016,1.446994940320172,2.5255909693862573,0,0.7626976284195812,3,1.1914379855160337,-0.9320143892374165,-0.42164245835933756,0.1557070814399298,0.33809616377248186,-0.6544537372115486,-0.6154915796172451,-0.6791456840737199,-0.5952272282818631,1.026510528058953,-0.9371021927435856,1,-1.3527749196196315,2.451086547981783,0,1,0,0,0,0,1,0,0,1,0,0,0,0,0,0,0,0,1,1,0,0,0
-0.6486681098094882,1,-0.6928736576748691,-0.8875151110697495,0.08504925188071055,-0.6605306743650393,1,1.3831382668932737,0.3796721288811475,-0.9614863916702531,1.1532535902386967,-0.5908885315971669,0.9511665196924666,1.3242258334793007,1,-0.6039107501479274,3,0.26623257679518353,0.24198831185855807,-0.5502079870438897,-0.6201892226844657,-2.4938204216722384,-0.8177339465973219,-0.6154915796172451,-0.058284890797371494,-0.5952272282818631,-0.4567500973473325,-0.3845192002100145,1,-0.49757099827787726,1.6016686862305445,1,0,1,0,1,0,0,0,0,0,1,0,0,0,0,0,0,1,0,1,0,0,0
0.8843578088720997,0,1.600295905525283,2.4441291486822943,0.08504925188071055,-0.6605306743650393,1,-0.5359158676902541,0.3796721288811475,0.8459113011114247,1.1532535902386967,0.6113156799102717,0.05718562864574458,0.523315742874663,1,0.7626976284195812,3,1.1914379855160337,1.4159910129545328,-0.16451140099023315,0.9316033855643254,1.754054456494842,-0.6544537372115486,-0.8915894197262932,-0.3687152874355457,-0.5952272282818631,1.520930736527715,0.45291290837080306,0,0.894004941991704,0.2889319907968124,0,1,1,0,0,0,0,0,1,0,0,0,1,0,0,0,0,1,0,0,1,0,0
1.2128633628752972,0,1.0375396992048131,-0.270543951856408,0.08504925188071055,0.2546249253678617,1,1.4815512994360187,0.3796721288811475,-0.05778754527941421,-1.5679065665042957,-0.21607618993949254,1.4731355543328573,0.523315742874663,0,-1.1505541015749308,3,-1.584178240646517,2.5899937140505074,0.4783162424325279,0.1557070814399298,0.33809616377248186,-0.8177339465973219,-0.6154915796172451,-0.058284890797371494,-0.5952272282818631,-1.4455905142848562,-0.7266375027966643,0,0.08647600710941676,-0.09716703727193238,0,1,0,1,0,1,0,0,0,0,0,0,0,0,0,1,0,0,0,0,0,1,0
-0.3201625558062908,1,0.754922044929335,-0.02375548817107146,1.0617867539482457,-1.5756862740979403,0,-0.6835354165043717,0.3796721288811475,-0.9614863916702531,0.24620020465769926,-0.7991176102958749,-1.5798351886647755,-0.6780493930322936,0,-0.057267398720923963,3,1.1914379855160337,-0.9320143892374165,-1.193035630466651,-2.171981830933257,0.33809616377248186,-0.8177339465973219,-0.6154915796172451,-0.058284890797371494,-0.5952272282818631,0.037670111121429345,1.3454082392809499,1,-0.9576167396913017,0.1859722499784804,0,1,0,0,0,0,0,0,1,1,0,0,0,0,0,0,0,1,0,1,0,0,0
0.33684855220010396,0,-1.4489998379732976,-0.14714972001373974,-1.8684257522543597,1.1697805251007627,1,-0.5359158676902541,-1.0261667362455194,0.8459113011114247,-0.6608531809232983,1.5413347385472562,1.5269627326493003,-0.27759434772997477,0,-1.1505541015749308,3,0.26623257679518353,0.24198831185855807,0.6068817711170802,1.707499689688721,0.33809616377248186,0.32522751910309133,1.0410954610370433,0.5625759024789769,1.086895217551534,0.5320903195901912,0.29175360424716074,0,1.4705692166720654,-0.5468588464343528,0,0,1,0,0,0,1,0,0,0,0,0,0,1,0,0,0,0,0,0,1,0,0
-0.9771736638126857,0,0.1574584073820522,-0.5173324155417446,0.08504925188071055,1.1697805251007627,1,0.8910731041795485,0.3796721288811475,-0.05778754527941421,-1.5679065665042957,0.41647275627076635,1.2897296334374049,-1.0785044383346125,0,0.7626976284195812,3,1.1914379855160337,-0.9320143892374165,-0.678773515728442,0.9316033855643254,0.33809616377248186,-0.32789331844000197,-0.063295899399149,-0.3687152874355457,-0.3148734873096303,0.5320903195901912,1.4268252498374183,0,0.7391234708261567,-0.9465848990231709,0,1,0,1,0,0,1,0,0,0,0,0,0,0,0,1,0,0,1,1,0,0,0
0.7748559575377005,0,0.442555163888017,-0.5173324155417446,0.08504925188071055,0.2546249253678617,1,1.1863122018077836,-1.0261667362455194,-0.9614863916702531,0.24620020465769926,-0.7098765765678573,-0.8910440635240767,0.12286069757234411,0,-0.3305890744344257,3,1.1914379855160337,-0.9320143892374165,-0.5502079870438897,1.707499689688721,0.33809616377248186,-0.32789331844000197,-0.6154915796172451,-0.6791456840737199,-0.3148734873096303,1.026510528058953,-0.5494144114636211,0,-0.7430549569597763,0.32754189360368685,0,0,1,0,1,0,0,0,0,0,1,0,0,0,0,0,0,0,1,0,1,0,0
1.7603726195472926,0,-0.8812854271918545,-0.8875151110697495,0.08504925188071055,1.1697805251007627,1,-1.3232201280322142,1.7855109940078144,1.7496101475022634,-0.6608531809232983,2.144986588121776,0.7660741075703894,0.523315742874663,0,-0.8772324258614291,3,-0.6589728319256667,-0.9320143892374165,3.049626816123572,-0.6201892226844657,-1.0778621289498782,0.32522751910309133,1.0410954610370433,1.8042974890316739,1.086895217551534,-0.4567500973473325,-0.5030081877251061,0,1.7532062875335979,-0.5690658493559537,0,1,1,0,0,0,1,0,0,0,0,0,0,1,0,0,0,0,1,0,0,1,0
1.3223652142096962,0,1.7168137103581556,-0.5173324155417446,1.0617867539482457,-1.5756862740979403,1,1.4815512994360187,0.3796721288811475,-0.05778754527941421,0.24620020465769926,0.031461439329889915,1.0148315634975547,-0.27759434772997477,0,-0.3305890744344257,3,-0.6589728319256667,0.24198831185855807,1.121143885855289,-2.171981830933257,-1.0778621289498782,-0.6544537372115486,-0.6154915796172451,-0.3687152874355457,-0.5952272282818631,-1.4455905142848562,-0.7950346622979,0,0.376389845514901,-0.6229971421655562,0,1,1,0,0,0,0,0,1,0,0,0,0,0,0,0,0,1,0,0,0,1,0
0.33684855220010396,0,0.2318314742966517,-0.8875151110697495,0.08504925188071055,0.2546249253678617,1,0.10376884383758846,0.3796721288811475,-0.9614863916702531,0.24620020465769926,-0.883471635034025,-0.8809251161643276,-0.27759434772997477,0,-0.3305890744344257,3,0.26623257679518353,0.24198831185855807,-0.42164245835933756,0.1557070814399298,1.754054456494842,-0.6544537372115486,-0.8915894197262932,-0.3687152874355457,-0.5952272282818631,1.026510528058953,-0.8762970835938181,0,-1.1930826369576206,-0.1915467996887367,0,1,1,0,0,0,1,0,0,0,0,0,0,0,1,0,0,0,0,0,1,0,0
0.7748559575377005,0,1.6473988479045294,1.3335810620982798,0.08504925188071055,1.1697805251007627,1,-0.8311549653184892,0.3796721288811475,-0.9614863916702531,-0.6608531809232983,-0.6550570844206464,0.961988171729976,-0.6780493930322936,0,-0.6039107501479274,3,0.26623257679518353,-0.9320143892374165,-0.678773515728442,0.1557070814399298,-1.0778621289498782,-0.32789331844000197,-0.6154915796172451,-0.3687152874355457,-0.3148734873096303,0.037670111121429345,-0.3056050633957883,0,-0.6249686297260404,-0.46120326373674886,0,1,1,0,1,0,0,0,0,0,0,0,0,0,1,0,0,0,1,0,1,0,0
-0.42966440714069,0,-0.9234301651101275,-0.270543951856408,0.08504925188071055,1.1697805251007627,1,-0.5851223839616266,0.3796721288811475,-0.05778754527941421,-1.5679065665042957,-0.4525649293187395,0.44170562831621013,-1.0785044383346125,0,-0.3305890744344257,3,-1.584178240646517,1.4159910129545328,-0.8073390444129942,-0.6201892226844657,0.33809616377248186,-0.4911735278257753,-0.33939373950819707,-0.6791456840737199,-0.3148734873096303,-0.9511703058160944,0.3222334534523197,1,-0.25489980197314643,-0.9465848990231709,1,0,0,1,0,0,1,0,0,0,0,0,0,0,0,1,0,1,0,1,0,0,0
-0.3201625558062908,0,1.2978454334059115,-0.7641208792270812,0.08504925188071055,1.1697805251007627,1,0.743453555365431,-2.432005601372186,-0.05778754527941421,-1.5679065665042957,-0.37054816974965654,0.2217590641772194,0.12286069757234411,0,0.7626976284195812,3,1.1914379855160337,-0.9320143892374165,0.4783162424325279,-0.6201892226844657,0.33809616377248186,0.9783483566461847,1.3171933011460915,0.2521455058408027,2.2083101814404653,0.5320903195901912,-0.8265365182811412,0,-0.12755082492622732,-0.309521502709742,0,1,0,1,0,0,0,1,0,0,0,0,0,0,0,1,0,0,1,1,0,0,0
-0.7581699611438873,0,1.3771767047814845,0.8400041347276065,-1.8684257522543597,1.1697805251007627,1,1.4815512994360187,0.3796721288811475,-0.05778754527941421,0.24620020465769926,-0.255384740510167,-1.5985271330932007,2.1251359240839385,0,-0.057267398720923963,3,0.26623257679518353,1.4159910129545328,-0.9359045730975464,-0.6201892226844657,-1.0778621289498782,-0.8177339465973219,-0.8915894197262932,-0.058284890797371494,-0.5952272282818631,0.5320903195901912,1.2511087903452935,0,0.034830939840703234,4.489689416184755,0,1,0,1,1,0,0,0,0,0,0,0,0,0,0,1,0,1,0,1,0,0,0
0.5558522548689022,0,-0.13507565581537262,-0.02375548817107146,-0.8916882501868245,-1.5756862740979403,0,0.3990079414658235,0.3796721288811475,-0.9614863916702531,1.1532535902386967,-0.6012999855321024,0.3014457746352435,-0.6780493930322936,0,-0.6039107501479274,3,0.26623257679518353,-0.9320143892374165,0.09261965637887129,0.1557070814399298,0.33809616377248186,0.8150681472604113,1.3171933011460915,0.8730062991171511,1.086895217551534,0.037670111121429345,-0.849587494687635,0,-0.5175226782540613,-0.6852255569458667,1,0,1,0,0,0,1,0,0,0,1,0,0,0,0,0,0,0,1,0,1,0,0
0.7748559575377005,0,-1.039947969943,-1.0109093429124179,2.038524256015781,-1.5756862740979403,0,0.645040522822686,0.3796721288811475,-0.05778754527941421,0.24620020465769926,-0.36863586188405617,-0.707075978886416,1.7246808787816195,0,-0.8772324258614291,3,0.26623257679518353,0.24198831185855807,-0.03594587230568093,0.9316033855643254,-1.0778621289498782,-0.9810141559830953,-1.1676872598353414,-0.6791456840737199,-1.1559347102263289,-0.9511703058160944,-0.5870512080581944,0,-0.12470635277740366,1.035390111729719,1,0,0,1,0,1,0,0,0,0,0,0,0,0,0,1,0,1,0,0,1,0,0
-0.7581699611438873,0,0.4648670839623969,-0.270543951856408,0.08504925188071055,0.2546249253678617,1,-0.09305722124790157,0.3796721288811475,-0.9614863916702531,0.24620020465769926,-1.1110362710404702,-1.0064281716123267,-0.6780493930322936,0,-0.6039107501479274,3,-0.6589728319256667,1.4159910129545328,-1.3216011591512031,-0.6201892226844657,-1.0778621289498782,-0.9810141559830953,-1.1676872598353414,-0.6791456840737199,-1.1559347102263289,-0.4567500973473325,1.1454727956359516,1,-2.111633511655146,0.7522508244793061,0,0,1,0,0,0,0,0,1,0,0,0,0,0,1,0,0,0,0,1,0,0,0
2.1983800248848895,0,-0.9854077208722939,-1.0109093429124179,-0.8916882501868245,-0.6605306743650393,1,1.333931750621901,1.7855109940078144,-0.05778754527941421,0.24620020465769926,-0.3405886798552506,-1.6291650570435523,-1.0785044383346125,0,2.4026276827005915,4,-1.584178240646517,0.24198831185855807,0.2211851850634235,-0.6201892226844657,-1.0778621289498782,0.8150681472604113,1.3171933011460915,-0.058284890797371494,1.086895217551534,-1.4455905142848562,-0.7035733136328586,0,-0.08359332231910657,-0.9465848990231709,0,1,1,0,1,0,0,0,0,0,0,0,0,0,1,0,0,1,0,0,0,0,1
1.3223652142096962,0,1.7044181992057224,-0.270543951856408,1.0617867539482457,0.2546249253678617,1,-1.5200461931177043,0.3796721288811475,0.8459113011114247,-0.6608531809232983,0.8420674956927175,0.9324745752640411,0.12286069757234411,0,-0.3305890744344257,3,-0.6589728319256667,1.4159910129545328,2.2782336440162587,0.1557070814399298,0.33809616377248186,0.16194730971731802,0.7649976209279952,-0.6791456840737199,0.8065414765793012,-0.4567500973473325,-0.7366070293621123,0,1.0589373887700935,-0.6068177543226755,0,1,1,0,1,0,0,0,0,0,0,0,0,0,0,0,0,0,0,0,0,1,0
-0.3201625558062908,0,0.0657316248540461,0.7166099028849382,0.08504925188071055,-0.6605306743650393,1,0.251388392651706,0.3796721288811475,1.7496101475022634,-1.5679065665042957,2.2318903566807267,-0.3350641224800849,1.7246808787816195,0,-0.3305890744344257,3,1.1914379855160337,1.4159910129545328,0.6068817711170802,0.1557070814399298,-1.0778621289498782,1.141628566031958,1.0410954610370433,1.1834366957553253,1.3672489585237668,-0.9511703058160944,0.7104328515707717,0,1.7898547758798729,0.4524562850376924,1,0,1,0,0,0,1,0,0,0,0,0,0,1,0,0,0,0,0,1,0,0,0
-0.9771736638126857,1,1.7192928125886422,-1.0109093429124179,0.08504925188071055,-1.5756862740979403,1,1.2847252343505287,0.3796721288811475,-0.9614863916702531,0.24620020465769926,-0.7636336754564013,0.20152116945772122,0.12286069757234411,0,-0.057267398720923963,3,1.1914379855160337,0.24198831185855807,-0.8073390444129942,0.1557070814399298,1.754054456494842,-0.6544537372115486,-0.6154915796172451,-0.3687152874355457,-0.5952272282818631,0.5320903195901912,-0.2812830197358814,1,-0.8686079588075406,0.7522508244793061,1,0,0,1,0,0,0,0,1,0,0,0,0,0,0,0,1,1,0,1,0,0,0
-0.8676718124782865,1,-1.7043473677134227,0.4698214391996017,0.08504925188071055,-1.5756862740979403,0,-0.7327419327757442,0.3796721288811475,-0.05778754527941421,-0.6608531809232983,-0.15679464610588079,0.44578131544722016,0.9237707881769818,0,-1.1505541015749308,3,-1.584178240646517,-0.9320143892374165,-0.5502079870438897,0.9316033855643254,-2.4938204216722384,-0.32789331844000197,-0.33939373950819707,-0.6791456840737199,-1.1559347102263289,-2.9288511396911416,0.21705386513126898,0,0.16115824701474207,1.1769597553549254,1,0,0,1,0,0,0,0,1,0,0,0,0,0,0,1,0,0,1,1,0,0,0
-0.3201625558062908,1,-0.030953362134933278,1.827157989468953,1.0617867539482457,-1.5756862740979403,0,-1.2740136117608418,-1.0261667362455194,-0.05778754527941421,-0.6608531809232983,-0.40454475402699663,-0.9132495313413038,-1.0785044383346125,1,2.1293060069870897,4,0.26623257679518353,-0.9320143892374165,0.6068817711170802,-0.6201892226844657,1.754054456494842,1.3049087754177313,1.3171933011460915,2.4251582823080224,1.6476026994959998,-0.4567500973473325,-0.8880201025188792,0,-0.17903745637308335,-0.9465848990231709,0,1,0,1,0,0,1,0,0,0,0,0,0,0,0,1,0,0,1,1,0,0,0
-0.2106607044718917,0,-0.3532366520981979,-0.270543951856408,-1.8684257522543597,1.1697805251007627,1,0.4974209740085685,0.3796721288811475,-0.9614863916702531,0.24620020465769926,-0.8709353945817558,0.2640618857783927,-0.6780493930322936,0,-0.6039107501479274,3,-1.584178240646517,0.24198831185855807,-1.3216011591512031,0.1557070814399298,0.33809616377248186,-0.9810141559830953,-1.1676872598353414,-0.6791456840737199,-1.1559347102263289,0.037670111121429345,3.474617654593148,1,-1.155672663502548,0.7522508244793061,0,1,0,1,1,0,0,0,0,0,0,0,0,0,0,0,1,1,0,1,0,0,0
-1.4151810691502822,1,-1.0449061744039736,-0.02375548817107146,0.08504925188071055,-0.6605306743650393,1,1.137105685536411,0.3796721288811475,-0.9614863916702531,-1.5679065665042957,-0.7077517900505235,0.3773378798333617,-0.27759434772997477,1,-1.1505541015749308,3,0.26623257679518353,-0.9320143892374165,-0.9359045730975464,-0.6201892226844657,-1.0778621289498782,-1.1442943653688686,-1.1676872598353414,-0.6791456840737199,-1.1559347102263289,-1.4455905142848562,0.1540403379736407,1,-0.7383011940899137,0.4124836797788108,1,0,1,0,0,0,1,0,0,0,1,0,0,0,0,0,0,0,1,0,0,0,0
-1.4151810691502822,0,0.06821072708453275,0.4698214391996017,-0.8916882501868245,1.1697805251007627,0,0.5958340065513135,0.3796721288811475,-0.9614863916702531,-0.6608531809232983,-0.9497649743748382,-1.0133146774543782,-0.6780493930322936,0,-0.6039107501479274,3,0.26623257679518353,0.24198831185855807,-1.3216011591512031,-0.6201892226844657,0.33809616377248186,-0.9810141559830953,-1.1676872598353414,-0.6791456840737199,-1.1559347102263289,0.5320903195901912,2.7099161124045463,1,-1.408029394450006,0.7522508244793061,0,0,0,1,1,0,0,0,0,0,0,0,0,0,0,0,1,1,0,0,0,0,0
0.7748559575377005,0,0.968124836751187,-0.8875151110697495,-1.8684257522543597,-0.6605306743650393,1,0.9894861367222936,0.3796721288811475,0.8459113011114247,0.24620020465769926,0.78746048219724,0.7597497654705462,0.9237707881769818,1,0.7626976284195812,3,-0.6589728319256667,-0.9320143892374165,0.6068817711170802,-0.6201892226844657,-1.0778621289498782,-0.8177339465973219,-0.6154915796172451,-0.058284890797371494,-0.5952272282818631,-0.9511703058160944,-0.1653153094464306,0,1.0215069267726984,0.052730232448874446,1,0,1,0,0,0,1,0,0,0,0,0,1,0,0,0,0,0,1,0,1,0,0
-0.8676718124782865,0,1.0995172549669796,1.2101868302556114,0.08504925188071055,0.2546249253678617,1,0.5466274902799411,-1.0261667362455194,-0.05778754527941421,0.24620020465769926,0.4498319045929063,1.3272540632298078,-0.6780493930322936,0,-0.3305890744344257,3,0.26623257679518353,1.4159910129545328,-0.16451140099023315,0.1557070814399298,0.33809616377248186,0.48850772848886465,0.7649976209279952,-0.6791456840737199,-0.0345197463373974,0.5320903195901912,0.2962624576798766,0,0.7667968983020813,-0.637705676568175,0,1,0,1,1,0,0,0,0,0,0,0,0,0,0,1,0,0,0,1,0,0,0
-0.7581699611438873,0,-1.1713403881587927,-1.0109093429124179,0.08504925188071055,0.2546249253678617,1,-0.9787745141326066,0.3796721288811475,-0.9614863916702531,0.24620020465769926,-0.9431781361711036,0.15668861101661066,-1.0785044383346125,0,1.5826626555600865,4,-1.584178240646517,0.24198831185855807,-0.678773515728442,0.1557070814399298,1.754054456494842,-0.32789331844000197,-0.33939373950819707,-0.3687152874355457,-0.3148734873096303,0.037670111121429345,-0.7714340351872275,1,-1.3852459579589216,-0.9465848990231709,0,1,0,0,1,0,0,0,0,1,0,0,0,0,0,0,0,0,0,1,0,0,0
1.979376322216091,0,1.0573725170487065,-0.6407266473844129,1.0617867539482457,1.1697805251007627,1,-1.7660787744745667,0.3796721288811475,-0.05778754527941421,0.24620020465769926,-0.5243827136046204,0.25717537993634126,-1.0785044383346125,1,0.21605427699257776,3,-0.6589728319256667,-0.9320143892374165,-0.9359045730975464,-0.6201892226844657,0.33809616377248186,-0.6544537372115486,-0.6154915796172451,-0.3687152874355457,-0.5952272282818631,0.5320903195901912,0.5987421108232116,0,-0.3760079372213065,-0.9465848990231709,0,1,1,0,1,0,0,0,0,0,0,0,0,0,0,0,0,1,0,0,0,1,0
-0.42966440714069,0,0.7350892270854419,-0.6407266473844129,1.0617867539482457,-1.5756862740979403,0,0.7926600716368035,-1.0261667362455194,-0.9614863916702531,-0.6608531809232983,-0.5662410079960954,-0.8602655986381732,2.1251359240839385,0,-1.1505541015749308,3,1.1914379855160337,-0.9320143892374165,-0.42164245835933756,1.707499689688721,0.33809616377248186,-0.32789331844000197,-0.063295899399149,-0.6791456840737199,-0.5952272282818631,-0.4567500973473325,-0.49162747359126346,1,-0.45136636874821195,2.0735674983145658,0,1,1,0,0,0,1,0,0,0,1,0,0,0,0,0,0,1,0,1,0,0,0
1.103361511540898,0,-0.5738767506115098,0.59321567104227,0.08504925188071055,0.2546249253678617,0,0.5958340065513135,0.3796721288811475,-0.05778754527941421,0.24620020465769926,-0.40624458324086365,1.3895136976793752,0.12286069757234411,1,0.4893759527060795,3,0.26623257679518353,0.24198831185855807,-0.03594587230568093,0.9316033855643254,-1.0778621289498782,-0.32789331844000197,-0.063295899399149,-0.3687152874355457,-0.5952272282818631,0.037670111121429345,-0.6202176312307949,0,-0.1816585938360893,-0.09716703727193238,0,1,0,1,0,0,1,0,0,0,0,0,0,0,0,1,0,1,0,0,0,1,0
-0.9771736638126857,1,-1.2729835796087454,-0.8875151110697495,-0.8916882501868245,0.2546249253678617,1,-1.3724266443035866,-1.0261667362455194,-0.9614863916702531,-1.5679065665042957,-0.8375762462596159,-1.258980232799398,1.7246808787816195,0,-1.1505541015749308,3,0.26623257679518353,-0.9320143892374165,-0.42164245835933756,-0.6201892226844657,-1.0778621289498782,-1.1442943653688686,-1.1676872598353414,-0.6791456840737199,-1.1559347102263289,-0.9511703058160944,-0.8206449497957258,1,-1.060428049410731,1.6960484486473488,1,0,1,0,0,0,1,0,0,0,1,0,0,0,0,0,0,0,1,1,0,0,0
-0.9771736638126857,0,1.5383183497631168,-1.0109093429124179,0.08504925188071055,-1.5756862740979403,1,0.3005949089230785,-1.0261667362455194,-0.9614863916702531,0.24620020465769926,-1.0496299406895246,-0.25059902021329034,-0.6780493930322936,0,-0.3305890744344257,3,1.1914379855160337,0.24198831185855807,-1.3216011591512031,-0.6201892226844657,-2.4938204216722384,-0.9810141559830953,-1.1676872598353414,-0.6791456840737199,-1.1559347102263289,-0.9511703058160944,1.7411567462896063,1,-1.8038376613143872,0.7522508244793061,0,1,1,0,1,0,0,0,0,0,0,0,0,0,1,0,0,0,0,1,0,0,0
-0.9771736638126857,0,-0.8317033825821215,-0.270543951856408,0.08504925188071055,0.2546249253678617,1,-0.5359158676902541,0.3796721288811475,-0.05778754527941421,-1.5679065665042957,-0.34101363715871735,-0.34939929790639607,-1.0785044383346125,0,-0.3305890744344257,3,1.1914379855160337,-0.9320143892374165,-0.8073390444129942,1.707499689688721,0.33809616377248186,-0.4911735278257753,-0.6154915796172451,-0.3687152874355457,-0.3148734873096303,0.037670111121429345,0.5386584182226786,1,-0.08420794386266142,-0.9465848990231709,1,0,0,1,1,0,0,0,0,0,0,0,0,0,0,1,0,0,1,1,0,0,0
1.3223652142096962,0,-1.3176074197575052,-0.7641208792270812,-0.8916882501868245,0.2546249253678617,0,-1.1263940629467242,-1.0261667362455194,-0.05778754527941421,-1.5679065665042957,-0.36417381019765527,1.2307024405055353,0.523315742874663,0,2.675949358414093,4,-1.584178240646517,0.24198831185855807,-0.16451140099023315,0.1557070814399298,0.33809616377248186,-0.6544537372115486,-0.6154915796172451,-0.3687152874355457,-0.5952272282818631,-1.4455905142848562,-0.4933794852108331,0,-0.11809007667938393,0.2889319907968124,0,1,1,0,0,0,1,0,0,0,1,0,0,0,0,0,0,1,0,0,0,1,0
-0.8676718124782865,0,-0.9730122097198606,-0.8875151110697495,-1.8684257522543597,1.1697805251007627,0,1.5307578157073911,0.3796721288811475,-0.9614863916702531,-0.6608531809232983,-0.7060519608366564,-1.3555318555236704,-1.0785044383346125,0,-0.6039107501479274,3,0.26623257679518353,2.5899937140505074,-0.9359045730975464,0.1557070814399298,0.33809616377248186,-0.6544537372115486,-0.6154915796172451,-0.6791456840737199,-0.5952272282818631,0.5320903195901912,0.15816271825498088,1,-0.7345089617321211,-0.9465848990231709,1,0,1,0,1,0,0,0,0,0,1,0,0,0,0,0,0,1,0,1,0,0,0
-0.9771736638126857,0,0.6954235913976554,2.4441291486822943,-1.8684257522543597,0.2546249253678617,1,1.4815512994360187,-2.432005601372186,-0.05778754527941421,-0.6608531809232983,0.009788616853085616,-1.5656405541740162,-0.6780493930322936,0,-0.3305890744344257,3,-0.6589728319256667,1.4159910129545328,-0.42164245835933756,-0.6201892226844657,-1.0778621289498782,0.16194730971731802,0.48889978081894714,-0.3687152874355457,0.8065414765793012,-0.9511703058160944,0.20685833532831163,0,0.3531223254456092,-0.5690658493559537,0,1,1,0,1,0,0,0,0,0,0,0,1,0,0,0,0,1,0,1,0,0,0
-0.42966440714069,0,-0.7102273732882756,-0.14714972001373974,2.038524256015781,1.1697805251007627,1,0.15297536010896096,0.3796721288811475,-0.05778754527941421,0.24620020465769926,-0.024420446075987843,1.087210145306871,-0.27759434772997477,1,0.4893759527060795,3,-1.584178240646517,-0.9320143892374165,0.34975071374797573,2.4833959938131165,0.33809616377248186,-1.1442943653688686,-1.1676872598353414,-0.6791456840737199,-1.1559347102263289,0.037670111121429345,-0.5399918279634152,0,0.31564833580484053,-0.4935620394225103,0,1,1,0,1,0,0,0,0,0,0,0,0,0,0,0,0,0,1,1,0,0,0
-0.5391662584750891,0,-0.7622885201284952,0.09963874367159682,0.08504925188071055,0.2546249253678617,1,-0.09305722124790157,0.3796721288811475,0.8459113011114247,1.1532535902386967,1.0073758867412836,0.9499016512724979,-0.27759434772997477,0,2.675949358414093,4,-0.6589728319256667,-0.9320143892374165,-0.16451140099023315,1.707499689688721,1.754054456494842,-0.32789331844000197,-0.6154915796172451,-0.6791456840737199,-1.1559347102263289,1.026510528058953,0.837118750591707,0,1.1668869793187608,-0.32882645411317923,0,1,1,0,0,0,1,0,0,0,0,1,0,0,0,0,0,0,1,1,0,0,0
1.869874470881692,0,0.6136132177915959,0.2230329755142651,1.0617867539482457,-0.6605306743650393,0,1.038692652993666,0.3796721288811475,1.7496101475022634,1.1532535902386967,2.0247236712406855,1.4254921771807052,0.12286069757234411,0,1.3093409798465847,4,-1.584178240646517,0.24198831185855807,1.8925370579626022,-0.6201892226844657,0.33809616377248186,1.141628566031958,1.3171933011460915,-0.3687152874355457,2.2083101814404653,-0.4567500973473325,-0.20952189222301348,0,1.7009717044298156,-0.5690658493559537,1,0,1,0,0,0,1,0,0,0,0,1,0,0,0,0,0,0,0,0,0,1,0
-0.8676718124782865,1,-1.4341252245903777,-1.0109093429124179,1.0617867539482457,-1.5756862740979403,1,1.6783773645215088,-1.0261667362455194,-0.9614863916702531,-1.5679065665042957,-0.8798594979545576,-0.9479631424226653,1.3242258334793007,0,-0.6039107501479274,3,0.26623257679518353,-0.9320143892374165,-0.03594587230568093,-0.6201892226844657,-2.4938204216722384,0.32522751910309133,0.7649976209279952,-0.6791456840737199,0.8065414765793012,-2.43443093122238,-1.0378897060993058,0,-1.1822078233044906,0.7522508244793061,0,1,1,0,0,0,0,0,1,0,0,0,0,0,1,0,0,0,1,1,0,0,0
0.7748559575377005,0,-1.652286220873203,2.320734916839626,0.08504925188071055,1.1697805251007627,1,-1.6676657419318217,0.3796721288811475,1.7496101475022634,-1.5679065665042957,2.0876173521537646,1.0907236686956727,0.12286069757234411,0,-0.6039107501479274,3,0.26623257679518353,0.24198831185855807,1.6354060005934978,-1.3960855268088614,1.754054456494842,2.1213098223465976,0.48889978081894714,3.666879868860719,3.6100788863016295,0.5320903195901912,-0.07818708454185548,0,1.72851465884437,-0.5388643253825763,0,1,1,0,1,0,0,0,0,0,0,0,0,1,0,0,0,1,0,0,1,0,0
0.22734670086570485,0,0.7102982047805754,-0.3939381836990763,0.08504925188071055,-0.6605306743650393,0,-1.6676657419318217,0.3796721288811475,0.8459113011114247,-0.6608531809232983,0.3979871135699627,-0.7256273823792895,0.523315742874663,0,0.7626976284195812,3,1.1914379855160337,-0.9320143892374165,-0.2930769296747854,0.1557070814399298,0.33809616377248186,-0.8177339465973219,-1.1676872598353414,-0.058284890797371494,-0.5952272282818631,0.037670111121429345,0.437797514005889,0,0.7235666076384654,0.4124836797788108,0,1,1,0,1,0,0,0,0,0,0,0,1,0,0,0,0,0,1,0,1,0,0
0.9938596602064987,0,-1.4242088156684312,-0.7641208792270812,0.08504925188071055,0.2546249253678617,0,-0.7327419327757442,0.3796721288811475,1.7496101475022634,-0.6608531809232983,2.1466864173356432,-0.4122210960981717,2.1251359240839385,0,-0.8772324258614291,3,1.1914379855160337,0.24198831185855807,1.5068404719089457,-0.6201892226844657,1.754054456494842,0.9783483566461847,2.1454868214732357,0.8730062991171511,-0.8755809692540959,1.026510528058953,0.007695837986064654,0,1.7539317497570202,0.1859722499784804,0,1,0,1,1,0,0,0,0,0,0,1,0,0,0,0,0,1,0,0,0,1,0
-0.2106607044718917,0,0.5615520709513763,0.8400041347276065,0.08504925188071055,1.1697805251007627,0,1.235518718079156,-1.0261667362455194,0.8459113011114247,-0.6608531809232983,0.44685720346863905,0.9671881863454026,-0.6780493930322936,0,1.036019304133083,3,1.1914379855160337,-0.9320143892374165,-0.03594587230568093,0.1557070814399298,-2.4938204216722384,0.651787937874638,1.0410954610370433,0.2521455058408027,-0.3148734873096303,0.037670111121429345,0.13211677011378617,0,0.7643497578236165,-0.6634456117727581,0,1,1,0,1,0,0,0,0,0,0,0,0,0,0,0,0,0,1,1,0,0,0
-1.5246829204846812,0,-0.7325392933626554,1.3335810620982798,-1.8684257522543597,-1.5756862740979403,1,1.5307578157073911,0.3796721288811475,-0.05778754527941421,0.24620020465769926,-0.8989825766105615,1.4755247502372424,-1.0785044383346125,0,-0.3305890744344257,3,-0.6589728319256667,-0.9320143892374165,-0.8073390444129942,-0.6201892226844657,0.33809616377248186,-0.4911735278257753,-0.33939373950819707,-0.3687152874355457,-0.5952272282818631,-0.9511703058160944,-0.5438786436572501,1,-1.240694414077874,-0.9465848990231709,0,1,1,0,1,0,0,0,0,0,1,0,0,0,0,0,0,0,1,0,0,0,0
0.33684855220010396,1,-0.31357101641041146,-0.02375548817107146,1.0617867539482457,1.1697805251007627,1,0.9894861367222936,0.3796721288811475,-0.9614863916702531,-1.5679065665042957,-0.9529521541508388,1.0565722213565196,0.12286069757234411,0,-0.3305890744344257,3,-0.6589728319256667,-0.9320143892374165,0.4783162424325279,0.1557070814399298,-2.4938204216722384,-0.32789331844000197,-0.063295899399149,-0.3687152874355457,-1.1559347102263289,-1.4455905142848562,-1.2031846633195882,0,-1.4191786588090327,-0.309521502709742,0,1,1,0,1,0,0,0,0,0,1,0,0,0,0,0,0,0,1,0,1,0,0
-0.3201625558062908,0,0.4177641415831505,-1.0109093429124179,0.08504925188071055,1.1697805251007627,1,-0.09305722124790157,-1.0261667362455194,0.8459113011114247,0.24620020465769926,0.12325221687870815,-0.28460992661689144,-0.6780493930322936,1,-0.3305890744344257,3,1.1914379855160337,-0.9320143892374165,-0.16451140099023315,0.1557070814399298,0.33809616377248186,0.48850772848886465,1.3171933011460915,1.8042974890316739,0.5261877356070683,1.520930736527715,-0.020542466941115604,0,0.4711324257949528,-0.637705676568175,0,1,0,1,0,0,0,0,1,0,0,0,0,0,0,1,0,1,0,1,0,0,0
-0.6486681098094882,1,-0.5986677729163763,-0.7641208792270812,0.08504925188071055,1.1697805251007627,0,-1.6184592256604493,0.3796721288811475,-0.9614863916702531,0.24620020465769926,-0.513971259669685,-1.4274888145263307,-0.6780493930322936,0,-0.8772324258614291,3,-1.584178240646517,-0.9320143892374165,-0.5502079870438897,-0.6201892226844657,-2.4938204216722384,-0.0013328996684553085,-0.6154915796172451,1.4938670923934996,0.8065414765793012,-0.9511703058160944,-0.27792622436393283,1,-0.35783546456729587,-0.5218759681475515,1,0,1,0,1,0,0,0,0,0,0,0,0,0,1,0,0,0,1,1,0,0,0
1.4318670655440953,0,-1.1639030814673328,1.5803695257836163,2.038524256015781,0.2546249253678617,1,1.0878991692650386,-2.432005601372186,1.7496101475022634,1.1532535902386967,1.680295776780884,1.424648931567393,-0.6780493930322936,1,-0.6039107501479274,3,1.1914379855160337,-0.9320143892374165,2.6639302300699153,-0.6201892226844657,0.33809616377248186,4.080672334975878,0.48889978081894714,3.3564494722225446,1.3672489585237668,1.520930736527715,-0.5522393461653432,0,1.540491403900462,-0.8436251582048389,1,0,1,0,0,0,1,0,0,0,0,0,0,1,0,0,0,0,1,0,0,1,0
-0.3201625558062908,0,1.5804630876813899,-0.270543951856408,-0.8916882501868245,-0.6605306743650393,1,-0.5359158676902541,0.3796721288811475,-0.9614863916702531,0.24620020465769926,-0.89133334514816,-1.316742557311299,-1.0785044383346125,1,2.675949358414093,4,-0.6589728319256667,0.24198831185855807,0.09261965637887129,0.9316033855643254,0.33809616377248186,0.651787937874638,1.5932911412551394,0.8730062991171511,0.8065414765793012,-0.4567500973473325,-1.084047873188857,0,-1.2170264348471218,-0.9465848990231709,0,1,0,1,0,0,0,0,1,0,0,0,0,0,0,0,1,1,0,1,0,0,0
0.5558522548689022,0,1.01026957466946,-0.8875151110697495,0.08504925188071055,0.2546249253678617,1,0.10376884383758846,-1.0261667362455194,-0.9614863916702531,-0.6608531809232983,-0.35312492030751974,1.3687136392176686,0.523315742874663,0,-0.3305890744344257,3,-0.6589728319256667,0.24198831185855807,-0.9359045730975464,0.1557070814399298,0.33809616377248186,-0.9810141559830953,-1.1676872598353414,-0.6791456840737199,-1.1559347102263289,-0.4567500973473325,1.0140719241682337,0,-0.10183097713549102,1.7715522585807923,0,1,1,0,0,0,1,0,0,0,1,0,0,0,0,0,0,1,0,0,1,0,0
0.008342998196906572,0,-0.3185292208713848,0.4698214391996017,0.08504925188071055,-1.5756862740979403,1,-0.9295679978612341,0.3796721288811475,-0.05778754527941421,1.1532535902386967,-0.47126305067127655,-1.5855973670224104,-0.6780493930322936,0,0.4893759527060795,3,-1.584178240646517,-0.9320143892374165,-0.16451140099023315,-0.6201892226844657,0.33809616377248186,0.48850772848886465,1.0410954610370433,0.2521455058408027,0.8065414765793012,-0.9511703058160944,-0.5972634683006053,0,-0.28550500458605094,-0.637705676568175,0,1,1,0,0,0,1,0,0,0,0,0,0,0,1,0,0,1,0,0,1,0,0
-0.8676718124782865,0,-0.8961600405747744,-0.14714972001373974,-1.8684257522543597,0.2546249253678617,0,-1.3232201280322142,-2.432005601372186,-0.05778754527941421,-1.5679065665042957,0.6824960282409525,-0.9873146043772452,0.12286069757234411,0,-0.6039107501479274,3,0.26623257679518353,0.24198831185855807,-0.2930769296747854,0.1557070814399298,0.33809616377248186,-0.0013328996684553085,0.7649976209279952,-0.6791456840737199,0.8065414765793012,-0.4567500973473325,0.7444568027122493,0,0.9468354661293599,0.07271653507831528,0,1,1,0,0,0,0,1,0,0,0,0,0,0,0,0,0,1,0,1,0,0,0
-0.42966440714069,0,-0.5639603416895632,1.950552221311621,0.08504925188071055,1.1697805251007627,1,-1.0771875466753518,-1.0261667362455194,-0.05778754527941421,-0.6608531809232983,-0.4638262978606084,1.3827677327728758,-0.6780493930322936,0,-0.6039107501479274,3,1.1914379855160337,-0.9320143892374165,-0.8073390444129942,-0.6201892226844657,0.33809616377248186,-0.32789331844000197,-0.33939373950819707,-0.6791456840737199,-0.5952272282818631,1.026510528058953,0.30038483796121673,1,-0.27325786191685986,-0.38030632452234525,0,1,1,0,1,0,0,0,0,0,0,0,1,0,0,0,0,0,1,1,0,0,0
0.8843578088720997,0,0.3657029947429309,2.320734916839626,0.08504925188071055,1.1697805251007627,1,1.5307578157073911,0.3796721288811475,-0.9614863916702531,1.1532535902386967,-0.928729587853234,-1.3671967531744924,0.523315742874663,0,1.3093409798465847,4,1.1914379855160337,0.24198831185855807,-0.42164245835933756,0.1557070814399298,0.33809616377248186,-0.32789331844000197,-0.063295899399149,-0.6791456840737199,-0.3148734873096303,2.015350944996477,-0.9311762710891591,0,-1.3364451885024302,0.5634912996456974,0,1,1,0,0,0,0,0,1,0,0,0,0,0,1,0,0,1,0,0,1,0,0
0.5558522548689022,0,-1.275462681839232,-0.8875151110697495,0.08504925188071055,1.1697805251007627,1,-1.2740136117608418,0.3796721288811475,0.8459113011114247,1.1532535902386967,0.7693997967999031,0.6040304088788518,-0.27759434772997477,1,-0.3305890744344257,3,0.26623257679518353,0.24198831185855807,1.6354060005934978,0.1557070814399298,-2.4938204216722384,2.1213098223465976,1.0410954610370433,3.3564494722225446,1.3672489585237668,0.5320903195901912,-0.6110047359050726,0,1.008919550713208,-0.6747711832627745,1,0,1,0,1,0,0,0,0,0,0,0,0,0,0,0,0,1,0,0,1,0,0
0.33684855220010396,0,1.337511069093698,-0.02375548817107146,-0.8916882501868245,-1.5756862740979403,1,-0.9295679978612341,0.3796721288811475,-0.05778754527941421,-1.5679065665042957,-0.21883841241202642,0.7071874555740717,-1.0785044383346125,0,-0.8772324258614291,3,1.1914379855160337,-0.9320143892374165,-0.2930769296747854,1.707499689688721,1.754054456494842,0.16194730971731802,-0.063295899399149,1.4938670923934996,-0.8755809692540959,-0.4567500973473325,-0.22705081692358398,0,0.08290420128214196,-0.9465848990231709,0,1,0,1,0,0,1,0,0,0,0,0,0,0,0,1,0,1,0,0,1,0,0
-0.42966440714069,0,-0.5292529104627501,2.320734916839626,1.0617867539482457,-0.6605306743650393,1,0.645040522822686,0.3796721288811475,-0.05778754527941421,0.24620020465769926,-0.2753577337731043,1.2136969873037347,-0.6780493930322936,1,-0.8772324258614291,3,-0.6589728319256667,0.24198831185855807,0.4783162424325279,0.1557070814399298,0.33809616377248186,1.3049087754177313,2.6976825016913315,0.8730062991171511,0.8065414765793012,-0.4567500973473325,-0.764975639413128,0,0.007894847834506735,-0.7342304335853612,0,1,1,0,1,0,0,0,0,0,1,0,0,0,0,0,0,1,0,1,0,0,0
0.33684855220010396,0,0.23678967875762502,-0.3939381836990763,-0.8916882501868245,0.2546249253678617,1,-1.3724266443035866,0.3796721288811475,1.7496101475022634,1.1532535902386967,2.110777525192703,0.4311650581498048,-0.6780493930322936,1,1.5826626555600865,4,1.1914379855160337,-0.9320143892374165,1.2497094145398413,-0.6201892226844657,0.33809616377248186,2.284590031732371,0.7649976209279952,1.4938670923934996,0.8065414765793012,1.520930736527715,0.13283952509817687,0,1.7385315542772952,-0.7921452877956728,0,1,0,0,0,0,1,0,0,0,0,1,0,0,0,0,0,0,1,0,1,0,0
-1.4151810691502822,0,-1.1217583435490597,1.456975293940948,-0.8916882501868245,0.2546249253678617,1,-0.4375028351475091,-1.0261667362455194,-0.9614863916702531,-1.5679065665042957,-0.8938830889689604,-0.6011081134801548,-1.0785044383346125,0,-0.3305890744344257,3,-0.6589728319256667,2.5899937140505074,-1.193035630466651,0.1557070814399298,0.33809616377248186,-0.9810141559830953,-0.8915894197262932,-0.6791456840737199,-1.1559347102263289,-0.9511703058160944,0.8857628379115209,1,-1.2248744914549374,-0.9465848990231709,0,1,1,0,0,0,0,0,1,0,1,0,0,0,0,0,0,0,0,0,0,0,0
0.33684855220010396,0,0.8416906229963679,-0.14714972001373974,-0.8916882501868245,1.1697805251007627,1,0.3005949089230785,0.3796721288811475,-0.05778754527941421,1.1532535902386967,-0.5171584394456856,-0.7690545314648793,0.12286069757234411,1,0.7626976284195812,3,0.26623257679518353,-0.9320143892374165,-0.42164245835933756,-0.6201892226844657,0.33809616377248186,-0.8177339465973219,-0.6154915796172451,-0.058284890797371494,-0.5952272282818631,1.520930736527715,-0.4321106082794148,0,-0.36337520631404796,0.1859722499784804,0,0,1,0,1,0,0,0,0,0,0,0,0,0,0,0,0,0,0,0,1,0,0
0.8843578088720997,0,-0.6556871242175693,-1.0109093429124179,1.0617867539482457,-1.5756862740979403,1,0.005355811294843447,0.3796721288811475,0.8459113011114247,-0.6608531809232983,0.19931957419925658,0.9303664612307601,-0.6780493930322936,0,-0.8772324258614291,3,-1.584178240646517,2.5899937140505074,-0.16451140099023315,0.9316033855643254,0.33809616377248186,0.48850772848886465,1.0410954610370433,1.4938670923934996,0.8065414765793012,-1.940010722753618,0.05324814009487358,0,0.5453659324247012,-0.637705676568175,0,1,1,0,0,0,0,0,1,0,0,0,0,0,0,0,0,0,0,0,1,0,0
-0.2106607044718917,0,1.486257202922897,2.320734916839626,1.0617867539482457,-0.6605306743650393,0,1.5799643319787637,-1.0261667362455194,-0.9614863916702531,0.24620020465769926,-0.8654109496366881,1.671157732525725,-1.0785044383346125,0,2.1293060069870897,4,-1.584178240646517,1.4159910129545328,-0.678773515728442,1.707499689688721,0.33809616377248186,-0.32789331844000197,-0.33939373950819707,0.5625759024789769,-0.5952272282818631,-0.9511703058160944,-0.6457014366063524,1,-1.1394774714599236,-0.9465848990231709,0,1,0,1,1,0,0,0,0,0,0,0,0,0,0,0,1,1,0,1,0,0,0
-0.5391662584750891,0,0.05333611370161285,-0.5173324155417446,-0.8916882501868245,1.1697805251007627,0,0.05456232756621595,-1.0261667362455194,-0.05778754527941421,-0.6608531809232983,-0.13278455846000936,0.18423463438481652,0.12286069757234411,0,-0.8772324258614291,3,-1.584178240646517,0.24198831185855807,0.09261965637887129,-0.6201892226844657,0.33809616377248186,-0.0013328996684553085,-0.8915894197262932,-0.058284890797371494,0.24583399463483546,-0.4567500973473325,-0.4708438063395068,0,0.19038243111366043,-0.16250687279125836,0,1,1,0,1,0,0,0,0,0,0,0,0,0,1,0,0,1,0,1,0,0,0
-0.10115885313749257,0,0.8788771564536676,-0.8875151110697495,1.0617867539482457,0.2546249253678617,1,0.20218187638033347,0.3796721288811475,-0.9614863916702531,1.1532535902386967,-0.8199405181657458,0.37775950264001795,0.12286069757234411,1,1.5826626555600865,4,1.1914379855160337,-0.9320143892374165,-0.5502079870438897,0.1557070814399298,-1.0778621289498782,-0.6544537372115486,-0.6154915796172451,-0.3687152874355457,-0.5952272282818631,1.026510528058953,-0.7019424818732075,0,-1.0124094613410695,0.32754189360368685,0,1,0,1,1,0,0,0,0,0,0,0,0,0,0,0,1,0,1,0,1,0,0
1.2128633628752972,0,-0.7697258268199553,0.8400041347276065,1.0617867539482457,0.2546249253678617,0,1.4815512994360187,0.3796721288811475,-0.05778754527941421,0.24620020465769926,-0.013584034837585692,-0.08714991216623207,2.1251359240839385,0,-0.3305890744344257,3,0.26623257679518353,0.24198831185855807,0.8640128284861845,-0.6201892226844657,0.33809616377248186,0.16194730971731802,0.7649976209279952,1.4938670923934996,0.8065414765793012,0.5320903195901912,-0.7431499260346991,0,0.3276202220687634,0.48401360497891494,0,1,0,1,1,0,0,0,0,0,0,0,0,0,0,1,0,0,0,0,0,1,0
-0.8676718124782865,0,-0.5069409903883703,-0.02375548817107146,0.08504925188071055,0.2546249253678617,1,1.235518718079156,1.7855109940078144,-0.9614863916702531,0.24620020465769926,-0.8609488979502873,1.1331670312323983,1.3242258334793007,0,0.7626976284195812,3,-1.584178240646517,1.4159910129545328,-0.8073390444129942,-0.6201892226844657,-1.0778621289498782,-0.9810141559830953,-1.1676872598353414,-0.6791456840737199,-1.1559347102263289,-0.9511703058160944,-0.4700880366212611,1,-1.126522741064973,2.451086547981783,0,1,1,0,1,0,0,0,0,0,0,0,0,0,1,0,0,1,0,1,0,0,0
-0.42966440714069,0,1.0896008460450328,-0.14714972001373974,1.0617867539482457,-1.5756862740979403,1,-0.9787745141326066,0.3796721288811475,-0.05778754527941421,-1.5679065665042957,-0.02357053146905434,-0.5233889761198597,-0.27759434772997477,0,-0.6039107501479274,3,1.1914379855160337,0.24198831185855807,-0.42164245835933756,2.4833959938131165,-2.4938204216722384,-0.8177339465973219,-0.6154915796172451,-0.058284890797371494,-0.5952272282818631,-1.940010722753618,0.16640747881766121,0,0.31659075552264115,-0.1915467996887367,0,1,0,1,1,0,0,0,0,0,0,0,0,0,0,1,0,1,0,1,0,0,0
-0.7581699611438873,1,-0.15490847365926583,-1.0109093429124179,0.08504925188071055,-0.6605306743650393,1,-0.09305722124790157,-1.0261667362455194,-0.05778754527941421,-1.5679065665042957,0.6822835495892191,-1.2634775427370641,-0.6780493930322936,0,-1.1505541015749308,3,1.1914379855160337,0.24198831185855807,-0.16451140099023315,0.9316033855643254,0.33809616377248186,0.48850772848886465,1.0410954610370433,1.1834366957553253,0.8065414765793012,-0.4567500973473325,0.5217566590691838,0,0.9466804900161927,-0.637705676568175,0,1,0,1,1,0,0,0,0,0,0,0,0,0,0,1,0,1,0,1,0,0,0
0.11784484953130571,0,0.2119986564527585,0.09963874367159682,1.0617867539482457,0.2546249253678617,1,0.251388392651706,0.3796721288811475,-0.05778754527941421,0.24620020465769926,-0.09050130676506762,0.07039647658763923,0.12286069757234411,0,-1.1505541015749308,3,0.26623257679518353,-0.9320143892374165,-0.16451140099023315,-0.6201892226844657,0.33809616377248186,-0.16461310905422863,-0.33939373950819707,-0.3687152874355457,-0.5952272282818631,0.5320903195901912,-0.22789819509252598,0,0.240507943468951,-0.019947231658183493,1,0,0,0,0,0,0,0,0,1,0,0,0,0,0,0,0,1,0,0,1,0,0
-0.2106607044718917,0,0.4698252884233702,-1.0109093429124179,0.08504925188071055,1.1697805251007627,1,0.10376884383758846,-1.0261667362455194,-0.9614863916702531,-1.5679065665042957,-0.8611613766020206,1.0425181278013125,-0.6780493930322936,0,1.036019304133083,3,-0.6589728319256667,-0.9320143892374165,-1.0644701017820986,0.1557070814399298,0.33809616377248186,-0.6544537372115486,-1.1676872598353414,-0.3687152874355457,-0.5952272282818631,-0.4567500973473325,0.2028218379694993,1,-1.1271371117937703,-0.09716703727193238,0,1,1,0,0,0,1,0,0,0,1,0,0,0,0,0,0,0,1,1,0,0,0
-0.7581699611438873,0,1.203639548647419,2.4441291486822943,1.0617867539482457,0.2546249253678617,1,-1.6184592256604493,0.3796721288811475,0.8459113011114247,-0.6608531809232983,0.5836934551849329,0.4899111692105704,0.12286069757234411,0,-0.8772324258614291,3,-0.6589728319256667,0.24198831185855807,-0.2930769296747854,0.1557070814399298,0.33809616377248186,-0.4911735278257753,-0.6154915796172451,-0.3687152874355457,-0.3148734873096303,-0.4567500973473325,0.6379619787776286,0,0.8729936499639654,0.07271653507831528,0,1,0,1,0,0,0,0,1,0,0,0,0,0,0,1,0,1,0,1,0,0,0
-0.2106607044718917,1,-1.7316174922487757,-0.8875151110697495,0.08504925188071055,-1.5756862740979403,0,0.15297536010896096,0.3796721288811475,-0.9614863916702531,-1.5679065665042957,-0.9410533496537699,1.7294822207798344,-0.6780493930322936,1,-0.8772324258614291,3,1.1914379855160337,0.24198831185855807,-1.3216011591512031,-0.6201892226844657,0.33809616377248186,-0.9810141559830953,-1.1676872598353414,-0.6791456840737199,-1.1559347102263289,-0.9511703058160944,2.7944249081720196,1,-1.377969407060834,0.7522508244793061,0,1,1,0,1,0,0,0,0,0,1,0,0,0,0,0,0,0,0,1,0,0,0
1.7603726195472926,1,-0.4846290703139904,-0.8875151110697495,2.038524256015781,0.2546249253678617,0,0.5958340065513135,-1.0261667362455194,0.8459113011114247,1.1532535902386967,0.778961336127905,0.042850453219433364,-1.0785044383346125,0,0.21605427699257776,3,-0.6589728319256667,0.24198831185855807,2.9210612874390196,0.9316033855643254,0.33809616377248186,4.243952544361651,0.7649976209279952,-0.3687152874355457,1.3672489585237668,0.5320903195901912,-0.864005721799087,0,1.0155965631114772,-0.9465848990231709,0,1,1,0,0,0,0,0,1,0,0,0,1,0,0,0,0,1,0,0,0,1,0
0.11784484953130571,1,0.24918518991005828,-0.8875151110697495,0.08504925188071055,0.2546249253678617,1,0.743453555365431,0.3796721288811475,-0.05778754527941421,-0.6608531809232983,-0.3501502191832525,-0.9360171629007393,0.523315742874663,0,-1.1505541015749308,3,-1.584178240646517,1.4159910129545328,-0.5502079870438897,-0.6201892226844657,0.33809616377248186,-0.32789331844000197,-0.6154915796172451,-0.3687152874355457,-0.0345197463373974,-0.9511703058160944,-0.050900853155842085,0,-0.09748336349113355,0.7522508244793061,0,1,1,0,0,0,1,0,0,0,0,0,1,0,0,0,0,1,0,0,1,0,0
-0.5391662584750891,0,0.9854785523645936,-1.0109093429124179,1.0617867539482457,1.1697805251007627,1,-0.19147025379064658,0.3796721288811475,-0.05778754527941421,-1.5679065665042957,-0.5133338237144849,1.526400568907092,0.523315742874663,0,-0.3305890744344257,3,-0.6589728319256667,0.24198831185855807,-0.2930769296747854,0.1557070814399298,-1.0778621289498782,-0.16461310905422863,0.21280194070989908,-0.3687152874355457,-0.5952272282818631,-0.9511703058160944,-0.5444740985867771,1,-0.35672995812915603,0.4124836797788108,0,0,1,0,0,0,0,0,1,0,0,0,0,0,1,0,0,1,0,1,0,0,0
1.2128633628752972,0,0.7574011471598217,0.7166099028849382,1.0617867539482457,0.2546249253678617,0,-0.043850704976529056,0.3796721288811475,-0.9614863916702531,-1.5679065665042957,-0.8787971046958908,0.31156472199499263,2.1251359240839385,0,-0.8772324258614291,3,1.1914379855160337,0.24198831185855807,-0.16451140099023315,0.1557070814399298,-1.0778621289498782,0.16194730971731802,-0.6154915796172451,1.4938670923934996,0.5261877356070683,-0.4567500973473325,-0.9925997372811277,0,-1.1790242411284935,1.5244488806167957,0,1,1,0,0,0,0,1,0,0,0,0,0,0,1,0,0,1,0,0,0,1,0
-0.3201625558062908,0,-0.8019541558162817,-0.270543951856408,1.0617867539482457,-1.5756862740979403,1,-1.5200461931177043,0.3796721288811475,-0.9614863916702531,1.1532535902386967,-0.7502475203971986,1.0888966365334958,-0.6780493930322936,0,-0.6039107501479274,3,0.26623257679518353,-0.9320143892374165,-1.3216011591512031,0.9316033855643254,-2.4938204216722384,-0.9810141559830953,-1.1676872598353414,-0.6791456840737199,-1.1559347102263289,-0.9511703058160944,4.645373654493755,1,-0.8363511651551405,0.7522508244793061,0,1,1,0,0,0,1,0,0,0,0,0,0,0,1,0,0,0,1,1,0,0,0
1.979376322216091,0,-0.29125909633603164,2.0739464531542895,2.038524256015781,0.2546249253678617,1,-0.2898832863333916,-1.0261667362455194,2.6533089938931025,1.1532535902386967,2.7798727995011023,1.226064589632317,-0.6780493930322936,0,1.5826626555600865,4,0.26623257679518353,0.24198831185855807,3.1781923448081244,0.1557070814399298,0.33809616377248186,4.733793172518971,0.48889978081894714,-0.058284890797371494,2.488663922412698,1.026510528058953,-0.35908149648983995,0,2.0024185042085807,-0.8547559409960099,0,1,0,1,0,1,0,0,0,0,0,1,0,0,0,0,0,1,0,0,0,1,0
-0.3201625558062908,0,1.3598229891680778,-1.0109093429124179,1.0617867539482457,-0.6605306743650393,1,-1.0279810304039791,0.3796721288811475,-0.05778754527941421,1.1532535902386967,-0.2165011472429593,-0.18342045301940052,2.5255909693862573,0,0.4893759527060795,3,-0.6589728319256667,0.24198831185855807,-0.2930769296747854,0.1557070814399298,-1.0778621289498782,-0.8177339465973219,-0.6154915796172451,-0.058284890797371494,-0.8755809692540959,-0.4567500973473325,-0.22453158452943153,0,0.08592704978336063,2.111319403281288,0,1,1,0,1,0,0,0,0,0,0,0,0,0,1,0,0,1,0,1,0,0,0
-1.1961773664814839,0,-0.8143496669687149,-0.7641208792270812,0.08504925188071055,-1.5756862740979403,0,1.137105685536411,0.3796721288811475,-0.9614863916702531,1.1532535902386967,-0.9438155721263037,-0.44693470717953315,-0.6780493930322936,0,1.5826626555600865,4,-1.584178240646517,-0.9320143892374165,-1.3216011591512031,1.707499689688721,0.33809616377248186,-0.9810141559830953,-1.1676872598353414,-0.6791456840737199,-1.1559347102263289,-0.9511703058160944,2.7676294363433085,1,-1.3874357989995922,0.7522508244793061,0,1,1,0,1,0,0,0,0,0,0,0,0,0,1,0,0,1,0,1,0,0,0
0.11784484953130571,0,1.097038152736493,0.59321567104227,0.08504925188071055,0.2546249253678617,1,0.6942470390940585,0.3796721288811475,-0.05778754527941421,-0.6608531809232983,0.7269040664532279,-0.27519368393490273,-1.0785044383346125,0,-1.1505541015749308,3,1.1914379855160337,0.24198831185855807,-0.16451140099023315,0.1557070814399298,0.33809616377248186,0.32522751910309133,1.0410954610370433,1.4938670923934996,0.8065414765793012,0.5320903195901912,0.5650416520232556,0,0.9788803368896177,-0.9465848990231709,0,1,0,1,1,0,0,0,0,0,0,0,0,0,0,1,0,1,0,0,1,0,0
0.11784484953130571,0,-0.9060764494967211,0.8400041347276065,0.08504925188071055,-0.6605306743650393,0,1.1863122018077836,0.3796721288811475,-0.05778754527941421,-0.6608531809232983,-0.4897486933720802,0.2903430407266299,-0.27759434772997477,0,-0.8772324258614291,3,-0.6589728319256667,-0.9320143892374165,-0.42164245835933756,1.707499689688721,1.754054456494842,-0.6544537372115486,-0.6154915796172451,-0.3687152874355457,-0.5952272282818631,-0.4567500973473325,-0.39887391726110966,0,-0.3163866352976192,-0.1915467996887367,0,1,0,1,1,0,0,0,0,0,0,0,0,0,0,1,0,0,1,0,1,0,0
-0.10115885313749257,0,0.20208224753081191,-1.0109093429124179,1.0617867539482457,-0.6605306743650393,0,0.349801425194451,0.3796721288811475,-0.05778754527941421,0.24620020465769926,0.0663079382141635,1.0026045021045245,1.3242258334793007,0,-0.6039107501479274,3,-1.584178240646517,-0.9320143892374165,0.4783162424325279,1.707499689688721,0.33809616377248186,-0.9810141559830953,-1.1676872598353414,-0.6791456840737199,-1.1559347102263289,-0.9511703058160944,-0.5440160563332949,0,0.4130624642811645,0.32754189360368685,0,1,0,1,1,0,0,0,0,0,0,0,0,0,0,1,0,0,1,0,1,0,0
-0.8676718124782865,0,1.4069259315473241,-0.7641208792270812,-1.8684257522543597,-0.6605306743650393,1,1.038692652993666,0.3796721288811475,-0.9614863916702531,-1.5679065665042957,-0.3781974012120581,0.26701324542498617,-0.6780493930322936,1,0.7626976284195812,3,1.1914379855160337,-0.9320143892374165,-0.16451140099023315,0.1557070814399298,0.33809616377248186,0.48850772848886465,1.3171933011460915,-0.3687152874355457,0.24583399463483546,-0.4567500973473325,-0.5069833401392556,1,-0.13898276262323245,-0.637705676568175,0,1,1,0,0,0,1,0,0,0,1,0,0,0,0,0,0,0,1,1,0,0,0
-0.2106607044718917,0,-0.32844562979333136,0.09963874367159682,1.0617867539482457,-1.5756862740979403,0,-0.7327419327757442,0.3796721288811475,-0.05778754527941421,0.24620020465769926,-0.07669019440239822,-1.4180725718443419,0.12286069757234411,1,0.21605427699257776,3,0.26623257679518353,-0.9320143892374165,-0.16451140099023315,0.9316033855643254,0.33809616377248186,-0.32789331844000197,-0.6154915796172451,-0.6791456840737199,-0.0345197463373974,-0.4567500973473325,-0.21450045917817043,0,0.25652552712280613,-0.019947231658183493,0,1,1,0,0,0,1,0,0,0,0,0,0,0,0,0,0,0,1,1,0,0,0
0.22734670086570485,0,1.6350033367520962,-0.3939381836990763,0.08504925188071055,1.1697805251007627,1,-1.3724266443035866,1.7855109940078144,0.8459113011114247,0.24620020465769926,0.3684525809790235,-1.356937264879191,-0.27759434772997477,0,-1.1505541015749308,3,-1.584178240646517,0.24198831185855807,-0.03594587230568093,0.1557070814399298,0.33809616377248186,-0.0013328996684553085,0.48889978081894714,1.4938670923934996,0.5261877356070683,0.037670111121429345,0.06297320994039886,0,0.6983729001749736,-0.38030632452234525,0,1,0,1,0,0,1,0,0,0,0,0,0,0,0,1,0,1,0,0,1,0,0
-0.8676718124782865,0,0.47726259511483016,-0.8875151110697495,-1.8684257522543597,-1.5756862740979403,1,1.038692652993666,0.3796721288811475,-0.05778754527941421,1.1532535902386967,0.4993394304467828,1.4292867824406112,-0.6780493930322936,0,1.036019304133083,3,1.1914379855160337,0.24198831185855807,-0.678773515728442,-2.171981830933257,1.754054456494842,-0.16461310905422863,-0.063295899399149,-0.3687152874355457,-0.3148734873096303,1.026510528058953,1.5608026089809737,0,0.8069509524540567,-0.46120326373674886,1,0,1,0,1,0,0,0,0,0,0,0,0,0,0,0,0,0,0,1,0,0,0
1.4318670655440953,0,-1.3349611353709117,-0.02375548817107146,0.08504925188071055,0.2546249253678617,1,-0.3390898026047641,0.3796721288811475,2.6533089938931025,0.24620020465769926,2.7256907433090913,0.7316415783601321,0.523315742874663,1,0.21605427699257776,3,0.26623257679518353,0.24198831185855807,2.0211025866471544,-0.6201892226844657,0.33809616377248186,-0.9810141559830953,-1.1676872598353414,-0.6791456840737199,-1.1559347102263289,0.5320903195901912,-0.004747643233536291,0,1.9826887236954414,-0.46120326373674886,0,1,0,1,0,1,0,0,0,0,0,1,0,0,0,0,0,1,0,0,0,1,0
-1.5246829204846812,0,0.43263875496607046,0.09963874367159682,0.08504925188071055,1.1697805251007627,1,-1.0279810304039791,1.7855109940078144,-0.9614863916702531,0.24620020465769926,-0.9412658283055032,-0.2089989032898774,-0.27759434772997477,0,0.21605427699257776,3,1.1914379855160337,0.24198831185855807,-0.9359045730975464,-0.6201892226844657,0.33809616377248186,-0.8177339465973219,-0.6154915796172451,-0.058284890797371494,-0.5952272282818631,1.520930736527715,-0.41227165317546516,1,-1.3786954815625017,0.4124836797788108,0,1,1,0,0,0,0,0,1,0,0,0,0,0,1,0,0,1,0,0,0,0,0
-0.10115885313749257,0,1.238346979874232,-0.3939381836990763,1.0617867539482457,-1.5756862740979403,1,0.6942470390940585,1.7855109940078144,-0.05778754527941421,-1.5679065665042957,-0.199927812407756,0.7586254379861296,0.12286069757234411,1,-0.6039107501479274,3,1.1914379855160337,0.24198831185855807,-0.2930769296747854,0.1557070814399298,0.33809616377248186,-0.6544537372115486,-0.6154915796172451,-0.6791456840737199,-0.5952272282818631,-0.9511703058160944,-0.2066679366436242,0,0.10718943561915323,0.07271653507831528,1,0,1,0,1,0,0,0,0,0,1,0,0,0,0,0,0,1,0,0,1,0,0
0.5558522548689022,0,0.6359251378659758,-0.02375548817107146,-0.8916882501868245,1.1697805251007627,1,1.333931750621901,-1.0261667362455194,2.6533089938931025,1.1532535902386967,2.7856097230979033,1.6933632003429522,2.1251359240839385,0,1.855984331273588,4,1.1914379855160337,-0.9320143892374165,1.6354060005934978,-0.6201892226844657,0.33809616377248186,-0.9810141559830953,-1.1676872598353414,-0.6791456840737199,-0.8755809692540959,2.015350944996477,0.20393831596236242,0,2.0044924817885765,0.14066996401841442,0,1,1,0,0,0,0,1,0,0,0,1,0,0,0,0,0,0,1,0,1,0,0
-0.2106607044718917,0,-0.1301174513543993,2.320734916839626,0.08504925188071055,-0.6605306743650393,1,-0.9787745141326066,1.7855109940078144,-0.05778754527941421,0.24620020465769926,-0.6578193068931802,1.5508546916931525,-0.6780493930322936,0,0.4893759527060795,3,1.1914379855160337,1.4159910129545328,-0.16451140099023315,0.1557070814399298,-1.0778621289498782,0.48850772848886465,1.3171933011460915,1.1834366957553253,1.086895217551534,0.037670111121429345,-0.7782359626514388,1,-0.6307022534278129,-0.637705676568175,0,1,1,0,1,0,0,0,0,0,1,0,0,0,0,0,0,1,0,1,0,0,0
-0.3201625558062908,0,-0.3705903677116045,0.09963874367159682,1.0617867539482457,1.1697805251007627,1,1.2847252343505287,-1.0261667362455194,-0.05778754527941421,0.24620020465769926,-0.3059546596227104,0.14319668120361187,-0.6780493930322936,0,-0.3305890744344257,3,-0.6589728319256667,0.24198831185855807,-0.42164245835933756,0.1557070814399298,-1.0778621289498782,0.16194730971731802,-0.6154915796172451,1.4938670923934996,0.8065414765793012,0.037670111121429345,-0.17600773330115668,0,-0.03432685299258058,-0.5690658493559537,1,0,1,0,0,0,0,0,1,0,0,0,0,0,0,0,0,1,0,1,0,0,0
0.33684855220010396,0,-1.6969100610219627,0.59321567104227,-0.8916882501868245,1.1697805251007627,0,0.8910731041795485,0.3796721288811475,-0.05778754527941421,-1.5679065665042957,-0.39604560795766164,-0.42880492649331603,-0.6780493930322936,0,-0.057267398720923963,3,0.26623257679518353,0.24198831185855807,-0.8073390444129942,-0.6201892226844657,0.33809616377248186,-0.32789331844000197,-0.063295899399149,-0.3687152874355457,-0.5952272282818631,0.037670111121429345,0.43188876893596806,0,-0.16599978710443847,-0.38030632452234525,0,1,0,1,1,0,0,0,0,0,0,0,0,0,0,1,0,1,0,0,1,0,0
0.6653541062033014,0,0.4648670839623969,2.197340684996958,0.08504925188071055,1.1697805251007627,1,1.038692652993666,1.7855109940078144,-0.9614863916702531,-0.6608531809232983,-0.3456881674968516,-1.1887097650233625,0.9237707881769818,0,-0.8772324258614291,3,0.26623257679518353,0.24198831185855807,-0.42164245835933756,-2.171981830933257,0.33809616377248186,-0.16461310905422863,-0.063295899399149,-0.6791456840737199,-0.5952272282818631,0.5320903195901912,-0.22418805283931992,0,-0.09098539338920197,0.9410103493129147,0,1,1,0,0,0,0,0,1,0,1,0,0,0,0,0,0,0,0,0,1,0,0
-0.2106607044718917,0,1.3548647847071045,-0.270543951856408,-0.8916882501868245,0.2546249253678617,1,-0.14226373751927407,-1.0261667362455194,-0.9614863916702531,1.1532535902386967,-0.8101665001860104,-0.9275847067676151,-0.6780493930322936,0,0.7626976284195812,3,1.1914379855160337,0.24198831185855807,-1.3216011591512031,1.707499689688721,-1.0778621289498782,-0.9810141559830953,-1.1676872598353414,-0.6791456840737199,-0.8755809692540959,1.026510528058953,4.0641180348247925,1,-0.9864419219244356,0.7522508244793061,0,1,1,0,1,0,0,0,0,0,1,0,0,0,0,0,0,1,0,1,0,0,0
0.9938596602064987,0,-0.593709568455403,-1.0109093429124179,1.0617867539482457,1.1697805251007627,1,-0.4867093514188816,1.7855109940078144,1.7496101475022634,-1.5679065665042957,2.350878401651417,-1.5680297500784015,-0.6780493930322936,0,-0.057267398720923963,3,-0.6589728319256667,-0.9320143892374165,2.0211025866471544,1.707499689688721,-2.4938204216722384,3.1009910786612376,-1.1676872598353414,-0.6791456840737199,2.2083101814404653,-1.4455905142848562,-0.13941206575731502,0,1.8386291375967456,-0.8252394902015654,0,1,0,1,1,0,0,0,0,0,0,1,0,0,0,0,0,0,1,0,0,1,0
-0.9771736638126857,1,-1.1738194903892794,1.827157989468953,0.08504925188071055,0.2546249253678617,1,-0.7327419327757442,0.3796721288811475,-0.9614863916702531,-0.6608531809232983,-0.8700854799748223,-0.9822551306973706,-0.6780493930322936,1,0.4893759527060795,3,0.26623257679518353,2.5899937140505074,-1.3216011591512031,0.1557070814399298,0.33809616377248186,-0.9810141559830953,-0.8915894197262932,-0.6791456840737199,-1.1559347102263289,0.037670111121429345,3.4828624151558283,1,-1.1531697278470394,0.7522508244793061,0,1,1,0,0,0,1,0,0,0,1,0,0,0,0,0,0,1,0,1,0,0,0
-1.6341847718190805,0,-0.856494404886988,2.0739464531542895,-0.8916882501868245,-0.6605306743650393,0,0.9402796204509211,-1.0261667362455194,-0.9614863916702531,0.24620020465769926,-0.783819147371072,-0.5649890930432726,-0.6780493930322936,1,-0.3305890744344257,3,-0.6589728319256667,-0.9320143892374165,-0.9359045730975464,-0.6201892226844657,-1.0778621289498782,-0.4911735278257753,-0.6154915796172451,-0.3687152874355457,-0.3148734873096303,-0.9511703058160944,-0.03043617961633192,1,-0.9185947163316068,-0.26705060962218,0,0,1,0,0,0,0,1,0,0,0,0,0,0,1,0,0,1,0,0,0,0,0
1.4318670655440953,0,1.0697680282011397,1.3335810620982798,2.038524256015781,-0.6605306743650393,1,-1.2248070954894692,0.3796721288811475,1.7496101475022634,0.24620020465769926,1.007588365393017,0.8960744729560548,-0.27759434772997477,1,-0.057267398720923963,3,0.26623257679518353,0.24198831185855807,2.6639302300699153,0.1557070814399298,0.33809616377248186,3.754111916204331,1.0410954610370433,3.0460190755843706,2.488663922412698,0.037670111121429345,-0.7561683457078897,0,1.167020868371278,-0.7406654173865069,1,0,1,0,0,0,1,0,0,0,0,0,0,0,0,0,0,1,0,0,0,1,0
-0.5391662584750891,0,-0.4176933100908508,-0.5173324155417446,1.0617867539482457,-0.6605306743650393,0,-1.5200461931177043,1.7855109940078144,-0.9614863916702531,1.1532535902386967,-0.6780047788078509,0.628203449793808,0.12286069757234411,0,0.4893759527060795,3,1.1914379855160337,1.4159910129545328,-0.678773515728442,0.1557070814399298,0.33809616377248186,-0.6544537372115486,-0.6154915796172451,-0.6791456840737199,-0.5952272282818631,1.026510528058953,-0.3427064859278498,1,-0.6732780830486058,0.509560006836095,0,1,1,0,0,0,0,1,0,0,0,0,0,0,1,0,0,1,0,1,0,0,0
0.7748559575377005,0,1.2656171044095852,-0.270543951856408,0.08504925188071055,-0.6605306743650393,0,-1.7168722582031943,0.3796721288811475,2.6533089938931025,1.1532535902386967,2.6657717635202793,-1.5127971624064376,-1.0785044383346125,1,-0.3305890744344257,3,1.1914379855160337,0.24198831185855807,1.5068404719089457,0.9316033855643254,-1.0778621289498782,2.4478702411181446,0.7649976209279952,-0.3687152874355457,1.6476026994959998,0.5320903195901912,0.22663007771028293,0,1.9605645445763575,-0.9465848990231709,0,1,1,0,0,0,1,0,0,0,0,0,0,1,0,0,0,0,0,0,1,0,0
-0.7581699611438873,0,-1.3919804866721046,-0.270543951856408,0.08504925188071055,-0.6605306743650393,1,-0.8803614815898617,-1.0261667362455194,-0.9614863916702531,-0.6608531809232983,-0.9268172799876336,-1.2599640193482624,-0.6780493930322936,0,-0.8772324258614291,3,-0.6589728319256667,0.24198831185855807,-0.678773515728442,0.1557070814399298,-1.0778621289498782,-0.16461310905422863,-0.063295899399149,-0.3687152874355457,-0.8755809692540959,-1.4455905142848562,-0.7449820950486281,1,-1.3301031996950532,-0.46120326373674886,0,1,1,0,0,0,1,0,0,0,0,0,0,0,1,0,0,1,0,1,0,0,0
0.8843578088720997,0,0.5268446397245632,-0.5173324155417446,2.038524256015781,0.2546249253678617,0,-0.7819484490471167,-2.432005601372186,-0.05778754527941421,-1.5679065665042957,-0.15594473149894728,1.2836863732086659,-0.6780493930322936,1,-0.3305890744344257,3,-1.584178240646517,-0.9320143892374165,-0.16451140099023315,0.1557070814399298,0.33809616377248186,0.48850772848886465,0.7649976209279952,-0.3687152874355457,-0.0345197463373974,-1.4455905142848562,-0.29138285142516474,0,0.16220247487004366,-0.637705676568175,0,1,1,0,0,0,1,0,0,0,1,0,0,0,0,0,0,0,1,0,1,0,0
0.8843578088720997,0,-1.1564657747758729,2.0739464531542895,0.08504925188071055,-1.5756862740979403,1,-0.6835354165043717,-1.0261667362455194,-0.05778754527941421,-1.5679065665042957,-0.450015185497939,1.3841731421283965,-0.6780493930322936,0,-0.057267398720923963,3,-1.584178240646517,0.24198831185855807,-0.16451140099023315,-0.6201892226844657,0.33809616377248186,0.48850772848886465,0.7649976209279952,0.5625759024789769,0.24583399463483546,-2.43443093122238,-0.5766515668939045,0,-0.25077415760090743,-0.637705676568175,0,0,0,1,0,1,0,0,0,0,0,0,0,0,0,1,0,1,0,0,1,0,0
-0.6486681098094882,0,-0.2168860294214321,-0.8875151110697495,1.0617867539482457,1.1697805251007627,1,-0.5851223839616266,0.3796721288811475,-0.05778754527941421,-1.5679065665042957,-0.2487979023064324,1.0243883471150954,1.7246808787816195,0,-0.6039107501479274,3,1.1914379855160337,-0.9320143892374165,-0.16451140099023315,0.1557070814399298,0.33809616377248186,-0.32789331844000197,-0.6154915796172451,-0.6791456840737199,-0.3148734873096303,0.5320903195901912,-0.3814568605724473,0,0.043609480456471866,1.2155696581617998,1,0,0,1,0,0,0,1,0,0,0,0,0,0,0,1,0,0,1,1,0,0,0
-0.10115885313749257,0,-0.6036259773773496,0.3464272073569334,1.0617867539482457,0.2546249253678617,0,0.4974209740085685,0.3796721288811475,-0.05778754527941421,0.24620020465769926,-0.3909461203160606,-0.2659179821884661,2.5255909693862573,1,-0.8772324258614291,3,-0.6589728319256667,1.4159910129545328,-0.5502079870438897,-0.6201892226844657,0.33809616377248186,-0.6544537372115486,-0.6154915796172451,-0.3687152874355457,-0.8755809692540959,0.037670111121429345,-0.10743635415707874,0,-0.1582310382381627,2.8757954788574023,0,1,1,0,1,0,0,0,0,0,0,0,1,0,0,0,0,1,0,0,1,0,0
-0.3201625558062908,0,-0.9333465740320742,0.09963874367159682,1.0617867539482457,0.2546249253678617,1,-1.1756005792180968,1.7855109940078144,-0.05778754527941421,1.1532535902386967,-0.3779849225603247,0.37761896170446585,-0.6780493930322936,0,-0.6039107501479274,3,-1.584178240646517,0.24198831185855807,-0.2930769296747854,0.1557070814399298,0.33809616377248186,0.32522751910309133,0.7649976209279952,1.4938670923934996,-0.5952272282818631,0.037670111121429345,-0.39858764085268317,1,-0.13866403382982836,-0.6068177543226755,1,0,1,0,1,0,0,0,0,0,0,0,1,0,0,0,0,0,0,1,0,0,0
1.3223652142096962,0,-0.19953231380802552,1.950552221311621,1.0617867539482457,0.2546249253678617,0,0.8910731041795485,0.3796721288811475,-0.9614863916702531,-1.5679065665042957,-0.6994651226329218,1.0946588148911307,-0.6780493930322936,0,-0.3305890744344257,3,1.1914379855160337,0.24198831185855807,-0.16451140099023315,0.1557070814399298,-1.0778621289498782,0.32522751910309133,0.48889978081894714,-0.3687152874355457,-0.0345197463373974,-0.4567500973473325,-0.8186352894085724,0,-0.7199036276743769,-0.637705676568175,0,1,1,0,1,0,0,0,0,0,1,0,0,0,0,0,0,1,0,0,0,1,0
0.22734670086570485,0,1.4490706694655973,0.09963874367159682,2.038524256015781,-0.6605306743650393,1,0.4974209740085685,0.3796721288811475,-0.05778754527941421,-1.5679065665042957,-0.23923636297843048,-1.4726024548385455,-0.27759434772997477,0,-0.6039107501479274,3,1.1914379855160337,2.5899937140505074,-0.16451140099023315,0.1557070814399298,0.33809616377248186,-0.0013328996684553085,0.7649976209279952,1.4938670923934996,0.8065414765793012,-0.4567500973473325,-0.3721815049394319,0,0.05626212664343546,-0.32882645411317923,0,1,1,0,0,0,1,0,0,0,0,0,1,0,0,0,0,1,0,0,1,0,0
-1.0866755151470848,0,1.238346979874232,1.2101868302556114,0.08504925188071055,1.1697805251007627,1,0.05456232756621595,-1.0261667362455194,-0.9614863916702531,-1.5679065665042957,-0.5177958754008858,0.2778348974624956,-0.6780493930322936,0,-1.1505541015749308,3,-1.584178240646517,1.4159910129545328,-0.5502079870438897,0.1557070814399298,0.33809616377248186,-0.0013328996684553085,0.7649976209279952,-0.6791456840737199,0.8065414765793012,-0.9511703058160944,-0.2832264275827987,1,-0.36448560497534366,-0.5218759681475515,0,1,1,0,0,0,0,1,0,0,1,0,0,0,0,0,0,0,0,1,0,0,0
-0.2106607044718917,0,0.0409406025491796,1.0867925984129432,2.038524256015781,-0.6605306743650393,1,-0.8803614815898617,1.7855109940078144,-0.05778754527941421,-1.5679065665042957,-0.27514525512137095,1.6863361535653485,-0.6780493930322936,0,-1.1505541015749308,3,1.1914379855160337,-0.9320143892374165,0.6068817711170802,-0.6201892226844657,0.33809616377248186,1.4681889848035046,2.9737803418003796,-0.3687152874355457,1.6476026994959998,-0.4567500973473325,-0.8095660527896241,0,0.008183953058638142,-0.7467218727287618,0,1,1,0,1,0,0,0,0,0,0,0,0,0,1,0,0,1,0,1,0,0,0
-0.9771736638126857,0,-0.55156483053713,2.197340684996958,0.08504925188071055,-0.6605306743650393,0,-1.3232201280322142,-2.432005601372186,-0.05778754527941421,-1.5679065665042957,-0.34547568884511826,0.8638905987146306,-1.0785044383346125,0,1.5826626555600865,4,-0.6589728319256667,0.24198831185855807,-0.678773515728442,1.707499689688721,-1.0778621289498782,-0.32789331844000197,-0.33939373950819707,-0.6791456840737199,-1.1559347102263289,-1.940010722753618,0.1949206090969308,1,-0.09067666469950679,-0.9465848990231709,0,1,1,0,0,0,1,0,0,0,0,0,1,0,0,0,0,0,0,1,0,0,0
-1.7436866231534796,0,-0.6358543063736761,-0.5173324155417446,-1.8684257522543597,0.2546249253678617,1,1.5307578157073911,0.3796721288811475,-0.9614863916702531,1.1532535902386967,-0.7194381158958592,1.6437522500930712,-0.6780493930322936,0,0.7626976284195812,3,0.26623257679518353,-0.9320143892374165,-1.0644701017820986,-0.6201892226844657,0.33809616377248186,-0.8177339465973219,-0.6154915796172451,-0.058284890797371494,-0.5952272282818631,1.026510528058953,0.6610931125784816,1,-0.7646346209785259,-0.09716703727193238,0,1,1,0,0,0,1,0,0,0,0,0,0,0,1,0,0,0,1,0,0,0,0
-2.072192177156677,1,-0.6408125108346494,-0.7641208792270812,-0.8916882501868245,-0.6605306743650393,0,0.20218187638033347,0.3796721288811475,-0.9614863916702531,1.1532535902386967,-1.0483550687791245,0.5771870901884063,-0.6780493930322936,1,-0.8772324258614291,3,0.26623257679518353,-0.9320143892374165,-1.4501666878357553,-0.6201892226844657,1.754054456494842,-1.1442943653688686,-1.1676872598353414,-0.6791456840737199,-1.1559347102263289,1.026510528058953,1.7535238871336267,1,-1.798069395828768,2.451086547981783,1,0,0,1,0,0,1,0,0,0,0,0,0,0,0,0,1,0,1,0,0,0,0
1.103361511540898,0,0.925980098832914,2.0739464531542895,1.0617867539482457,1.1697805251007627,0,1.5799643319787637,0.3796721288811475,2.6533089938931025,0.24620020465769926,2.7951712624259053,-1.2779532590989275,0.12286069757234411,0,-1.1505541015749308,3,0.26623257679518353,0.24198831185855807,2.0211025866471544,-0.6201892226844657,0.33809616377248186,-0.32789331844000197,-0.6154915796172451,-0.3687152874355457,-1.1559347102263289,1.026510528058953,0.0202156595812458,0,2.007942774620611,-0.5825486725583543,0,1,0,0,1,0,0,0,0,0,0,1,0,0,0,0,0,1,0,0,0,1,0
0.22734670086570485,0,-1.5679967450366568,-0.7641208792270812,-0.8916882501868245,0.2546249253678617,1,0.4974209740085685,-1.0261667362455194,-0.05778754527941421,0.24620020465769926,-0.7296370911790612,-0.563724224623304,-1.0785044383346125,0,-0.057267398720923963,3,1.1914379855160337,0.24198831185855807,-0.03594587230568093,0.1557070814399298,0.33809616377248186,0.48850772848886465,1.0410954610370433,-0.6791456840737199,0.8065414765793012,1.026510528058953,-0.905411394330783,0,-0.787999054210665,-0.9465848990231709,0,1,1,0,0,0,1,0,0,0,1,0,0,0,0,0,0,0,0,0,1,0,0
0.33684855220010396,0,0.20208224753081191,0.7166099028849382,0.08504925188071055,-1.5756862740979403,0,0.6942470390940585,-1.0261667362455194,0.8459113011114247,0.24620020465769926,0.8354806574889828,1.6143791945626884,-0.6780493930322936,0,-0.6039107501479274,3,1.1914379855160337,1.4159910129545328,0.8640128284861845,-0.6201892226844657,0.33809616377248186,1.794749403575051,2.9737803418003796,3.666879868860719,2.2083101814404653,0.037670111121429345,-0.28556571480594034,0,1.0544714767875487,-0.7677600860229101,0,1,1,0,1,0,0,0,0,0,0,0,1,0,0,0,0,1,0,0,1,0,0
-0.2106607044718917,0,-1.4737908602781642,-0.14714972001373974,1.0617867539482457,0.2546249253678617,0,-0.6835354165043717,0.3796721288811475,-0.05778754527941421,0.24620020465769926,-0.500372625958749,-0.28995048216787017,-0.6780493930322936,0,-0.8772324258614291,3,1.1914379855160337,0.24198831185855807,0.4783162424325279,1.707499689688721,0.33809616377248186,1.141628566031958,1.8693889813641875,-0.058284890797371494,1.3672489585237668,1.026510528058953,-0.9104956633444359,0,-0.3344256175861717,-0.7342304335853612,0,0,1,0,1,0,0,0,0,0,0,0,0,0,0,0,0,1,0,1,0,0,0
0.008342998196906572,0,-0.3259665275628447,1.2101868302556114,0.08504925188071055,0.2546249253678617,1,0.9402796204509211,0.3796721288811475,-0.05778754527941421,0.24620020465769926,-0.15615721015068065,1.7117740629002733,0.12286069757234411,0,0.4893759527060795,3,-1.584178240646517,2.5899937140505074,-0.2930769296747854,-0.6201892226844657,-1.0778621289498782,-0.4911735278257753,-0.33939373950819707,-0.6791456840737199,-0.5952272282818631,-0.9511703058160944,-0.1594895845349533,0,0.16194148579943815,0.07271653507831528,0,1,1,0,1,0,0,0,0,0,0,0,1,0,0,0,0,1,0,0,1,0,0
0.22734670086570485,0,-0.2268024383433787,-0.6407266473844129,0.08504925188071055,-1.5756862740979403,0,0.743453555365431,0.3796721288811475,-0.05778754527941421,0.24620020465769926,-0.3104167113091113,-1.5702784050472345,-1.0785044383346125,0,-0.6039107501479274,3,1.1914379855160337,-0.9320143892374165,-0.16451140099023315,-0.6201892226844657,-2.4938204216722384,0.32522751910309133,-0.6154915796172451,0.2521455058408027,1.086895217551534,-0.9511703058160944,-0.4412313746518799,0,-0.04058432354479953,-0.9465848990231709,1,0,1,0,0,0,1,0,0,0,0,0,1,0,0,0,0,0,1,0,1,0,0
0.8843578088720997,0,1.3052827400973714,-0.8875151110697495,-0.8916882501868245,1.1697805251007627,0,-0.3390898026047641,-1.0261667362455194,-0.05778754527941421,1.1532535902386967,-0.1557322528472139,-1.2543423819261796,-0.6780493930322936,0,1.036019304133083,3,-1.584178240646517,1.4159910129545328,-0.16451140099023315,0.1557070814399298,0.33809616377248186,0.48850772848886465,0.7649976209279952,0.2521455058408027,1.3672489585237668,0.5320903195901912,-0.2911767324110977,0,0.1624634187046571,-0.637705676568175,0,1,1,0,0,0,0,1,0,0,0,0,1,0,0,0,0,0,0,0,1,0,0
0.11784484953130571,0,-1.0052405387161871,-0.8875151110697495,-0.8916882501868245,1.1697805251007627,0,-0.5851223839616266,-1.0261667362455194,0.8459113011114247,0.24620020465769926,0.2662503494952699,-0.016036198776884277,0.12286069757234411,1,1.036019304133083,3,1.1914379855160337,0.24198831185855807,-0.16451140099023315,2.4833959938131165,1.754054456494842,-0.32789331844000197,-0.063295899399149,-0.6791456840737199,-0.5952272282818631,2.015350944996477,0.11817562952598126,0,0.607786844642996,-0.019947231658183493,0,1,1,0,0,0,1,0,0,0,0,0,1,0,0,0,0,1,0,0,1,0,0
-0.2106607044718917,1,-0.16234578035072578,0.09963874367159682,0.08504925188071055,1.1697805251007627,1,-0.5359158676902541,-1.0261667362455194,0.8459113011114247,-1.5679065665042957,0.8080709114153775,1.0142693997553462,2.5255909693862573,0,0.4893759527060795,3,0.26623257679518353,-0.9320143892374165,0.4783162424325279,0.1557070814399298,0.33809616377248186,0.9783483566461847,2.1454868214732357,1.1834366957553253,-1.1559347102263289,0.037670111121429345,-0.06430840426134354,0,1.035743932567066,0.9646052899171157,0,1,0,1,0,0,1,0,0,0,0,0,0,0,0,1,0,1,0,1,0,0,0
0.008342998196906572,0,1.6548361545959893,0.09963874367159682,0.08504925188071055,-0.6605306743650393,0,0.251388392651706,0.3796721288811475,-0.9614863916702531,-0.6608531809232983,-0.5454181001262246,-0.6127730111309766,-0.6780493930322936,0,-1.1505541015749308,3,-1.584178240646517,0.24198831185855807,-0.42164245835933756,-0.6201892226844657,-2.4938204216722384,0.16194730971731802,-0.063295899399149,1.4938670923934996,0.8065414765793012,-2.43443093122238,-0.46637789436805493,0,-0.4134069320921586,-0.5690658493559537,0,1,1,0,0,0,1,0,0,0,0,0,0,0,1,0,0,1,0,0,1,0,0
0.33684855220010396,0,-0.8788063249613679,0.8400041347276065,0.08504925188071055,0.2546249253678617,0,0.8910731041795485,0.3796721288811475,0.8459113011114247,1.1532535902386967,0.30640881467287784,0.7919336397119704,1.3242258334793007,1,-0.057267398720923963,3,1.1914379855160337,-0.9320143892374165,0.8640128284861845,-0.6201892226844657,-1.0778621289498782,-0.4911735278257753,-0.6154915796172451,0.2521455058408027,-0.3148734873096303,1.026510528058953,-0.5706970175986353,0,0.644033728875537,0.12636397897839347,0,1,1,0,1,0,0,0,0,0,0,0,1,0,0,0,0,0,1,0,1,0,0
0.7748559575377005,0,-0.49702458146642364,-1.0109093429124179,2.038524256015781,-1.5756862740979403,1,-1.4216331605749593,0.3796721288811475,-0.05778754527941421,1.1532535902386967,-0.16146917644401504,-0.5354754965773377,0.523315742874663,1,-1.1505541015749308,3,0.26623257679518353,-0.9320143892374165,0.34975071374797573,0.1557070814399298,0.33809616377248186,0.48850772848886465,0.7649976209279952,-0.6791456840737199,-0.5952272282818631,0.037670111121429345,-0.6349538023014297,0,0.15540201130921547,-0.040539179821849826,1,0,0,0,0,0,0,0,0,1,0,0,0,0,0,0,0,1,0,0,1,0,0
1.2128633628752972,0,-1.0845718100917598,-0.6407266473844129,2.038524256015781,0.2546249253678617,1,1.137105685536411,-1.0261667362455194,1.7496101475022634,1.1532535902386967,1.848366390301984,-1.2242666217180365,-0.27759434772997477,0,2.675949358414093,4,-0.6589728319256667,0.24198831185855807,1.5068404719089457,0.1557070814399298,0.33809616377248186,-0.8177339465973219,-0.6154915796172451,-0.058284890797371494,-0.5952272282818631,0.5320903195901912,-0.11812637755744848,0,1.620938914475599,-0.6634456117727581,1,0,1,0,0,0,1,0,0,0,0,1,0,0,0,0,0,1,0,0,0,1,0
-0.2106607044718917,1,-0.09788912235807286,0.7166099028849382,-0.8916882501868245,-1.5756862740979403,1,-0.3390898026047641,-2.432005601372186,-0.05778754527941421,1.1532535902386967,-0.22585020791922783,1.0940966511489225,1.3242258334793007,1,-0.3305890744344257,3,1.1914379855160337,1.4159910129545328,-0.5502079870438897,-0.6201892226844657,-1.0778621289498782,-0.8177339465973219,-0.6154915796172451,-0.058284890797371494,-0.5952272282818631,0.037670111121429345,0.12135575145730071,0,0.07379906771967565,1.6016686862305445,0,1,0,1,0,0,1,0,0,0,0,0,0,0,0,1,0,0,0,1,0,0,0
-1.4151810691502822,0,-0.5837931595334565,-0.8875151110697495,-1.8684257522543597,-1.5756862740979403,0,-1.6676657419318217,0.3796721288811475,-0.9614863916702531,1.1532535902386967,-0.5828143428312987,0.40825688565481727,-0.6780493930322936,1,-0.6039107501479274,3,0.26623257679518353,-0.9320143892374165,-0.678773515728442,-0.6201892226844657,0.33809616377248186,-0.16461310905422863,-0.33939373950819707,-0.3687152874355457,-0.3148734873096303,0.037670111121429345,-0.18880428875781688,1,-0.4822782746715041,-0.46120326373674886,1,0,1,0,0,0,0,0,1,0,0,0,0,0,1,0,0,0,1,0,0,0,0
-1.0866755151470848,0,-0.7846004402028751,-0.14714972001373974,0.08504925188071055,-0.6605306743650393,0,0.9894861367222936,1.7855109940078144,-0.9614863916702531,0.24620020465769926,-0.634446655202509,1.1491886978853343,1.7246808787816195,0,0.4893759527060795,3,-1.584178240646517,-0.9320143892374165,-0.8073390444129942,-2.171981830933257,0.33809616377248186,-0.6544537372115486,-0.6154915796172451,-0.6791456840737199,-0.5952272282818631,-0.9511703058160944,-0.030642298630398974,1,-0.5828626710834859,3.017365122482609,0,1,1,0,0,0,1,0,0,0,0,0,0,0,1,0,0,1,0,1,0,0,0
-1.0866755151470848,0,-0.5242947060017769,-0.8875151110697495,0.08504925188071055,1.1697805251007627,1,1.038692652993666,0.3796721288811475,-0.9614863916702531,1.1532535902386967,-0.8335391518766818,-1.1265906715093472,-0.27759434772997477,0,-0.6039107501479274,3,0.26623257679518353,-0.9320143892374165,-0.678773515728442,-2.171981830933257,-1.0778621289498782,-0.4911735278257753,-0.6154915796172451,-0.3687152874355457,-0.5952272282818631,1.026510528058953,-0.5941716830896002,1,-1.049299893881805,0.024178371549673068,1,0,1,0,0,0,1,0,0,0,0,0,0,0,1,0,0,0,1,1,0,0,0
0.33684855220010396,1,1.3052827400973714,-0.270543951856408,0.08504925188071055,-1.5756862740979403,1,0.349801425194451,0.3796721288811475,-0.9614863916702531,-1.5679065665042957,-0.9215053136942992,-1.5423107588723726,0.12286069757234411,1,-0.3305890744344257,3,-0.6589728319256667,-0.9320143892374165,-0.16451140099023315,0.1557070814399298,-2.4938204216722384,-0.4911735278257753,-0.6154915796172451,-0.6791456840737199,-0.3148734873096303,-2.9288511396911416,-1.0340296591085962,0,-1.3126254616123376,-0.019947231658183493,0,1,1,0,1,0,0,0,0,0,1,0,0,0,0,0,0,0,1,0,1,0,0
-0.8676718124782865,0,-0.8267451781211482,0.09963874367159682,0.08504925188071055,0.2546249253678617,1,-1.1756005792180968,-1.0261667362455194,-0.05778754527941421,0.24620020465769926,-0.13469686632560973,1.2789079813998956,2.5255909693862573,0,-1.1505541015749308,3,0.26623257679518353,-0.9320143892374165,-0.42164245835933756,-0.6201892226844657,0.33809616377248186,-0.32789331844000197,-0.6154915796172451,-0.3687152874355457,-0.0345197463373974,0.5320903195901912,0.031657173371354395,0,0.18807552012338058,2.451086547981783,0,1,0,1,0,0,1,0,0,0,0,0,0,0,0,1,0,0,1,1,0,0,0
-0.10115885313749257,0,-0.2268024383433787,-0.5173324155417446,1.0617867539482457,-0.6605306743650393,0,-1.1756005792180968,0.3796721288811475,0.8459113011114247,-1.5679065665042957,0.3197949697320805,1.1916320604220596,0.523315742874663,0,-0.8772324258614291,3,0.26623257679518353,1.4159910129545328,-0.2930769296747854,2.4833959938131165,0.33809616377248186,-0.6544537372115486,-0.6154915796172451,-0.6791456840737199,-0.5952272282818631,-0.9511703058160944,0.3535177393651568,0,0.6559246542710712,0.4124836797788108,0,1,1,0,1,0,0,0,0,0,0,0,0,0,0,0,0,1,0,0,1,0,0
-1.3056792178158831,0,-0.075577202283693,-0.8875151110697495,-1.8684257522543597,1.1697805251007627,1,0.5466274902799411,1.7855109940078144,-0.05778754527941421,0.24620020465769926,-0.2755702124248377,-1.3126668701802888,-0.6780493930322936,0,0.4893759527060795,3,0.26623257679518353,1.4159910129545328,-0.5502079870438897,2.4833959938131165,0.33809616377248186,-0.0013328996684553085,0.7649976209279952,-0.6791456840737199,0.8065414765793012,1.026510528058953,0.052453109612043546,0,0.007605687082628517,-0.5218759681475515,1,0,1,0,1,0,0,0,0,0,0,0,1,0,0,0,0,0,0,0,0,0,0
0.22734670086570485,0,-0.7697258268199553,0.3464272073569334,0.08504925188071055,1.1697805251007627,1,0.005355811294843447,0.3796721288811475,-0.05778754527941421,-0.6608531809232983,-0.2566596124205673,-0.9303955254786564,0.523315742874663,0,1.5826626555600865,4,0.26623257679518353,-0.9320143892374165,-0.5502079870438897,0.1557070814399298,0.33809616377248186,-0.32789331844000197,-0.063295899399149,-0.3687152874355457,-1.1559347102263289,0.5320903195901912,0.0786596699719919,0,0.033125939148818104,0.7522508244793061,0,1,1,0,0,0,1,0,0,0,0,0,1,0,0,0,0,1,0,0,1,0,0
1.3223652142096962,0,-1.2432343528429055,1.5803695257836163,1.0617867539482457,-1.5756862740979403,0,0.3005949089230785,0.3796721288811475,1.7496101475022634,-0.6608531809232983,2.1056780375511015,-1.5199647501195932,0.12286069757234411,0,0.21605427699257776,3,-0.6589728319256667,1.4159910129545328,2.0211025866471544,-0.6201892226844657,0.33809616377248186,-0.4911735278257753,-0.6154915796172451,-0.3687152874355457,-0.5952272282818631,-1.4455905142848562,-0.22750885917706612,0,1.7363317139589167,-0.5825486725583543,0,1,1,0,0,0,0,1,0,0,0,0,0,1,0,0,0,1,0,0,0,1,0
1.4318670655440953,0,0.02606598916625969,0.9633983665702748,2.038524256015781,1.1697805251007627,0,-0.7819484490471167,-1.0261667362455194,0.8459113011114247,-1.5679065665042957,1.437645156501369,1.0776533616893302,0.9237707881769818,0,-0.057267398720923963,3,0.26623257679518353,2.5899937140505074,0.9925783571707368,0.1557070814399298,0.33809616377248186,1.141628566031958,1.8693889813641875,-0.3687152874355457,1.9279564404682326,0.037670111121429345,-0.04101333954871792,0,1.4161940666334656,-0.09716703727193238,0,1,1,0,1,0,0,0,0,0,0,0,0,1,0,0,0,0,0,0,0,1,0
-1.8531884744878788,0,0.8392115207658811,-0.8875151110697495,0.08504925188071055,0.2546249253678617,0,-1.7168722582031943,0.3796721288811475,-0.9614863916702531,0.24620020465769926,-0.7904059855748066,-0.14926900568024734,-0.6780493930322936,0,1.036019304133083,3,-1.584178240646517,-0.9320143892374165,-1.193035630466651,0.1557070814399298,0.33809616377248186,-0.8177339465973219,-0.6154915796172451,-0.058284890797371494,-0.5952272282818631,-0.4567500973473325,1.3876626371646865,1,-0.9352720278203784,0.1859722499784804,0,1,0,1,0,0,1,0,0,0,0,0,0,0,0,0,1,0,1,0,0,0,0
-0.3201625558062908,0,0.811941396230528,-0.7641208792270812,0.08504925188071055,1.1697805251007627,0,0.005355811294843447,0.3796721288811475,-0.05778754527941421,-0.6608531809232983,-0.22733755848136145,0.7053604234118949,-0.6780493930322936,0,-0.8772324258614291,3,0.26623257679518353,0.24198831185855807,-0.03594587230568093,-0.6201892226844657,0.33809616377248186,0.651787937874638,1.0410954610370433,1.4938670923934996,1.3672489585237668,0.5320903195901912,-0.4624428950085938,0,0.07186057611548577,-0.6634456117727581,0,1,1,0,1,0,0,0,0,0,0,0,0,0,1,0,0,0,0,1,0,0,0
-0.10115885313749257,0,-1.218443330538039,-0.270543951856408,0.08504925188071055,-1.5756862740979403,1,0.5466274902799411,0.3796721288811475,-0.9614863916702531,-0.6608531809232983,-0.9540145474095058,-0.4726536983855621,-0.27759434772997477,0,-1.1505541015749308,3,0.26623257679518353,-0.9320143892374165,0.4783162424325279,0.9316033855643254,0.33809616377248186,-0.4911735278257753,-0.33939373950819707,-0.3687152874355457,-0.3148734873096303,-0.9511703058160944,-1.2038717266998114,0,-1.422913504311724,-0.5218759681475515,0,1,1,0,1,0,0,0,0,0,1,0,0,0,0,0,0,0,1,0,1,0,0
1.3223652142096962,0,-0.8366615870430948,-0.3939381836990763,-1.8684257522543597,0.2546249253678617,0,-1.2248070954894692,-1.0261667362455194,1.7496101475022634,0.24620020465769926,1.5857427767595318,-0.37399396162800846,-0.27759434772997477,1,1.036019304133083,3,-0.6589728319256667,0.24198831185855807,2.406799172700811,0.1557070814399298,0.33809616377248186,1.3049087754177313,1.8693889813641875,-0.058284890797371494,2.2083101814404653,0.037670111121429345,-0.5209307267577897,0,1.4932694071495185,-0.7273802895389803,0,1,1,0,1,0,0,0,0,0,0,0,0,0,0,0,0,1,0,0,0,1,0
-0.10115885313749257,0,0.2268732698356784,-1.0109093429124179,1.0617867539482457,1.1697805251007627,0,-1.6184592256604493,-1.0261667362455194,-0.05778754527941421,0.24620020465769926,-0.45235245066700613,0.15429941511222545,-1.0785044383346125,0,-0.057267398720923963,3,0.26623257679518353,-0.9320143892374165,-0.9359045730975464,2.4833959938131165,0.33809616377248186,-0.6544537372115486,-0.6154915796172451,-0.3687152874355457,-0.5952272282818631,1.026510528058953,0.7734279752450013,0,-0.25455556613078056,-0.9465848990231709,0,0,1,0,0,0,1,0,0,0,0,0,1,0,0,0,0,1,0,0,1,0,0
-0.10115885313749257,0,0.5888221954867294,-0.7641208792270812,-0.8916882501868245,1.1697805251007627,1,0.645040522822686,1.7855109940078144,-0.05778754527941421,-1.5679065665042957,0.07204486181096464,1.6857739898231403,1.3242258334793007,0,1.3093409798465847,4,-1.584178240646517,0.24198831185855807,0.2211851850634235,0.1557070814399298,0.33809616377248186,-0.32789331844000197,-0.063295899399149,-0.6791456840737199,-0.0345197463373974,-0.9511703058160944,-0.3956632172342967,0,0.41901530459900777,0.509560006836095,0,1,1,0,1,0,0,0,0,0,0,0,0,0,0,0,0,0,0,0,1,0,0
1.869874470881692,0,-0.5416484216151833,1.5803695257836163,2.038524256015781,-0.6605306743650393,0,1.235518718079156,0.3796721288811475,1.7496101475022634,0.24620020465769926,2.320918911757011,0.6144304381097051,0.12286069757234411,0,2.675949358414093,4,0.26623257679518353,0.24198831185855807,3.1781923448081244,2.4833959938131165,0.33809616377248186,0.48850772848886465,1.0410954610370433,0.5625759024789769,0.8065414765793012,0.037670111121429345,-0.4827529049300451,0,1.8264964923646578,-0.671098024941688,0,1,1,0,0,0,1,0,0,0,0,1,0,0,0,0,0,1,0,0,0,1,0
0.6653541062033014,0,1.2110768553388789,0.7166099028849382,-0.8916882501868245,0.2546249253678617,1,-0.043850704976529056,-1.0261667362455194,1.7496101475022634,0.24620020465769926,2.3585276331138187,-1.5161701448596874,-0.6780493930322936,0,2.4026276827005915,4,-1.584178240646517,0.24198831185855807,0.34975071374797573,0.1557070814399298,0.33809616377248186,1.141628566031958,1.5932911412551394,1.1834366957553253,1.9279564404682326,-0.4567500973473325,1.111168702580514,0,1.841711228875101,-0.7200734692228407,0,1,1,0,1,0,0,0,0,0,0,0,0,1,0,0,0,1,0,0,1,0,0
-0.2106607044718917,1,0.1921658386088653,0.3464272073569334,1.0617867539482457,1.1697805251007627,1,-1.4708396768463317,0.3796721288811475,-0.05778754527941421,1.1532535902386967,-0.4083693697581974,-0.547983639841472,0.12286069757234411,1,2.4026276827005915,4,-1.584178240646517,-0.9320143892374165,0.2211851850634235,-0.6201892226844657,1.754054456494842,0.651787937874638,1.3171933011460915,1.1834366957553253,0.8065414765793012,1.026510528058953,-0.7541517486231476,0,-0.18494144609636196,-0.2185124460935379,1,0,0,1,0,0,0,1,0,0,0,0,0,0,0,1,0,0,1,1,0,0,0
0.11784484953130571,0,0.9582084278292404,-1.0109093429124179,0.08504925188071055,1.1697805251007627,1,1.1863122018077836,0.3796721288811475,-0.05778754527941421,1.1532535902386967,-0.37564765739125755,-0.6248595315884548,1.7246808787816195,0,-0.057267398720923963,3,1.1914379855160337,1.4159910129545328,0.9925783571707368,0.9316033855643254,1.754054456494842,0.9783483566461847,1.8693889813641875,-0.058284890797371494,1.3672489585237668,2.5097711534652385,-0.9668131637844287,0,-0.13516246338566693,0.24260010742856294,1,0,1,0,1,0,0,0,0,0,0,0,0,0,1,0,0,1,0,0,1,0,0
-0.8676718124782865,0,0.46734618619288354,-0.5173324155417446,0.08504925188071055,-1.5756862740979403,1,-1.1263940629467242,-1.0261667362455194,-0.05778754527941421,-0.6608531809232983,-0.49208595854114734,-1.5399215629679872,-0.6780493930322936,1,-0.6039107501479274,3,-0.6589728319256667,0.24198831185855807,-0.16451140099023315,0.1557070814399298,-1.0778621289498782,0.48850772848886465,-1.1676872598353414,-0.6791456840737199,1.3672489585237668,-1.940010722753618,-0.6174631316791722,1,-0.32033670791552327,-0.637705676568175,0,1,0,1,0,0,1,0,0,0,0,0,0,0,0,1,0,0,0,1,0,0,0
-0.42966440714069,0,-1.0176360498686203,-0.8875151110697495,1.0617867539482457,1.1697805251007627,1,1.333931750621901,0.3796721288811475,-0.05778754527941421,1.1532535902386967,-0.21203909555655842,-1.4605159343810674,-0.6780493930322936,0,-0.3305890744344257,3,0.26623257679518353,1.4159910129545328,-0.678773515728442,1.707499689688721,0.33809616377248186,-0.16461310905422863,-0.6154915796172451,-0.6791456840737199,-0.0345197463373974,1.520930736527715,0.4106585104870663,0,0.09168114259196235,-0.46120326373674886,0,1,0,1,0,0,1,0,0,0,0,0,0,0,0,1,0,0,0,1,0,0,0
-0.5391662584750891,0,0.43263875496607046,-0.8875151110697495,0.08504925188071055,1.1697805251007627,1,-1.0279810304039791,0.3796721288811475,-0.05778754527941421,-0.6608531809232983,-0.21947584836722656,1.5747466507370045,-1.0785044383346125,0,-0.6039107501479274,3,0.26623257679518353,1.4159910129545328,-0.16451140099023315,0.9316033855643254,-1.0778621289498782,0.32522751910309133,0.21280194070989908,-0.3687152874355457,0.5261877356070683,0.037670111121429345,-0.35301243663120024,0,0.08207873359261995,-0.9465848990231709,0,1,1,0,0,0,1,0,0,0,0,0,0,0,1,0,0,0,0,1,0,0,0
-0.6486681098094882,0,0.7673175560817683,-0.5173324155417446,1.0617867539482457,-1.5756862740979403,0,0.05456232756621595,0.3796721288811475,-0.05778754527941421,1.1532535902386967,-0.21820097645682632,1.1631022505049893,-0.6780493930322936,0,-1.1505541015749308,3,-1.584178240646517,1.4159910129545328,-0.16451140099023315,-0.6201892226844657,0.33809616377248186,0.48850772848886465,-1.1676872598353414,-0.6791456840737199,-0.5952272282818631,-0.9511703058160944,-0.3517757225467981,0,0.08372921661927156,-0.637705676568175,0,1,0,1,1,0,0,0,0,0,0,0,0,0,0,1,0,1,0,1,0,0,0
1.3223652142096962,0,-0.8391406892735814,0.8400041347276065,0.08504925188071055,1.1697805251007627,0,0.3990079414658235,0.3796721288811475,-0.9614863916702531,-1.5679065665042957,-0.8320518013145481,1.4936545309234597,0.523315742874663,1,0.21605427699257776,3,-0.6589728319256667,0.24198831185855807,0.7354472998016324,-0.6201892226844657,-1.0778621289498782,-0.8177339465973219,-0.6154915796172451,-0.058284890797371494,-0.5952272282818631,-0.9511703058160944,-1.166818802759295,0,-1.0452206933408583,-0.1915467996887367,0,1,1,0,0,0,1,0,0,0,1,0,0,0,0,0,0,0,0,0,0,1,0
0.11784484953130571,0,-1.622536994107363,-0.8875151110697495,0.08504925188071055,1.1697805251007627,0,-1.1756005792180968,-1.0261667362455194,-0.9614863916702531,-0.6608531809232983,-0.8632861631193544,1.3369513877829007,-0.6780493930322936,0,1.855984331273588,4,-0.6589728319256667,-0.9320143892374165,-0.9359045730975464,0.1557070814399298,0.33809616377248186,-0.4911735278257753,-0.33939373950819707,0.2521455058408027,-0.3148734873096303,0.037670111121429345,-0.22315745776898488,0,-1.1332946477803183,-0.26705060962218,1,0,1,0,0,0,1,0,0,0,1,0,0,0,0,0,0,0,1,0,1,0,0
1.103361511540898,0,1.04745610812676,-0.8875151110697495,1.0617867539482457,-0.6605306743650393,0,-0.9295679978612341,1.7855109940078144,1.7496101475022634,-0.6608531809232983,2.011974952136683,0.9518692243702269,1.3242258334793007,0,-0.3305890744344257,3,0.26623257679518353,2.5899937140505074,2.2782336440162587,-0.6201892226844657,0.33809616377248186,-0.6544537372115486,-0.6154915796172451,-0.3687152874355457,-0.5952272282818631,-0.4567500973473325,-0.3452652047231645,0,1.695326720500817,-0.26705060962218,0,1,0,1,1,0,0,0,0,0,0,1,0,0,0,0,0,0,0,0,0,1,0
1.3223652142096962,0,0.016149580244313087,-1.0109093429124179,0.08504925188071055,0.2546249253678617,1,-1.4708396768463317,0.3796721288811475,1.7496101475022634,0.24620020465769926,1.8859751116587913,1.1342913587168146,0.523315742874663,0,-0.3305890744344257,3,-1.584178240646517,-0.9320143892374165,1.5068404719089457,-0.6201892226844657,0.33809616377248186,0.16194730971731802,0.7649976209279952,-0.6791456840737199,-1.1559347102263289,-0.4567500973473325,-0.10226417517055246,0,1.638366677488868,-0.38030632452234525,0,1,1,0,1,0,0,0,0,0,0,1,0,0,0,0,0,0,1,0,0,1,0
0.4463504035345031,0,1.0003531657475135,1.7037637576262845,-0.8916882501868245,1.1697805251007627,1,0.6942470390940585,0.3796721288811475,0.8459113011114247,0.24620020465769926,0.12303973822697477,-0.3825669586966848,0.12286069757234411,1,0.21605427699257776,3,1.1914379855160337,-0.9320143892374165,1.2497094145398413,-0.6201892226844657,0.33809616377248186,-0.8177339465973219,-1.1676872598353414,-0.6791456840737199,-0.5952272282818631,1.520930736527715,-0.7853716066146157,0,0.4709198574289056,-0.4832660653406772,0,1,0,1,1,0,0,0,0,0,0,0,0,0,0,1,0,0,1,0,1,0,0
-1.8531884744878788,0,-0.1871368026555923,-0.02375548817107146,-1.8684257522543597,1.1697805251007627,1,-0.5851223839616266,0.3796721288811475,-0.9614863916702531,-1.5679065665042957,-0.8020923114201423,0.9513070606280186,-0.6780493930322936,0,-1.1505541015749308,3,-1.584178240646517,-0.9320143892374165,-1.193035630466651,0.1557070814399298,0.33809616377248186,-0.8177339465973219,-0.6154915796172451,-0.6791456840737199,-0.5952272282818631,-0.9511703058160944,1.3309799082962592,1,-0.9653232341422622,0.1859722499784804,0,1,0,1,1,0,0,0,0,0,0,0,0,0,0,0,1,0,1,0,0,0,0
-0.42966440714069,0,-0.6755199420614625,0.8400041347276065,0.08504925188071055,0.2546249253678617,0,-1.4708396768463317,0.3796721288811475,-0.05778754527941421,1.1532535902386967,-0.24114867084403085,0.2553483477741643,-0.6780493930322936,1,2.675949358414093,4,0.26623257679518353,0.24198831185855807,-0.5502079870438897,-0.6201892226844657,0.33809616377248186,-0.16461310905422863,0.21280194070989908,-0.3687152874355457,-0.5952272282818631,1.026510528058953,0.1001549385818371,0,0.053740089934470235,-0.5218759681475515,0,0,0,1,1,0,0,0,0,0,0,0,0,0,0,1,0,0,0,1,0,0,0
-0.10115885313749257,0,1.3598229891680778,2.0739464531542895,1.0617867539482457,-1.5756862740979403,1,0.6942470390940585,0.3796721288811475,-0.05778754527941421,0.24620020465769926,-0.24561072253043176,-0.9689037418199239,1.3242258334793007,0,-0.3305890744344257,3,-0.6589728319256667,1.4159910129545328,-0.16451140099023315,-0.6201892226844657,-1.0778621289498782,-0.6544537372115486,-0.6154915796172451,-0.6791456840737199,-0.5952272282818631,-1.4455905142848562,-0.3783650753614422,0,0.04783885522978509,0.9066904357068039,0,1,1,0,1,0,0,0,0,0,0,0,0,0,0,0,0,1,0,0,1,0,0
0.7748559575377005,0,-0.6804781465224358,-1.0109093429124179,0.08504925188071055,0.2546249253678617,0,-1.0771875466753518,0.3796721288811475,-0.9614863916702531,1.1532535902386967,-0.7028647810606559,-1.4259428642352578,0.523315742874663,1,0.7626976284195812,3,-1.584178240646517,2.5899937140505074,-0.42164245835933756,-0.6201892226844657,0.33809616377248186,-0.8177339465973219,-0.6154915796172451,-0.058284890797371494,-0.5952272282818631,0.037670111121429345,-0.6572956311476216,0,-0.7274241700691574,0.5634912996456974,0,1,0,0,1,0,0,0,0,1,0,0,0,0,0,0,0,0,0,0,1,0,0
-1.5246829204846812,1,1.2829708200229917,-0.14714972001373974,-1.8684257522543597,1.1697805251007627,1,1.333931750621901,-1.0261667362455194,-0.9614863916702531,0.24620020465769926,-0.5341567315843557,0.8815987565941915,-0.6780493930322936,1,-1.1505541015749308,3,-1.584178240646517,-0.9320143892374165,-0.8073390444129942,-0.6201892226844657,0.33809616377248186,-0.32789331844000197,-0.063295899399149,-0.3687152874355457,-0.5952272282818631,0.037670111121429345,0.16393405064885702,1,-0.3932697690734654,-0.38030632452234525,0,1,1,0,0,0,1,0,0,0,1,0,0,0,0,0,0,0,1,0,0,0,0
0.11784484953130571,0,1.7168137103581556,-0.6407266473844129,-0.8916882501868245,1.1697805251007627,0,1.038692652993666,0.3796721288811475,-0.9614863916702531,0.24620020465769926,-0.6792796507182511,1.667222586330267,1.7246808787816195,0,1.036019304133083,3,1.1914379855160337,0.24198831185855807,-0.5502079870438897,1.707499689688721,-1.0778621289498782,-1.1442943653688686,-1.1676872598353414,-0.6791456840737199,-1.1559347102263289,1.026510528058953,-0.5070127857126937,0,-0.6760079395536189,2.0263776171061636,0,1,1,0,0,0,1,0,0,0,1,0,0,0,0,0,0,1,0,0,1,0,0
1.7603726195472926,0,1.4689034873094906,1.827157989468953,1.0617867539482457,-0.6605306743650393,1,-0.8803614815898617,1.7855109940078144,0.8459113011114247,1.1532535902386967,0.10667888204350486,-1.525586387541676,0.12286069757234411,0,-0.057267398720923963,3,0.26623257679518353,-0.9320143892374165,-0.03594587230568093,-0.6201892226844657,0.33809616377248186,-0.4911735278257753,-0.33939373950819707,-0.3687152874355457,-0.5952272282818631,0.5320903195901912,-0.16788008581465066,0,0.45446130071897317,-0.09716703727193238,0,1,1,0,0,0,1,0,0,0,0,0,0,0,0,0,0,1,0,0,0,1,0
1.2128633628752972,1,-0.23423974503483866,-0.270543951856408,-0.8916882501868245,1.1697805251007627,0,1.432344783164646,0.3796721288811475,-0.9614863916702531,0.24620020465769926,-0.8176032529966786,-0.3616263592994262,-0.27759434772997477,1,-1.1505541015749308,3,0.26623257679518353,1.4159910129545328,0.9925783571707368,0.1557070814399298,0.33809616377248186,0.32522751910309133,0.7649976209279952,1.4938670923934996,0.8065414765793012,1.026510528058953,-1.192459242341996,0,-1.0061589636101245,-0.6068177543226755,1,0,0,1,0,0,1,0,0,0,0,0,0,0,0,0,1,1,0,0,0,1,0
-0.5391662584750891,1,1.131745583963306,-0.8875151110697495,1.0617867539482457,1.1697805251007627,1,1.432344783164646,0.3796721288811475,-0.9614863916702531,-0.6608531809232983,-1.0857513114841986,1.4811463876593254,-0.6780493930322936,0,-0.8772324258614291,3,-1.584178240646517,-0.9320143892374165,-1.3216011591512031,-0.6201892226844657,0.33809616377248186,-0.9810141559830953,-1.1676872598353414,-0.6791456840737199,-1.1559347102263289,-0.4567500973473325,1.3907544223756918,1,-1.977193785768028,0.7522508244793061,0,1,1,0,1,0,0,0,0,0,1,0,0,0,0,0,0,0,1,1,0,0,0
-1.1961773664814839,0,-0.04086977105687988,-0.270543951856408,0.08504925188071055,1.1697805251007627,1,0.4974209740085685,0.3796721288811475,-0.9614863916702531,1.1532535902386967,-0.8356639383940155,-0.3356262862222931,-0.6780493930322936,0,1.3093409798465847,4,0.26623257679518353,-0.9320143892374165,-0.5502079870438897,1.707499689688721,0.33809616377248186,-0.0013328996684553085,0.7649976209279952,0.8730062991171511,0.8065414765793012,1.520930736527715,-0.7237322062174341,1,-1.055146563171722,-0.5218759681475515,0,0,1,0,0,0,1,0,0,0,1,0,0,0,0,0,0,0,1,1,0,0,0
1.979376322216091,0,1.5829421899118765,1.5803695257836163,0.08504925188071055,-1.5756862740979403,1,1.3831382668932737,-1.0261667362455194,-0.9614863916702531,-0.6608531809232983,-0.6301970821678414,1.3244432445187664,0.9237707881769818,0,-0.8772324258614291,3,1.1914379855160337,0.24198831185855807,-0.42164245835933756,-1.3960855268088614,0.33809616377248186,-0.4911735278257753,-0.6154915796172451,-0.3687152874355457,-0.5952272282818631,-0.4567500973473325,-0.5691797526339755,0,-0.5743255603139683,0.9410103493129147,0,1,1,0,0,0,0,0,1,0,0,0,0,0,1,0,0,0,0,0,0,1,0
-0.3201625558062908,0,0.8788771564536676,-0.5173324155417446,-0.8916882501868245,-0.6605306743650393,1,-0.4375028351475091,-1.0261667362455194,-0.05778754527941421,1.1532535902386967,-0.5347941675395558,-0.33745331838447007,-0.6780493930322936,0,-0.3305890744344257,3,0.26623257679518353,0.24198831185855807,0.4783162424325279,0.1557070814399298,1.754054456494842,1.3049087754177313,1.5932911412551394,0.5625759024789769,2.488663922412698,1.026510528058953,-0.9327565168636728,0,-0.3944024453275388,-0.7342304335853612,0,1,1,0,0,0,1,0,0,0,1,0,0,0,0,0,0,1,0,1,0,0,0
2.526885578888087,0,-1.0721762989393266,-1.0109093429124179,1.0617867539482457,0.2546249253678617,1,1.2847252343505287,-2.432005601372186,0.8459113011114247,1.1532535902386967,0.9306710934655351,0.8648743852634951,0.12286069757234411,0,1.3093409798465847,4,0.26623257679518353,0.24198831185855807,0.9925783571707368,-0.6201892226844657,1.754054456494842,-0.9810141559830953,-1.1676872598353414,-0.6791456840737199,-1.1559347102263289,1.520930736527715,-0.2998554277402349,0,1.1177579237181334,-0.4369341819724278,0,1,1,0,0,0,1,0,0,0,0,0,0,0,0,0,0,0,0,0,0,0,1
-0.42966440714069,0,-1.3275238286794517,1.456975293940948,0.08504925188071055,-0.6605306743650393,1,0.645040522822686,1.7855109940078144,-0.9614863916702531,-0.6608531809232983,-0.9508273676335051,-0.09502020455714803,-0.6780493930322936,0,0.7626976284195812,3,1.1914379855160337,2.5899937140505074,0.34975071374797573,2.4833959938131165,0.33809616377248186,1.141628566031958,1.8693889813641875,-0.058284890797371494,2.488663922412698,0.037670111121429345,-1.181905328914956,0,-1.41173664933986,-0.7200734692228407,0,1,1,0,0,0,1,0,0,0,1,0,0,0,0,0,0,1,0,1,0,0,0
0.008342998196906572,0,1.1788485263425523,-1.0109093429124179,1.0617867539482457,0.2546249253678617,1,-1.7168722582031943,-2.432005601372186,-0.05778754527941421,1.1532535902386967,0.6421250844116111,-0.9326441804474896,-0.6780493930322936,0,-0.3305890744344257,3,0.26623257679518353,1.4159910129545328,-0.678773515728442,-0.6201892226844657,-1.0778621289498782,-0.16461310905422863,-0.33939373950819707,-0.3687152874355457,-0.3148734873096303,0.5320903195901912,1.7916559047360232,0,0.9170997868584541,-0.46120326373674886,1,0,0,1,0,0,1,0,0,0,0,0,0,0,0,1,0,0,0,0,1,0,0
-0.3201625558062908,0,-0.3086128119494382,1.2101868302556114,0.08504925188071055,-0.6605306743650393,0,-1.5200461931177043,-1.0261667362455194,-0.9614863916702531,1.1532535902386967,-0.7593841024217337,0.846744604577278,-0.6780493930322936,0,-0.8772324258614291,3,-0.6589728319256667,-0.9320143892374165,-0.16451140099023315,0.1557070814399298,0.33809616377248186,0.48850772848886465,1.3171933011460915,1.8042974890316739,0.8065414765793012,0.037670111121429345,-0.8767608513754689,1,-0.8582926361641543,-0.637705676568175,0,1,1,0,1,0,0,0,0,0,0,0,0,0,1,0,0,1,0,1,0,0,0
-1.5246829204846812,1,-0.9308674718015876,-0.270543951856408,0.08504925188071055,0.2546249253678617,1,1.6291708482501361,0.3796721288811475,-0.9614863916702531,1.1532535902386967,-0.8983451406553613,1.516422162482895,-0.6780493930322936,1,1.5826626555600865,4,-0.6589728319256667,0.24198831185855807,-1.0644701017820986,-0.6201892226844657,0.33809616377248186,-0.6544537372115486,-0.6154915796172451,-0.6791456840737199,-0.5952272282818631,0.5320903195901912,0.08258574643041115,1,-1.238707808841263,-0.09716703727193238,0,1,0,1,1,0,0,0,0,0,0,0,0,0,0,0,1,0,0,0,0,0,0
0.7748559575377005,0,0.293809030058818,-0.8875151110697495,0.08504925188071055,0.2546249253678617,0,1.4815512994360187,1.7855109940078144,0.8459113011114247,1.1532535902386967,0.292385223658475,0.06983431284543094,-0.6780493930322936,1,1.036019304133083,3,-0.6589728319256667,0.24198831185855807,-0.2930769296747854,-0.6201892226844657,0.33809616377248186,0.16194730971731802,0.7649976209279952,1.1834366957553253,0.8065414765793012,0.5320903195901912,0.3239740140155522,0,0.6314750084642123,-0.6068177543226755,0,1,1,0,1,0,0,0,0,0,0,0,0,0,0,0,0,1,0,0,1,0,0
-0.2106607044718917,0,-1.6274951985683364,-0.8875151110697495,1.0617867539482457,-1.5756862740979403,1,0.645040522822686,-1.0261667362455194,-0.9614863916702531,1.1532535902386967,-0.3342143203032493,-0.048220073018308475,-1.0785044383346125,1,-0.3305890744344257,3,0.26623257679518353,-0.9320143892374165,-0.678773515728442,-0.6201892226844657,1.754054456494842,-0.32789331844000197,-0.063295899399149,-0.3687152874355457,-0.0345197463373974,0.5320903195901912,0.21312778867284973,0,-0.07440398280231808,-0.9465848990231709,1,0,1,0,0,0,1,0,0,0,0,0,0,0,1,0,0,0,1,1,0,0,0
0.6653541062033014,0,0.9334174055243739,-0.8875151110697495,0.08504925188071055,1.1697805251007627,1,0.349801425194451,0.3796721288811475,-0.05778754527941421,1.1532535902386967,0.28558590680300705,-1.1586340048152193,-0.6780493930322936,1,0.4893759527060795,3,-1.584178240646517,0.24198831185855807,-0.16451140099023315,0.1557070814399298,0.33809616377248186,0.48850772848886465,1.3171933011460915,1.8042974890316739,1.086895217551534,0.5320903195901912,0.13693245980607907,0,0.625348013564784,-0.637705676568175,0,1,0,1,0,0,1,0,0,0,0,0,0,0,0,1,0,1,0,0,1,0,0
-1.4151810691502822,0,-0.5490857283066433,-0.02375548817107146,0.08504925188071055,0.2546249253678617,1,-0.19147025379064658,1.7855109940078144,-0.9614863916702531,0.24620020465769926,-0.44661552707020497,0.46419217800454143,-0.6780493930322936,0,0.21605427699257776,3,1.1914379855160337,0.24198831185855807,-0.8073390444129942,-1.3960855268088614,0.33809616377248186,-0.32789331844000197,-0.33939373950819707,-0.6791456840737199,-0.0345197463373974,1.026510528058953,0.3337761182400722,1,-0.2452908264311743,-0.38030632452234525,0,1,1,0,0,0,1,0,0,0,0,0,0,0,1,0,0,1,0,0,0,0,0
0.4463504035345031,0,0.28637172336735806,-0.3939381836990763,0.08504925188071055,1.1697805251007627,1,-1.5200461931177043,0.3796721288811475,0.8459113011114247,0.24620020465769926,0.5817811473193325,0.21866716359507385,-0.6780493930322936,0,-0.8772324258614291,3,-0.6589728319256667,-0.9320143892374165,-0.16451140099023315,0.1557070814399298,0.33809616377248186,0.48850772848886465,1.0410954610370433,1.8042974890316739,0.8065414765793012,0.5320903195901912,0.4242623654154889,0,0.871528111040142,-0.637705676568175,0,1,0,1,0,1,0,0,0,0,0,0,0,0,0,1,0,0,1,0,1,0,0
-0.8676718124782865,0,0.6929444891671688,-0.02375548817107146,1.0617867539482457,1.1697805251007627,0,-1.1263940629467242,0.3796721288811475,-0.9614863916702531,0.24620020465769926,-0.7498225630937319,1.5598493115684848,2.5255909693862573,0,0.4893759527060795,3,0.26623257679518353,0.24198831185855807,-0.2930769296747854,-0.6201892226844657,0.33809616377248186,-0.32789331844000197,-0.33939373950819707,-0.3687152874355457,-0.5952272282818631,1.026510528058953,-0.7993746126496442,1,-0.8353383730214019,2.111319403281288,0,1,1,0,0,0,1,0,0,0,1,0,0,0,0,0,0,1,0,1,0,0,0
-0.10115885313749257,0,-0.6755199420614625,-0.8875151110697495,1.0617867539482457,0.2546249253678617,0,-0.7327419327757442,0.3796721288811475,-0.05778754527941421,1.1532535902386967,-0.42515518324513407,-0.9660929231088825,0.12286069757234411,0,-0.057267398720923963,3,0.26623257679518353,-0.9320143892374165,0.7354472998016324,-0.6201892226844657,-1.0778621289498782,0.9783483566461847,0.7649976209279952,1.1834366957553253,0.8065414765793012,0.5320903195901912,-0.9346317957367531,0,-0.21113074913680946,-0.38030632452234525,0,1,0,1,1,0,0,0,0,0,0,0,0,0,0,0,1,0,1,0,1,0,0
0.8843578088720997,0,1.0796844371230863,-1.0109093429124179,-1.8684257522543597,0.2546249253678617,1,0.3990079414658235,-1.0261667362455194,0.8459113011114247,0.24620020465769926,0.9019864754815294,-1.5344404664814566,0.12286069757234411,0,2.1293060069870897,4,1.1914379855160337,0.24198831185855807,1.76397152927805,0.1557070814399298,-1.0778621289498782,2.6111504505039176,2.9737803418003796,3.666879868860719,-0.0345197463373974,0.5320903195901912,-0.5943365783008537,0,1.0989657065622798,-0.5545458859072147,0,0,1,0,1,0,0,0,0,0,0,0,0,0,0,0,0,1,0,0,1,0,0
-1.4151810691502822,1,-1.3944595889025913,1.5803695257836163,-1.8684257522543597,1.1697805251007627,1,-0.3882963188761366,-2.432005601372186,-0.9614863916702531,0.24620020465769926,-1.0513297699033917,-0.38341020430999717,-0.6780493930322936,0,-1.1505541015749308,3,0.26623257679518353,0.24198831185855807,-1.3216011591512031,-0.6201892226844657,0.33809616377248186,-0.9810141559830953,-1.1676872598353414,-0.6791456840737199,-1.1559347102263289,1.026510528058953,1.7246672251642456,1,-1.8115632225904417,0.7522508244793061,0,1,0,0,0,0,0,0,0,1,0,0,0,0,0,0,0,1,0,0,0,0,0
1.103361511540898,1,0.7202146137025219,-0.02375548817107146,0.08504925188071055,0.2546249253678617,1,0.7926600716368035,-2.432005601372186,1.7496101475022634,0.24620020465769926,1.366889765474155,1.3844542239995006,1.7246808787816195,0,-1.1505541015749308,3,0.26623257679518353,-0.9320143892374165,1.76397152927805,0.1557070814399298,-2.4938204216722384,2.6111504505039176,0.21280194070989908,3.666879868860719,1.6476026994959998,-0.4567500973473325,-0.41394121718940785,0,1.3779293360216944,-0.03182720175260638,1,0,0,1,1,0,0,0,0,0,0,0,0,0,0,1,0,1,0,0,0,1,0
-1.1961773664814839,0,-1.0225942543295936,0.9633983665702748,1.0617867539482457,1.1697805251007627,1,-0.19147025379064658,-2.432005601372186,-0.9614863916702531,0.24620020465769926,-0.89197078110336,-1.137833946353513,-0.6780493930322936,0,-0.057267398720923963,3,0.26623257679518353,2.5899937140505074,-1.0644701017820986,0.1557070814399298,1.754054456494842,-0.6544537372115486,-0.6154915796172451,-0.6791456840737199,-0.5952272282818631,1.520930736527715,0.10319764783711201,1,-1.2189846169354877,-0.09716703727193238,0,1,1,0,0,0,1,0,0,0,1,0,0,0,0,0,0,1,0,1,0,0,0
0.8843578088720997,0,0.5020536174196967,2.320734916839626,-0.8916882501868245,1.1697805251007627,0,-0.8803614815898617,-1.0261667362455194,1.7496101475022634,-0.6608531809232983,2.167509325205514,0.3943433330351623,-0.6780493930322936,0,-1.1505541015749308,3,0.26623257679518353,-0.9320143892374165,1.2497094145398413,-0.6201892226844657,0.33809616377248186,2.284590031732371,0.48889978081894714,1.8042974890316739,0.5261877356070683,0.5320903195901912,0.15904608545812524,0,1.7627904072048863,-0.7921452877956728,0,1,1,0,0,0,0,0,1,0,0,0,0,1,0,0,0,0,1,0,1,0,0
-0.5391662584750891,0,-0.5391693193846967,0.09963874367159682,0.08504925188071055,-1.5756862740979403,1,-0.4867093514188816,0.3796721288811475,-0.9614863916702531,0.24620020465769926,-0.6522948619481125,0.42821369850321134,1.3242258334793007,0,-0.6039107501479274,3,-1.584178240646517,0.24198831185855807,-0.16451140099023315,0.1557070814399298,-1.0778621289498782,-0.32789331844000197,-0.6154915796172451,-0.3687152874355457,-0.3148734873096303,-1.940010722753618,-0.7728768682856966,1,-0.6192567592089421,0.9066904357068039,1,0,1,0,1,0,0,0,0,0,0,0,0,0,1,0,0,1,0,1,0,0,0
-0.6486681098094882,0,-0.15242937142877916,-0.8875151110697495,1.0617867539482457,-0.6605306743650393,1,0.15297536010896096,0.3796721288811475,-0.9614863916702531,0.24620020465769926,-0.642945801271844,0.5326356136183998,-0.6780493930322936,0,-0.3305890744344257,3,1.1914379855160337,0.24198831185855807,-0.678773515728442,-0.6201892226844657,1.754054456494842,-0.32789331844000197,-0.6154915796172451,-0.6791456840737199,-0.3148734873096303,1.026510528058953,-0.28602375705942246,1,-0.6000835102603544,-0.46120326373674886,0,1,1,0,1,0,0,0,0,0,1,0,0,0,0,0,0,1,0,1,0,0,0
0.4463504035345031,0,-0.6209796929907562,-0.6407266473844129,0.08504925188071055,0.2546249253678617,1,-0.2898832863333916,-2.432005601372186,-0.05778754527941421,-0.6608531809232983,-0.015496342703186072,0.9108312711890223,1.3242258334793007,0,1.036019304133083,3,-0.6589728319256667,0.24198831185855807,-0.16451140099023315,0.9316033855643254,0.33809616377248186,-0.6544537372115486,-0.6154915796172451,-0.3687152874355457,-0.5952272282818631,-0.4567500973473325,-0.15513818312687208,0,0.3255144420921911,0.9066904357068039,0,0,0,0,0,0,0,0,0,1,0,0,0,0,0,0,0,1,0,0,1,0,0
0.33684855220010396,0,-1.0746554011698133,-0.14714972001373974,-0.8916882501868245,-0.6605306743650393,0,1.2847252343505287,0.3796721288811475,-0.05778754527941421,-1.5679065665042957,0.0027768213458842232,-1.303110086562748,-0.27759434772997477,1,0.21605427699257776,3,-0.6589728319256667,0.24198831185855807,0.8640128284861845,0.1557070814399298,0.33809616377248186,-0.9810141559830953,-1.1676872598353414,-0.6791456840737199,-1.1559347102263289,-1.4455905142848562,-0.734332612655166,0,0.3455169499376885,-0.5889352730226494,0,1,1,0,1,0,0,0,0,0,0,0,1,0,0,0,0,1,0,0,1,0,0
-1.4151810691502822,0,-0.7350183955931421,2.4441291486822943,-1.8684257522543597,-0.6605306743650393,1,1.235518718079156,0.3796721288811475,-0.9614863916702531,-1.5679065665042957,-0.5515799810264925,-1.5025376741111365,-0.6780493930322936,0,-0.6039107501479274,3,-0.6589728319256667,2.5899937140505074,-0.678773515728442,-0.6201892226844657,1.754054456494842,-0.16461310905422863,-0.6154915796172451,-0.3687152874355457,-0.5952272282818631,-0.9511703058160944,-0.1383051303113998,1,-0.4245404644203706,-0.46120326373674886,0,1,1,0,0,0,1,0,0,0,1,0,0,0,0,0,0,0,0,0,0,0,0
0.9938596602064987,0,-0.21192782496045878,0.4698214391996017,1.0617867539482457,0.2546249253678617,1,-1.5692527093890767,0.3796721288811475,-0.05778754527941421,-0.6608531809232983,-0.199927812407756,-0.6487514906323067,1.3242258334793007,0,-0.3305890744344257,3,1.1914379855160337,-0.9320143892374165,0.9925783571707368,0.1557070814399298,0.33809616377248186,0.48850772848886465,0.7649976209279952,-0.6791456840737199,1.3672489585237668,0.5320903195901912,-0.8770971508194729,0,0.10718943561915323,0.07271653507831528,0,1,1,0,1,0,0,0,0,0,0,0,0,0,0,0,0,0,1,0,0,1,0
-0.2106607044718917,0,1.4069259315473241,2.197340684996958,1.0617867539482457,1.1697805251007627,1,-0.8311549653184892,0.3796721288811475,-0.05778754527941421,0.24620020465769926,0.08075648653203303,-1.2876505836520202,-0.27759434772997477,0,0.21605427699257776,3,-0.6589728319256667,0.24198831185855807,0.7354472998016324,0.1557070814399298,0.33809616377248186,-0.0013328996684553085,0.7649976209279952,-0.6791456840737199,0.8065414765793012,0.5320903195901912,-0.6459439295640782,0,0.42801003203940396,-0.5690658493559537,0,1,1,0,1,0,0,0,0,0,0,0,1,0,0,0,0,1,0,1,0,0,0
-0.7581699611438873,0,-0.023516055443473325,0.8400041347276065,-1.8684257522543597,-0.6605306743650393,1,-1.6184592256604493,0.3796721288811475,-0.9614863916702531,1.1532535902386967,-0.7736201720878699,-1.475975437291795,-0.6780493930322936,0,-0.8772324258614291,3,-0.6589728319256667,0.24198831185855807,-0.16451140099023315,-0.6201892226844657,-1.0778621289498782,0.48850772848886465,-1.1676872598353414,-0.6791456840737199,1.086895217551534,-0.4567500973473325,-0.8905708253179585,1,-0.8931308458776391,-0.637705676568175,0,1,1,0,1,0,0,0,0,0,0,0,0,0,1,0,0,1,0,1,0,0,0
1.103361511540898,0,-0.643291613065136,-0.8875151110697495,1.0617867539482457,0.2546249253678617,1,1.038692652993666,0.3796721288811475,-0.05778754527941421,-0.6608531809232983,-0.3240153450200473,-1.5146241945686145,1.7246808787816195,0,-1.1505541015749308,3,1.1914379855160337,0.24198831185855807,-0.9359045730975464,0.1557070814399298,-2.4938204216722384,-0.9810141559830953,-1.1676872598353414,-0.6791456840737199,-1.1559347102263289,-0.4567500973473325,1.0846676864861842,0,-0.059816718580085124,3.8101551267837643,0,0,0,1,0,1,0,0,0,0,0,0,0,0,0,1,0,1,0,0,0,1,0
0.9938596602064987,0,1.1763694241120657,-0.8875151110697495,0.08504925188071055,0.2546249253678617,1,0.3990079414658235,0.3796721288811475,0.8459113011114247,1.1532535902386967,0.8212445878228467,-1.2251098673313487,0.523315742874663,1,-0.8772324258614291,3,-0.6589728319256667,0.24198831185855807,0.2211851850634235,1.707499689688721,-1.0778621289498782,0.48850772848886465,0.48889978081894714,-0.6791456840737199,-0.3148734873096303,0.037670111121429345,0.16339497015052803,0,1.0447738481838162,0.024178371549673068,0,1,0,1,1,0,0,0,0,0,0,0,0,0,0,1,0,0,0,0,0,1,0
-0.10115885313749257,1,1.6201287233691761,0.4698214391996017,2.038524256015781,-0.6605306743650393,1,1.4815512994360187,-1.0261667362455194,-0.05778754527941421,-1.5679065665042957,-0.07839002361626522,-0.7947735226709083,0.9237707881769818,1,-0.6039107501479274,3,-0.6589728319256667,2.5899937140505074,0.6068817711170802,0.1557070814399298,0.33809616377248186,-0.8177339465973219,-0.6154915796172451,-0.058284890797371494,-0.5952272282818631,-1.4455905142848562,-0.6902746733983429,0,0.2545633040362663,0.052730232448874446,0,1,0,1,0,1,0,0,0,0,0,0,0,0,0,1,0,0,0,0,1,0,0
-0.5391662584750891,1,0.40041042596974397,-1.0109093429124179,-0.8916882501868245,-1.5756862740979403,1,-1.5692527093890767,-2.432005601372186,-0.05778754527941421,-0.6608531809232983,0.04930964607549346,-0.3044261985297334,1.3242258334793007,0,-0.057267398720923963,3,-0.6589728319256667,-0.9320143892374165,-0.16451140099023315,-0.6201892226844657,0.33809616377248186,-1.1442943653688686,-1.1676872598353414,-0.6791456840737199,-1.1559347102263289,-1.4455905142848562,-0.09227188383643448,0,0.39528495350999043,0.9066904357068039,0,1,0,1,1,0,0,0,0,0,0,0,0,0,0,1,0,0,1,1,0,0,0
-1.5246829204846812,0,-1.5927877673415234,-0.6407266473844129,-1.8684257522543597,0.2546249253678617,0,-0.7327419327757442,0.3796721288811475,-0.9614863916702531,-0.6608531809232983,-0.6816169158873183,-0.20393942961000286,-0.6780493930322936,0,-0.6039107501479274,3,0.26623257679518353,-0.9320143892374165,-1.0644701017820986,0.1557070814399298,-2.4938204216722384,-0.6544537372115486,-0.6154915796172451,-0.3687152874355457,-0.5952272282818631,-0.9511703058160944,0.7833903942582399,1,-0.6810255687854377,-0.09716703727193238,0,1,1,0,0,0,1,0,0,0,1,0,0,0,0,0,0,0,1,0,0,0,0
-0.6486681098094882,0,-1.5853504606500635,1.827157989468953,-1.8684257522543597,1.1697805251007627,0,-1.7660787744745667,0.3796721288811475,-0.05778754527941421,1.1532535902386967,-0.26877089556936967,-1.074168902548425,-0.27759434772997477,0,1.3093409798465847,4,1.1914379855160337,-0.9320143892374165,-0.2930769296747854,0.1557070814399298,-1.0778621289498782,-0.32789331844000197,-0.063295899399149,-0.3687152874355457,-0.0345197463373974,1.520930736527715,-0.28087078170774726,0,0.01683139469649425,-0.26705060962218,1,0,1,0,0,0,0,0,1,0,0,0,1,0,0,0,0,0,1,1,0,0,0
0.22734670086570485,0,-0.025995157673959976,-1.0109093429124179,0.08504925188071055,1.1697805251007627,1,0.5466274902799411,0.3796721288811475,-0.05778754527941421,1.1532535902386967,-0.0065722393303842995,-0.7482544730031728,-0.6780493930322936,1,-0.057267398720923963,3,1.1914379855160337,0.24198831185855807,-0.2930769296747854,-0.6201892226844657,0.33809616377248186,0.32522751910309133,1.0410954610370433,0.8730062991171511,1.086895217551534,2.015350944996477,0.0017412886907954674,0,0.3353163134700479,-0.6068177543226755,0,0,1,0,1,0,0,0,0,0,1,0,0,0,0,0,0,1,0,0,1,0,0
-0.5391662584750891,0,-1.06969719670884,1.2101868302556114,0.08504925188071055,1.1697805251007627,1,0.6942470390940585,-2.432005601372186,0.8459113011114247,0.24620020465769926,0.660185769808948,-1.4718997501607851,0.12286069757234411,0,-0.6039107501479274,3,0.26623257679518353,0.24198831185855807,-0.16451140099023315,-0.6201892226844657,-2.4938204216722384,-0.4911735278257753,-0.33939373950819707,-0.6791456840737199,-0.5952272282818631,0.037670111121429345,0.500320281606215,0,0.9304752407361329,-0.019947231658183493,0,1,0,1,1,0,0,0,0,0,0,0,0,0,0,1,0,1,0,1,0,0,0
0.33684855220010396,0,-0.47471266139204377,-0.270543951856408,1.0617867539482457,-0.6605306743650393,1,1.0878991692650386,0.3796721288811475,2.6533089938931025,-0.6608531809232983,2.832355026479246,-1.400364413964781,-0.6780493930322936,0,-0.3305890744344257,3,-0.6589728319256667,-0.9320143892374165,1.2497094145398413,0.1557070814399298,-1.0778621289498782,2.284590031732371,1.0410954610370433,3.0460190755843706,1.086895217551534,-1.4455905142848562,0.4661634164179679,0,2.0212859124671487,-0.7921452877956728,0,1,0,1,0,0,1,0,0,0,0,1,0,0,0,0,0,0,1,0,1,0,0
0.8843578088720997,0,-1.553122131653737,-0.6407266473844129,0.08504925188071055,0.2546249253678617,0,-0.4867093514188816,-2.432005601372186,0.8459113011114247,0.24620020465769926,0.6912076529620209,-1.08470947271483,0.523315742874663,0,1.5826626555600865,4,0.26623257679518353,1.4159910129545328,-0.2930769296747854,-0.6201892226844657,1.754054456494842,-0.32789331844000197,-1.1676872598353414,-0.6791456840737199,-0.3148734873096303,1.026510528058953,0.7538466689086355,0,0.9531757901683467,0.4124836797788108,0,1,0,0,1,0,0,0,0,1,0,0,0,0,0,0,0,1,0,0,1,0,0
-0.7581699611438873,0,1.2631380021790986,-0.8875151110697495,1.0617867539482457,1.1697805251007627,0,0.5958340065513135,-1.0261667362455194,-0.9614863916702531,-1.5679065665042957,-0.3261401315373811,1.7024983611538367,-1.0785044383346125,0,0.21605427699257776,3,1.1914379855160337,-0.9320143892374165,-0.16451140099023315,-0.6201892226844657,0.33809616377248186,0.32522751910309133,0.7649976209279952,-0.6791456840737199,0.8065414765793012,0.5320903195901912,-0.4564841816928385,0,-0.06284409834547394,-0.9465848990231709,1,0,1,0,0,0,0,0,1,0,0,0,0,0,1,0,0,0,1,1,0,0,0
-1.4151810691502822,0,0.23431057652713835,0.09963874367159682,0.08504925188071055,-1.5756862740979403,1,-0.3390898026047641,0.3796721288811475,-0.9614863916702531,1.1532535902386967,-0.9259673653807001,-1.7168626008280443,-1.0785044383346125,0,-0.3305890744344257,3,1.1914379855160337,0.24198831185855807,-1.0644701017820986,-0.6201892226844657,0.33809616377248186,-0.8177339465973219,-0.6154915796172451,-0.058284890797371494,-0.8755809692540959,0.5320903195901912,-0.006732492998625942,1,-1.3272930907130192,-0.9465848990231709,1,0,0,0,0,0,1,0,0,1,0,0,0,0,0,0,0,1,0,0,0,0,0
-0.7581699611438873,1,-0.501982785927397,-0.14714972001373974,0.08504925188071055,0.2546249253678617,0,0.005355811294843447,-1.0261667362455194,-0.9614863916702531,1.1532535902386967,-0.918530612570032,-0.6438325578879842,1.3242258334793007,0,-1.1505541015749308,3,0.26623257679518353,0.24198831185855807,-0.678773515728442,-2.171981830933257,-1.0778621289498782,-0.4911735278257753,-0.6154915796172451,-0.3687152874355457,-0.5952272282818631,0.5320903195901912,-0.7315843591342726,1,-1.3029258347335013,1.965704912695361,1,0,0,0,0,0,0,0,0,1,0,0,0,0,0,0,0,0,0,1,0,0,0
-0.6486681098094882,0,0.49709541295872334,-0.5173324155417446,0.08504925188071055,-1.5756862740979403,1,-0.7327419327757442,0.3796721288811475,-0.05778754527941421,0.24620020465769926,0.3916127540179614,0.9317718705862807,-0.6780493930322936,0,1.036019304133083,3,0.26623257679518353,0.24198831185855807,-0.678773515728442,0.1557070814399298,0.33809616377248186,-0.32789331844000197,-0.6154915796172451,-0.6791456840737199,-0.5952272282818631,-0.4567500973473325,1.3866320420943516,0,0.7181646806013554,-0.46120326373674886,0,1,0,1,0,0,0,0,1,0,0,0,0,0,0,1,0,1,0,1,0,0,0
-1.0866755151470848,0,0.6235296267135425,-0.14714972001373974,0.08504925188071055,0.2546249253678617,0,0.05456232756621595,0.3796721288811475,-0.9614863916702531,1.1532535902386967,-0.649745118127312,-1.1469691071643975,-0.6780493930322936,0,-1.1505541015749308,3,0.26623257679518353,-0.9320143892374165,-0.678773515728442,1.707499689688721,-1.0778621289498782,-0.16461310905422863,-0.6154915796172451,-0.3687152874355457,-0.0345197463373974,0.5320903195901912,-0.29701677114299635,1,-0.6140034286677316,-0.46120326373674886,0,1,1,0,0,0,1,0,0,0,0,0,0,0,1,0,0,0,1,1,0,0,0
-0.8676718124782865,1,-0.9283883695711009,-0.02375548817107146,0.08504925188071055,-0.6605306743650393,0,-0.6835354165043717,-2.432005601372186,-0.9614863916702531,-0.6608531809232983,-0.7952929945646742,0.04453694444605821,-0.6780493930322936,0,-0.6039107501479274,3,0.26623257679518353,-0.9320143892374165,-1.193035630466651,0.1557070814399298,0.33809616377248186,-0.8177339465973219,-0.6154915796172451,-0.058284890797371494,-0.5952272282818631,-0.4567500973473325,1.3639589505469807,1,-0.9477660036746183,0.1859722499784804,0,1,0,1,0,1,0,0,0,0,0,0,0,0,0,0,1,0,1,1,0,0,0
-0.8676718124782865,0,-0.8465779959650415,-1.0109093429124179,0.08504925188071055,1.1697805251007627,1,0.20218187638033347,1.7855109940078144,-0.05778754527941421,0.24620020465769926,-0.04439343933892514,1.2292970311500144,2.1251359240839385,1,-0.8772324258614291,3,1.1914379855160337,-0.9320143892374165,-0.16451140099023315,1.707499689688721,1.754054456494842,-0.6544537372115486,-0.6154915796172451,-0.6791456840737199,-0.5952272282818631,2.015350944996477,-0.18317036903998526,0,0.29332992482675724,1.5244488806167957,1,0,1,0,1,0,0,0,0,0,0,0,0,0,0,0,0,0,1,1,0,0,0
-0.7581699611438873,0,0.43759695942704374,0.7166099028849382,-0.8916882501868245,0.2546249253678617,1,1.3831382668932737,-1.0261667362455194,0.8459113011114247,-1.5679065665042957,0.13536350002751055,-1.5775865336959423,-0.27759434772997477,0,-1.1505541015749308,3,-1.584178240646517,0.24198831185855807,0.09261965637887129,-0.6201892226844657,0.33809616377248186,-0.0013328996684553085,0.7649976209279952,-0.3687152874355457,0.8065414765793012,-1.4455905142848562,-0.25407530987903615,0,0.48319947776315514,-0.4238662148685625,0,1,0,1,0,1,0,0,0,0,0,0,0,0,0,1,0,0,0,1,0,0,0
-0.3201625558062908,0,-1.5407266205013037,-0.8875151110697495,1.0617867539482457,1.1697805251007627,1,1.5307578157073911,1.7855109940078144,-0.9614863916702531,1.1532535902386967,-0.7587466664665337,-1.2265152766868694,-1.0785044383346125,1,-0.3305890744344257,3,-1.584178240646517,2.5899937140505074,-0.678773515728442,0.1557070814399298,0.33809616377248186,-0.32789331844000197,-1.1676872598353414,-0.3687152874355457,-0.5952272282818631,0.5320903195901912,-0.4732485281702885,1,-0.8567514156405167,-0.9465848990231709,0,1,1,0,0,0,1,0,0,0,0,0,0,0,1,0,0,1,0,1,0,0,0
-0.42966440714069,0,1.1912440374949855,-0.8875151110697495,0.08504925188071055,1.1697805251007627,0,-0.19147025379064658,0.3796721288811475,-0.05778754527941421,-0.6608531809232983,-0.28810645287710684,-0.508210555080236,2.1251359240839385,0,-0.057267398720923963,3,1.1914379855160337,-0.9320143892374165,0.2211851850634235,-0.6201892226844657,-1.0778621289498782,0.651787937874638,0.7649976209279952,-0.3687152874355457,0.8065414765793012,0.5320903195901912,-0.664410700960127,0,-0.009553855688547106,0.994941642122517,0,0,0,1,0,1,0,0,0,0,0,0,0,0,0,1,0,0,1,1,0,0,0
1.3223652142096962,0,1.2656171044095852,0.2230329755142651,1.0617867539482457,1.1697805251007627,0,0.6942470390940585,0.3796721288811475,-0.05778754527941421,1.1532535902386967,-0.42409278998646716,-0.8604061395737252,0.12286069757234411,0,-0.8772324258614291,3,0.26623257679518353,-0.9320143892374165,-0.42164245835933756,-1.3960855268088614,1.754054456494842,-0.32789331844000197,-0.8915894197262932,-0.6791456840737199,-0.0345197463373974,2.015350944996477,-0.3192604480777276,0,-0.20945962514457403,0.1859722499784804,0,1,0,1,0,1,0,0,0,0,0,0,0,0,0,1,0,0,1,0,0,1,0
-0.42966440714069,1,-1.466353553586704,0.8400041347276065,0.08504925188071055,-1.5756862740979403,0,0.3990079414658235,0.3796721288811475,0.8459113011114247,-1.5679065665042957,0.43793310009583725,-0.5932378210892388,-0.27759434772997477,1,1.3093409798465847,4,0.26623257679518353,-0.9320143892374165,-0.03594587230568093,-0.6201892226844657,-1.0778621289498782,-1.1442943653688686,-1.1676872598353414,-0.6791456840737199,-1.1559347102263289,-1.940010722753618,0.12424677139486393,0,0.7569843792542715,-0.38030632452234525,0,1,0,1,1,0,0,0,0,0,0,0,0,0,0,1,0,0,1,1,0,0,0
0.11784484953130571,0,-0.5168573993103168,-0.8875151110697495,-0.8916882501868245,0.2546249253678617,0,0.448214457737196,-1.0261667362455194,-0.9614863916702531,-0.6608531809232983,-0.8573367608708199,0.2318780115369685,0.523315742874663,0,-0.3305890744344257,3,-0.6589728319256667,0.24198831185855807,-0.2930769296747854,0.9316033855643254,-1.0778621289498782,-0.16461310905422863,-0.8915894197262932,-0.6791456840737199,0.24583399463483546,-0.9511703058160944,-0.9152593027806513,0,-1.1161166160203886,0.4124836797788108,1,0,1,0,0,0,1,0,0,0,1,0,0,0,0,0,0,1,0,0,1,0,0
-0.6486681098094882,1,0.6855071824757089,0.8400041347276065,1.0617867539482457,-1.5756862740979403,1,0.20218187638033347,0.3796721288811475,0.8459113011114247,0.24620020465769926,0.35230420344728697,0.6589819146797115,-0.27759434772997477,0,-0.6039107501479274,3,-1.584178240646517,2.5899937140505074,-0.16451140099023315,-0.6201892226844657,0.33809616377248186,-0.9810141559830953,-1.1676872598353414,-0.6791456840737199,-1.1559347102263289,-1.4455905142848562,0.2016538302231197,0,0.6844175405610194,-0.32882645411317923,0,1,0,1,0,1,0,0,0,0,0,0,0,0,0,1,0,1,0,1,0,0,0
-0.8676718124782865,0,-0.5267738082322635,-0.6407266473844129,0.08504925188071055,1.1697805251007627,0,1.235518718079156,-1.0261667362455194,-0.9614863916702531,-1.5679065665042957,-0.9336165968431016,-0.6051838006111648,-0.6780493930322936,0,-0.6039107501479274,3,0.26623257679518353,0.24198831185855807,-1.3216011591512031,-0.6201892226844657,0.33809616377248186,-0.9810141559830953,-1.1676872598353414,-0.6791456840737199,-1.1559347102263289,0.037670111121429345,2.8665665630954726,1,-1.3527749196196315,0.7522508244793061,0,1,1,0,0,0,0,0,1,0,0,0,0,0,1,0,0,0,0,1,0,0,0
-0.7581699611438873,0,-1.233317943920959,0.8400041347276065,0.08504925188071055,0.2546249253678617,1,-0.3882963188761366,1.7855109940078144,-0.05778754527941421,0.24620020465769926,-0.25687209107230063,-0.728719282961435,0.12286069757234411,0,0.21605427699257776,3,0.26623257679518353,0.24198831185855807,-0.16451140099023315,0.1557070814399298,0.33809616377248186,-0.0013328996684553085,-1.1676872598353414,-0.3687152874355457,0.8065414765793012,0.5320903195901912,-0.3892893831069938,0,0.03284158454413414,-0.019947231658183493,0,1,1,0,1,0,0,0,0,0,0,0,0,0,0,0,0,1,0,1,0,0,0
-0.5391662584750891,0,0.3731403014343908,-0.5173324155417446,1.0617867539482457,-0.6605306743650393,1,-0.043850704976529056,0.3796721288811475,-0.9614863916702531,-0.6608531809232983,-0.804217097937476,0.47234355226656155,-0.27759434772997477,0,-0.3305890744344257,3,-0.6589728319256667,-0.9320143892374165,0.09261965637887129,0.1557070814399298,0.33809616377248186,-0.0013328996684553085,0.7649976209279952,-0.6791456840737199,0.8065414765793012,-0.9511703058160944,-1.0136238767159624,0,-0.9708521255930948,-0.4238662148685625,0,0,1,0,0,0,0,0,1,0,0,0,0,0,1,0,0,0,1,1,0,0,0
0.11784484953130571,0,0.0756480337759927,1.0867925984129432,0.08504925188071055,-0.6605306743650393,1,-0.2898832863333916,-2.432005601372186,-0.05778754527941421,1.1532535902386967,-0.14702062812614553,1.4371570748315272,0.12286069757234411,1,0.21605427699257776,3,0.26623257679518353,0.24198831185855807,0.4783162424325279,-0.6201892226844657,0.33809616377248186,-0.9810141559830953,-1.1676872598353414,-0.3687152874355457,-1.1559347102263289,0.5320903195901912,-0.6819783830821459,0,0.17312336021858438,-0.309521502709742,0,1,1,0,0,0,1,0,0,0,0,0,0,0,0,0,0,1,0,0,1,0,0
0.6653541062033014,1,0.011191375783339787,0.9633983665702748,0.08504925188071055,0.2546249253678617,1,-1.3724266443035866,-1.0261667362455194,-0.9614863916702531,0.24620020465769926,-0.8639235990745545,0.17903461976938992,2.5255909693862573,1,0.21605427699257776,3,1.1914379855160337,0.24198831185855807,-0.678773515728442,0.9316033855643254,0.33809616377248186,-0.9810141559830953,-1.1676872598353414,-0.6791456840737199,-1.1559347102263289,1.026510528058953,-0.6432967147755705,0,-1.1351468302366419,3.421849818554627,1,0,1,0,0,0,0,0,1,0,0,0,0,0,1,0,0,1,0,0,1,0,0
0.5558522548689022,0,0.13018828284669903,0.3464272073569334,0.08504925188071055,-0.6605306743650393,1,-0.4375028351475091,0.3796721288811475,-0.9614863916702531,-0.6608531809232983,-0.794018122654274,-0.7534544876185995,2.1251359240839385,0,1.855984331273588,4,-0.6589728319256667,2.5899937140505074,-0.5502079870438897,2.4833959938131165,-1.0778621289498782,-0.32789331844000197,-0.33939373950819707,-0.6791456840737199,-0.0345197463373974,-1.4455905142848562,-0.6660188822786717,0,-0.9444966963094752,2.451086547981783,0,1,1,0,0,0,1,0,0,0,1,0,0,0,0,0,0,0,0,0,1,0,0
1.979376322216091,0,-0.8044332580467684,-0.8875151110697495,0.08504925188071055,0.2546249253678617,1,-0.2898832863333916,-1.0261667362455194,2.6533089938931025,-1.5679065665042957,2.6634344983512124,0.7718362859280243,2.1251359240839385,0,-0.8772324258614291,3,-0.6589728319256667,2.5899937140505074,2.9210612874390196,-0.6201892226844657,0.33809616377248186,-0.9810141559830953,-1.1676872598353414,-0.6791456840737199,-1.1559347102263289,-0.9511703058160944,-0.326338211281352,0,1.959694921323767,-0.1699742825648957,0,1,1,0,0,0,1,0,0,0,0,0,0,1,0,0,0,1,0,0,0,1,0
-0.42966440714069,0,-0.06813989559223305,-0.6407266473844129,0.08504925188071055,1.1697805251007627,1,1.1863122018077836,0.3796721288811475,-0.05778754527941421,-0.6608531809232983,-0.7326117923033284,-1.1410663878712106,0.9237707881769818,0,-0.057267398720923963,3,1.1914379855160337,1.4159910129545328,-0.03594587230568093,-0.6201892226844657,-1.0778621289498782,0.32522751910309133,1.0410954610370433,-0.3687152874355457,0.8065414765793012,0.5320903195901912,-0.9080347272370903,0,-0.7948825463786479,0.4691115372288933,0,0,1,0,0,0,0,0,1,0,0,0,0,0,1,0,0,0,0,1,0,0,0
0.4463504035345031,0,-0.6308961019127028,-0.02375548817107146,1.0617867539482457,0.2546249253678617,1,1.3831382668932737,0.3796721288811475,-0.9614863916702531,-1.5679065665042957,-0.8953704395310941,0.8723230548477549,-0.6780493930322936,0,1.3093409798465847,4,-0.6589728319256667,1.4159910129545328,-0.8073390444129942,-0.6201892226844657,0.33809616377248186,-0.32789331844000197,-0.33939373950819707,-0.6791456840737199,-0.0345197463373974,-0.9511703058160944,-0.5368705971789718,0,-1.2294714887671372,-0.38030632452234525,0,1,1,0,1,0,0,0,0,0,1,0,0,0,0,0,0,0,0,0,1,0,0
-0.3201625558062908,0,1.4193214426997576,0.09963874367159682,0.08504925188071055,1.1697805251007627,1,1.038692652993666,0.3796721288811475,-0.05778754527941421,0.24620020465769926,-0.5316069877635552,-0.2810964032280897,-0.6780493930322936,1,-0.3305890744344257,3,0.26623257679518353,0.24198831185855807,0.4783162424325279,0.1557070814399298,0.33809616377248186,1.3049087754177313,2.6976825016913315,-0.6791456840737199,0.8065414765793012,1.026510528058953,-0.9306953267230027,0,-0.3887475665743653,-0.7342304335853612,0,0,0,1,1,0,0,0,0,0,0,0,0,0,0,1,0,0,0,1,0,0,0
1.7603726195472926,0,-0.35075754986771124,-1.0109093429124179,1.0617867539482457,-1.5756862740979403,0,-0.2898832863333916,-1.0261667362455194,1.7496101475022634,0.24620020465769926,1.373051646374423,1.1236102476148573,0.523315742874663,1,1.3093409798465847,4,1.1914379855160337,2.5899937140505074,2.0211025866471544,-0.6201892226844657,-1.0778621289498782,-0.6544537372115486,-0.6154915796172451,-0.6791456840737199,-0.5952272282818631,-0.4567500973473325,-0.4907304741781941,0,1.3813006318245546,-0.46120326373674886,0,0,1,0,0,0,1,0,0,0,0,0,1,0,0,0,0,1,0,0,0,1,0
0.6653541062033014,0,-1.3845431799806447,-0.8875151110697495,0.08504925188071055,-0.6605306743650393,1,1.5307578157073911,0.3796721288811475,-0.9614863916702531,1.1532535902386967,-0.6297721248643747,-1.3042344140471647,-1.0785044383346125,0,-0.6039107501479274,3,-0.6589728319256667,-0.9320143892374165,-0.16451140099023315,1.707499689688721,0.33809616377248186,0.32522751910309133,0.7649976209279952,-0.3687152874355457,1.086895217551534,0.037670111121429345,-0.7510282527945937,0,-0.5734745057689611,-0.9465848990231709,0,1,0,0,1,0,0,0,0,1,0,0,0,0,0,0,0,0,1,0,1,0,0
-0.3201625558062908,0,-0.7226228844407089,-0.7641208792270812,-0.8916882501868245,1.1697805251007627,0,-1.6676657419318217,-2.432005601372186,-0.05778754527941421,1.1532535902386967,-0.10070028204826965,1.5515573963709128,0.9237707881769818,0,-0.8772324258614291,3,-1.584178240646517,-0.9320143892374165,-0.678773515728442,0.1557070814399298,0.33809616377248186,-0.8177339465973219,-0.6154915796172451,-0.058284890797371494,-0.5952272282818631,0.5320903195901912,0.5906691161055871,0,0.22856921551637094,1.4803232774089392,0,1,0,1,1,0,0,0,0,0,0,0,0,0,0,1,0,0,1,1,0,0,0
-1.7436866231534796,1,-1.1539866725453862,-0.270543951856408,-1.8684257522543597,-0.6605306743650393,1,-1.7168722582031943,0.3796721288811475,-0.9614863916702531,-0.6608531809232983,-0.8125037653550776,-1.3697264900144297,-0.6780493930322936,0,-0.6039107501479274,3,-0.6589728319256667,-0.9320143892374165,-1.3216011591512031,0.1557070814399298,0.33809616377248186,-0.9810141559830953,-1.1676872598353414,-0.3687152874355457,-1.1559347102263289,-0.9511703058160944,4.041444943277421,1,-0.992610926626204,0.7522508244793061,0,1,0,1,0,1,0,0,0,0,0,0,0,0,0,0,1,0,1,0,0,0,0
0.11784484953130571,0,0.868960747531721,-0.3939381836990763,-0.8916882501868245,1.1697805251007627,0,-1.2740136117608418,-1.0261667362455194,-0.9614863916702531,0.24620020465769926,-0.5951381046318345,0.2899214179199737,-0.6780493930322936,0,-1.1505541015749308,3,-0.6589728319256667,0.24198831185855807,-0.8073390444129942,0.1557070814399298,0.33809616377248186,-0.32789331844000197,-0.063295899399149,-0.6791456840737199,-0.0345197463373974,0.5320903195901912,0.045621736574394174,0,-0.5056826313172582,-0.38030632452234525,0,1,1,0,0,0,0,1,0,0,1,0,0,0,0,0,0,1,0,0,1,0,0
-1.6341847718190805,1,1.2185141620303388,-0.14714972001373974,-1.8684257522543597,0.2546249253678617,0,0.645040522822686,0.3796721288811475,-0.9614863916702531,-1.5679065665042957,-0.8722102664921562,0.23693748521684305,-0.6780493930322936,1,0.4893759527060795,3,0.26623257679518353,-0.9320143892374165,-1.3216011591512031,2.4833959938131165,0.33809616377248186,-0.9810141559830953,-1.1676872598353414,-0.6791456840737199,-1.1559347102263289,-0.4567500973473325,3.4622505137491273,1,-1.1594348864933752,0.7522508244793061,0,1,1,0,0,0,1,0,0,0,1,0,0,0,0,0,0,1,0,0,0,0,0
-0.6486681098094882,0,-1.5035400870440039,2.4441291486822943,1.0617867539482457,-1.5756862740979403,0,1.235518718079156,-1.0261667362455194,-0.05778754527941421,1.1532535902386967,-0.2199008056706933,-0.12804732441188466,-0.6780493930322936,0,-0.3305890744344257,3,-1.584178240646517,1.4159910129545328,0.2211851850634235,0.1557070814399298,0.33809616377248186,0.8150681472604113,0.7649976209279952,0.8730062991171511,0.8065414765793012,-0.9511703058160944,-0.6135151597943501,0,0.08152817024765548,-0.7038940813799599,0,1,0,1,0,1,0,0,0,0,0,0,0,0,0,1,0,1,0,1,0,0,0
1.5413689168784945,0,0.34587017689903765,-0.7641208792270812,0.08504925188071055,-1.5756862740979403,0,-0.6343289002329991,0.3796721288811475,0.8459113011114247,0.24620020465769926,1.4051359227861626,1.218615920048057,-0.27759434772997477,0,-1.1505541015749308,3,1.1914379855160337,-0.9320143892374165,0.4783162424325279,-0.6201892226844657,0.33809616377248186,-0.8177339465973219,-0.6154915796172451,-0.058284890797371494,-0.5952272282818631,0.037670111121429345,0.32182121542418557,0,1.3987336576348168,-0.5218759681475515,0,1,1,0,0,0,0,0,1,0,0,1,0,0,0,0,0,1,0,0,0,1,0
0.008342998196906572,0,-0.5292529104627501,-0.02375548817107146,-0.8916882501868245,-0.6605306743650393,1,-0.9787745141326066,-1.0261667362455194,-0.05778754527941421,-0.6608531809232983,-0.4916610012376806,-0.7748167098225142,-0.6780493930322936,0,-0.3305890744344257,3,-1.584178240646517,1.4159910129545328,-0.8073390444129942,-0.6201892226844657,0.33809616377248186,-0.32789331844000197,-0.6154915796172451,-0.6791456840737199,-0.3148734873096303,-1.4455905142848562,0.24638165627566042,0,-0.31961774159334577,-0.38030632452234525,0,1,0,1,0,1,0,0,0,0,0,0,0,0,0,1,0,1,0,0,1,0,0
0.9938596602064987,0,-0.16978308704218573,-0.8875151110697495,1.0617867539482457,0.2546249253678617,1,-0.9787745141326066,0.3796721288811475,2.6533089938931025,1.1532535902386967,2.725053307353891,-0.013365921001394932,1.7246808787816195,1,0.4893759527060795,3,0.26623257679518353,0.24198831185855807,1.6354060005934978,0.1557070814399298,0.33809616377248186,-0.8177339465973219,-0.8915894197262932,-0.058284890797371494,-0.5952272282818631,1.026510528058953,0.17946168304190516,0,1.9824550628992936,0.004763106138216332,0,1,1,0,0,0,1,0,0,0,0,0,0,1,0,0,0,0,0,0,0,1,0
-0.10115885313749257,0,1.4391542605436507,0.09963874367159682,0.08504925188071055,1.1697805251007627,1,1.1863122018077836,0.3796721288811475,0.8459113011114247,-1.5679065665042957,0.386300787724627,1.6353197939599469,1.7246808787816195,1,-0.6039107501479274,3,1.1914379855160337,0.24198831185855807,0.4783162424325279,-1.3960855268088614,0.33809616377248186,0.8150681472604113,1.0410954610370433,0.8730062991171511,0.8065414765793012,0.5320903195901912,-0.33707256621001824,0,0.713648221193189,0.5398963590414965,0,1,1,0,1,0,0,0,0,0,0,0,0,0,0,0,0,1,0,0,1,0,0
0.7748559575377005,1,-0.9259092673406143,-1.0109093429124179,-0.8916882501868245,0.2546249253678617,1,1.6291708482501361,0.3796721288811475,-0.9614863916702531,-0.6608531809232983,-0.8841090709892252,-0.4526968855371681,-0.6780493930322936,1,-0.8772324258614291,3,0.26623257679518353,2.5899937140505074,-0.678773515728442,-0.6201892226844657,-1.0778621289498782,-0.32789331844000197,-0.33939373950819707,-0.058284890797371494,-0.3148734873096303,-0.4567500973473325,-0.6759322253361802,0,-1.1950099025718164,-0.46120326373674886,1,0,1,0,0,0,1,0,0,0,0,0,0,0,1,0,0,0,0,0,1,0,0
0.008342998196906572,0,1.082163539353573,-0.14714972001373974,-0.8916882501868245,0.2546249253678617,1,1.137105685536411,0.3796721288811475,-0.05778754527941421,-0.6608531809232983,-0.5167334821422189,-0.20815565767656496,-0.27759434772997477,0,-0.6039107501479274,3,0.26623257679518353,-0.9320143892374165,0.9925783571707368,0.9316033855643254,-1.0778621289498782,0.48850772848886465,-1.1676872598353414,0.5625759024789769,0.8065414765793012,-0.4567500973473325,-1.0388463350162673,0,-0.3626353952672067,-0.6068177543226755,0,1,0,0,0,0,0,1,0,1,0,0,0,0,0,0,0,0,0,0,1,0,0
-0.2106607044718917,1,-1.2382761483819322,2.197340684996958,0.08504925188071055,0.2546249253678617,1,0.8910731041795485,0.3796721288811475,-0.05778754527941421,1.1532535902386967,-0.14659567082267877,-0.11539864021219828,-0.6780493930322936,1,0.7626976284195812,3,1.1914379855160337,-0.9320143892374165,-0.16451140099023315,-0.6201892226844657,0.33809616377248186,0.48850772848886465,0.7649976209279952,1.4938670923934996,0.8065414765793012,1.520930736527715,-0.2823136148062164,0,0.173641431610491,-0.637705676568175,0,1,0,1,1,0,0,0,0,0,0,0,0,0,0,1,0,0,1,1,0,0,0
-0.42966440714069,0,0.15993750961253883,-0.14714972001373974,1.0617867539482457,1.1697805251007627,1,1.1863122018077836,1.7855109940078144,-0.9614863916702531,-1.5679065665042957,-0.7139136709507914,-1.1576502182663548,1.3242258334793007,0,1.036019304133083,3,-0.6589728319256667,0.24198831185855807,0.34975071374797573,-1.3960855268088614,0.33809616377248186,0.48850772848886465,1.0410954610370433,1.4938670923934996,0.5261877356070683,-0.4567500973473325,-1.0177462569973026,0,-0.7521286699299063,0.4124836797788108,0,1,1,0,1,0,0,0,0,0,0,0,0,0,1,0,0,1,0,1,0,0,0
-0.9771736638126857,0,0.9383756099853472,-1.0109093429124179,0.08504925188071055,0.2546249253678617,1,0.7926600716368035,0.3796721288811475,-0.9614863916702531,1.1532535902386967,-0.947427709205771,-1.2342450281422335,-0.6780493930322936,0,-1.1505541015749308,3,0.26623257679518353,0.24198831185855807,-0.8073390444129942,2.4833959938131165,1.754054456494842,-0.32789331844000197,-0.33939373950819707,-0.6791456840737199,-0.3148734873096303,1.520930736527715,-0.637868914071806,1,-1.3999054257793444,-0.38030632452234525,0,1,1,0,1,0,0,0,0,0,0,0,0,0,1,0,0,1,0,1,0,0,0
0.22734670086570485,0,1.116870970580386,0.09963874367159682,-1.8684257522543597,0.2546249253678617,1,-0.043850704976529056,0.3796721288811475,0.8459113011114247,0.24620020465769926,1.4790784935893773,-0.8993359787216488,1.7246808787816195,0,1.5826626555600865,4,0.26623257679518353,-0.9320143892374165,-0.2930769296747854,0.1557070814399298,0.33809616377248186,-0.4911735278257753,-0.33939373950819707,-0.058284890797371494,-0.5952272282818631,0.5320903195901912,1.6030570068647105,0,1.4381579853660613,1.4317851138802966,0,1,1,0,0,0,1,0,0,0,0,0,0,1,0,0,0,0,1,0,1,0,0
0.9938596602064987,0,0.11531366946377912,2.0739464531542895,-0.8916882501868245,-0.6605306743650393,1,1.5799643319787637,-1.0261667362455194,-0.05778754527941421,-0.6608531809232983,0.3161828326526131,1.5252762414226755,2.1251359240839385,0,-0.057267398720923963,3,0.26623257679518353,-0.9320143892374165,-0.678773515728442,0.1557070814399298,0.33809616377248186,-0.8177339465973219,-0.6154915796172451,-0.058284890797371494,-0.5952272282818631,-0.4567500973473325,1.2646782921047048,0,0.6527252327718993,2.9364681832682047,0,0,0,1,1,0,0,0,0,0,0,0,0,0,0,1,0,0,1,0,0,1,0
0.33684855220010396,0,-0.4623171502396105,-0.8875151110697495,-0.8916882501868245,0.2546249253678617,0,1.6291708482501361,0.3796721288811475,-0.9614863916702531,-1.5679065665042957,-0.6641936664451815,1.5869737121300345,0.523315742874663,0,0.4893759527060795,3,1.1914379855160337,0.24198831185855807,-0.5502079870438897,1.707499689688721,-1.0778621289498782,-0.4911735278257753,-0.33939373950819707,-0.6791456840737199,-0.5952272282818631,-0.4567500973473325,-0.4861064285716114,0,-0.644017630172089,0.7522508244793061,0,1,1,0,1,0,0,0,0,0,1,0,0,0,0,0,0,1,0,0,1,0,0
0.5558522548689022,0,0.8069831917695547,0.4698214391996017,0.08504925188071055,-0.6605306743650393,1,1.432344783164646,1.7855109940078144,-0.05778754527941421,-1.5679065665042957,-0.20502730004935701,-1.2110557737761418,0.9237707881769818,0,0.7626976284195812,3,0.26623257679518353,1.4159910129545328,-0.16451140099023315,-0.6201892226844657,-1.0778621289498782,-1.1442943653688686,-1.1676872598353414,-0.6791456840737199,-1.1559347102263289,-1.4455905142848562,-0.33899634367464376,0,0.10067908839277637,0.5978112132518081,0,1,1,0,0,0,1,0,0,0,0,0,0,0,0,0,0,1,0,0,1,0,0
-0.2106607044718917,0,0.9358965077548606,-0.8875151110697495,-0.8916882501868245,-0.6605306743650393,1,1.1863122018077836,0.3796721288811475,-0.05778754527941421,1.1532535902386967,-0.15743208206108092,1.4235246040829763,-0.27759434772997477,0,-0.3305890744344257,3,0.26623257679518353,0.24198831185855807,0.4783162424325279,2.4833959938131165,0.33809616377248186,-0.0013328996684553085,0.7649976209279952,-0.3687152874355457,0.8065414765793012,0.5320903195901912,-0.6887116042083348,0,0.1603746005408892,-0.5218759681475515,0,0,1,0,0,0,1,0,0,0,0,0,1,0,0,0,0,0,0,1,0,0,0
0.11784484953130571,0,1.3226364557107781,-0.8875151110697495,0.08504925188071055,-1.5756862740979403,1,1.6783773645215088,0.3796721288811475,-0.9614863916702531,-0.6608531809232983,-0.8309894080558813,-1.0096606131300243,0.9237707881769818,0,-0.6039107501479274,3,1.1914379855160337,2.5899937140505074,0.2211851850634235,0.1557070814399298,0.33809616377248186,0.651787937874638,1.5932911412551394,0.2521455058408027,1.086895217551534,-0.4567500973473325,-1.0695138401456707,0,-1.0423137307655084,0.26686918919288416,0,0,0,0,0,0,0,0,0,1,0,0,0,0,0,0,0,0,0,0,1,0,0
-0.3201625558062908,1,-1.409334202285511,-0.02375548817107146,1.0617867539482457,1.1697805251007627,1,1.333931750621901,0.3796721288811475,-0.05778754527941421,-1.5679065665042957,-0.24582320118216514,-1.1390988147734815,0.523315742874663,0,0.4893759527060795,3,0.26623257679518353,0.24198831185855807,-0.03594587230568093,0.1557070814399298,-1.0778621289498782,-0.0013328996684553085,-0.8915894197262932,-0.6791456840737199,0.8065414765793012,-0.4567500973473325,-0.47874503521207545,0,0.047557266254863596,0.1859722499784804,1,0,1,0,1,0,0,0,0,0,1,0,0,0,0,0,0,1,0,1,0,0,0
0.008342998196906572,1,-1.0721762989393266,0.09963874367159682,1.0617867539482457,1.1697805251007627,1,-0.3882963188761366,0.3796721288811475,-0.05778754527941421,-1.5679065665042957,-0.4865615135960796,-1.3099965924047996,-0.6780493930322936,0,-0.057267398720923963,3,-0.6589728319256667,-0.9320143892374165,-0.16451140099023315,0.9316033855643254,-2.4938204216722384,0.48850772848886465,-0.33939373950819707,-0.6791456840737199,1.086895217551534,-1.4455905142848562,-0.6121040373134299,0,-0.3110168206046118,-0.637705676568175,0,1,1,0,0,0,1,0,0,0,0,0,1,0,0,0,0,0,1,0,1,0,0
0.22734670086570485,0,-0.0904518156666129,1.3335810620982798,0.08504925188071055,0.2546249253678617,1,0.841866587908176,0.3796721288811475,-0.05778754527941421,1.1532535902386967,-0.5048346776451499,0.6851225286923966,-0.27759434772997477,0,0.7626976284195812,3,1.1914379855160337,0.24198831185855807,-0.5502079870438897,2.4833959938131165,0.33809616377248186,-0.8177339465973219,-0.8915894197262932,-0.058284890797371494,-0.5952272282818631,1.520930736527715,-0.26526462778553095,0,-0.3420669208664252,-0.09716703727193238,1,0,0,1,1,0,0,0,0,0,0,0,0,0,0,1,0,0,0,0,1,0,0
0.6653541062033014,0,-1.1391120591624662,-0.02375548817107146,0.08504925188071055,-1.5756862740979403,1,-0.6835354165043717,0.3796721288811475,-0.9614863916702531,0.24620020465769926,-0.8637111204228212,1.4988545455388862,0.523315742874663,0,-0.6039107501479274,3,0.26623257679518353,-0.9320143892374165,-0.5502079870438897,-0.6201892226844657,-1.0778621289498782,-0.6544537372115486,-0.6154915796172451,-0.3687152874355457,-0.5952272282818631,-0.9511703058160944,-0.7626003631557843,0,-1.1345291828638657,0.7522508244793061,0,0,1,0,1,0,0,0,0,0,0,0,0,0,1,0,0,0,1,0,1,0,0
0.4463504035345031,0,-0.8812854271918545,-0.5173324155417446,0.08504925188071055,-0.6605306743650393,1,0.9402796204509211,1.7855109940078144,-0.05778754527941421,-0.6608531809232983,0.07799426405949915,0.17102378644292188,0.12286069757234411,0,-0.8772324258614291,3,-1.584178240646517,-0.9320143892374165,-0.03594587230568093,0.1557070814399298,-2.4938204216722384,-0.6544537372115486,-0.6154915796172451,-0.3687152874355457,-0.5952272282818631,-2.43443093122238,-0.1931765102683292,0,0.4251638593237187,-0.09716703727193238,0,1,1,0,1,0,0,0,0,0,0,0,0,0,0,0,0,0,1,0,1,0,0
0.4463504035345031,0,-0.016078748752013372,-0.6407266473844129,-1.8684257522543597,0.2546249253678617,0,0.743453555365431,0.3796721288811475,0.8459113011114247,0.24620020465769926,0.8380304013097833,1.706855130155951,-1.0785044383346125,1,-0.6039107501479274,3,1.1914379855160337,0.24198831185855807,1.5068404719089457,0.1557070814399298,1.754054456494842,2.4478702411181446,2.6976825016913315,3.3564494722225446,0.24583399463483546,1.520930736527715,-0.544255034900329,0,1.0562017887681054,-0.9465848990231709,0,1,0,1,0,1,0,0,0,0,0,0,0,0,0,1,0,0,0,0,1,0,0
-0.7581699611438873,0,0.7177355114720353,0.09963874367159682,0.08504925188071055,-1.5756862740979403,0,-0.09305722124790157,0.3796721288811475,0.8459113011114247,0.24620020465769926,0.6722970529577504,-1.626635320203615,2.5255909693862573,0,-0.3305890744344257,3,-0.6589728319256667,-0.9320143892374165,-0.2930769296747854,0.1557070814399298,0.33809616377248186,-0.0013328996684553085,0.7649976209279952,-0.6791456840737199,-0.5952272282818631,-0.9511703058160944,0.7334637886286757,0,0.9393785587576559,2.111319403281288,0,1,1,0,0,0,1,0,0,0,0,0,1,0,0,0,0,0,1,1,0,0,0
-1.1961773664814839,1,0.29132992782833134,1.3335810620982798,-0.8916882501868245,1.1697805251007627,0,0.15297536010896096,0.3796721288811475,-0.9614863916702531,-0.6608531809232983,-0.9253299294255,-1.0433904376625214,-1.0785044383346125,1,-1.1505541015749308,3,0.26623257679518353,-0.9320143892374165,-0.678773515728442,0.1557070814399298,0.33809616377248186,-0.32789331844000197,-0.8915894197262932,-0.3687152874355457,-0.0345197463373974,0.5320903195901912,-0.7425773732178463,1,-1.3251889457862647,-0.9465848990231709,0,1,0,0,0,0,1,0,0,1,0,0,0,0,0,0,0,1,0,1,0,0,0
0.9938596602064987,1,-1.3423984420623716,1.456975293940948,-0.8916882501868245,1.1697805251007627,0,0.005355811294843447,0.3796721288811475,-0.05778754527941421,-0.6608531809232983,0.5148503720233192,-0.48783211942518573,0.523315742874663,0,1.855984331273588,4,1.1914379855160337,0.24198831185855807,0.2211851850634235,-0.6201892226844657,1.754054456494842,0.32522751910309133,0.7649976209279952,0.2521455058408027,0.8065414765793012,1.520930736527715,-0.06523858237610754,0,0.8193142175953103,0.024178371549673068,0,1,1,0,0,0,1,0,0,0,0,0,0,0,0,0,0,1,0,0,0,1,0
0.33684855220010396,0,0.9706039389816736,-1.0109093429124179,0.08504925188071055,0.2546249253678617,0,-0.6835354165043717,0.3796721288811475,-0.05778754527941421,1.1532535902386967,0.0021393853906840968,-0.7382760665789758,0.523315742874663,0,0.4893759527060795,3,1.1914379855160337,0.24198831185855807,0.09261965637887129,0.1557070814399298,0.33809616377248186,-0.32789331844000197,-0.33939373950819707,-0.6791456840737199,-0.3148734873096303,1.520930736527715,-0.3617724947290481,0,0.34482364324801223,0.0988524692860458,0,1,1,0,1,0,0,0,0,0,0,0,0,0,0,0,0,0,0,0,1,0,0
-0.3201625558062908,0,0.01862868247479974,-0.14714972001373974,-0.8916882501868245,-0.6605306743650393,1,1.2847252343505287,1.7855109940078144,-0.05778754527941421,0.24620020465769926,0.06290827978642949,1.0983128792154846,-0.6780493930322936,0,1.5826626555600865,4,0.26623257679518353,1.4159910129545328,-0.16451140099023315,1.707499689688721,0.33809616377248186,0.48850772848886465,1.0410954610370433,0.5625759024789769,1.086895217551534,0.037670111121429345,-0.07908026693614598,0,0.40952371618494754,-0.637705676568175,0,1,0,1,0,0,0,0,1,0,0,0,0,0,0,1,0,1,0,1,0,0,0
2.3078818762192883,0,-1.1217583435490597,-0.8875151110697495,0.08504925188071055,-0.6605306743650393,1,-0.6835354165043717,0.3796721288811475,1.7496101475022634,-0.6608531809232983,2.07975564203963,1.1614157592783643,0.523315742874663,0,1.855984331273588,4,1.1914379855160337,0.24198831185855807,3.3067578734926766,-2.171981830933257,-1.0778621289498782,1.4681889848035046,1.3171933011460915,3.666879868860719,2.7690176633849313,-0.4567500973473325,-0.5729469954248623,0,1.725099220263078,-0.5889352730226494,0,0,0,1,0,0,1,0,0,0,0,1,0,0,0,0,0,0,0,0,0,0,1
-0.2106607044718917,0,-1.5308102115793571,1.7037637576262845,1.0617867539482457,-0.6605306743650393,1,1.235518718079156,-2.432005601372186,-0.9614863916702531,0.24620020465769926,-0.8069793204100099,-0.6488920315678588,-1.0785044383346125,0,0.21605427699257776,3,-0.6589728319256667,0.24198831185855807,-0.678773515728442,-0.6201892226844657,1.754054456494842,-0.32789331844000197,-0.063295899399149,-0.6791456840737199,-0.3148734873096303,0.037670111121429345,-0.5512302218256401,1,-0.978070174031379,-0.9465848990231709,0,1,1,0,0,0,1,0,0,0,1,0,0,0,0,0,0,1,0,1,0,0,0
1.103361511540898,0,0.49213720849775006,-0.6407266473844129,0.08504925188071055,0.2546249253678617,0,1.2847252343505287,-1.0261667362455194,0.8459113011114247,-0.6608531809232983,0.8138078350121786,0.6967874263432186,2.1251359240839385,1,-0.8772324258614291,3,0.26623257679518353,0.24198831185855807,2.1496681153317065,0.9316033855643254,0.33809616377248186,2.4478702411181446,1.8693889813641875,3.666879868860719,1.6476026994959998,0.037670111121429345,-0.7198306677368801,0,1.0396829742201976,-0.009296223987321512,0,1,1,0,1,0,0,0,0,0,0,0,1,0,0,0,0,0,0,0,0,1,0
0.33684855220010396,0,-0.1301174513543993,0.3464272073569334,0.08504925188071055,-0.6605306743650393,0,-0.9295679978612341,0.3796721288811475,-0.05778754527941421,-1.5679065665042957,-0.43662903043873635,-0.5010429673670804,-0.27759434772997477,0,-0.8772324258614291,3,-0.6589728319256667,0.24198831185855807,0.4783162424325279,0.1557070814399298,0.33809616377248186,-0.0013328996684553085,-0.063295899399149,1.4938670923934996,0.8065414765793012,-1.4455905142848562,-0.8692718605310341,0,-0.2292980833999716,-0.5218759681475515,0,1,1,0,1,0,0,0,0,0,0,0,0,0,0,0,0,0,0,0,1,0,0
1.869874470881692,0,-0.9209510628796409,-0.270543951856408,1.0617867539482457,1.1697805251007627,0,0.10376884383758846,0.3796721288811475,-0.05778754527941421,1.1532535902386967,0.07459460563176515,0.19435358174456563,0.523315742874663,0,-0.057267398720923963,3,-0.6589728319256667,0.24198831185855807,0.34975071374797573,-0.6201892226844657,-1.0778621289498782,-0.0013328996684553085,-0.8915894197262932,-0.3687152874355457,0.8065414765793012,0.5320903195901912,-0.47138364185253945,0,0.42165347487109756,-0.040539179821849826,0,1,1,0,0,0,1,0,0,0,0,0,0,0,1,0,0,1,0,0,0,1,0
-0.6486681098094882,0,0.7995458850780948,-0.270543951856408,1.0617867539482457,-1.5756862740979403,0,0.10376884383758846,0.3796721288811475,0.8459113011114247,-1.5679065665042957,0.6659226934057492,-0.8483196191162472,-0.27759434772997477,0,-0.3305890744344257,3,1.1914379855160337,1.4159910129545328,-0.2930769296747854,0.1557070814399298,0.33809616377248186,-0.6544537372115486,-0.6154915796172451,-0.058284890797371494,-0.5952272282818631,-0.9511703058160944,0.7265931548264423,0,0.9346991659000521,-0.26705060962218,1,0,0,1,0,1,0,0,0,0,0,0,0,0,0,1,0,1,0,1,0,0,0
-0.9771736638126857,0,1.0276232902828666,-1.0109093429124179,0.08504925188071055,0.2546249253678617,0,0.05456232756621595,0.3796721288811475,-0.9614863916702531,-1.5679065665042957,-0.6187232349742392,-0.22403678339394897,-0.6780493930322936,0,2.675949358414093,4,0.26623257679518353,0.24198831185855807,-1.0644701017820986,0.1557070814399298,0.33809616377248186,-0.6544537372115486,-0.6154915796172451,-0.3687152874355457,-0.5952272282818631,-0.4567500973473325,0.9867611548043551,1,-0.5515142837596761,-0.09716703727193238,0,1,1,0,0,0,1,0,0,0,0,0,0,0,1,0,0,1,0,1,0,0,0
0.11784484953130571,0,-0.19705321157753888,-0.8875151110697495,1.0617867539482457,-0.6605306743650393,0,0.5466274902799411,-2.432005601372186,-0.05778754527941421,1.1532535902386967,-0.23328696072989596,-1.4151212121977486,-0.27759434772997477,1,1.3093409798465847,4,-1.584178240646517,1.4159910129545328,1.121143885855289,0.9316033855643254,-1.0778621289498782,-0.4911735278257753,-0.6154915796172451,-0.6791456840737199,-0.3148734873096303,-0.9511703058160944,-0.9234468080616463,0,0.06408155297699714,-0.6229971421655562,0,1,0,1,0,1,0,0,0,0,0,0,0,0,0,0,1,1,0,0,1,0,0
-1.1961773664814839,0,-0.5713976483810231,0.09963874367159682,0.08504925188071055,0.2546249253678617,1,-0.9787745141326066,0.3796721288811475,-0.05778754527941421,1.1532535902386967,-0.3864840686296597,-0.7291409057680912,-0.6780493930322936,0,-0.6039107501479274,3,-1.584178240646517,-0.9320143892374165,-0.8073390444129942,0.9316033855643254,0.33809616377248186,-0.32789331844000197,-0.33939373950819707,-0.3687152874355457,-0.5952272282818631,0.037670111121429345,0.45043948020199887,1,-0.15146611309715538,-0.38030632452234525,0,1,0,1,0,0,1,0,0,0,0,0,0,0,0,1,0,0,1,1,0,0,0
2.3078818762192883,0,1.02514418805238,0.7166099028849382,1.0617867539482457,-1.5756862740979403,1,1.038692652993666,0.3796721288811475,1.7496101475022634,0.24620020465769926,1.9726664015660087,1.027480247697241,-0.27759434772997477,1,-0.3305890744344257,3,-0.6589728319256667,-0.9320143892374165,1.5068404719089457,0.1557070814399298,0.33809616377248186,-0.8177339465973219,-0.6154915796172451,-0.058284890797371494,-0.5952272282818631,-0.9511703058160944,-0.06570045441431788,0,1.6777869044756017,-0.6634456117727581,1,0,1,0,1,0,0,0,0,0,0,0,0,1,0,0,0,1,0,0,0,0,1
-2.072192177156677,0,1.55815116760701,0.59321567104227,0.08504925188071055,-0.6605306743650393,0,-1.6184592256604493,0.3796721288811475,-0.9614863916702531,0.24620020465769926,-1.06004139462446,-0.8847197214242335,-0.6780493930322936,0,0.21605427699257776,3,0.26623257679518353,-0.9320143892374165,-1.4501666878357553,0.9316033855643254,-2.4938204216722384,-1.1442943653688686,-1.1676872598353414,-0.6791456840737199,-1.1559347102263289,-0.9511703058160944,1.6401584293967721,1,-1.8517911834934586,2.451086547981783,0,0,1,0,0,0,1,0,0,0,0,0,0,0,1,0,0,0,1,0,0,0,0
-0.6486681098094882,1,-1.09944642347468,1.0867925984129432,2.038524256015781,1.1697805251007627,1,1.137105685536411,1.7855109940078144,-0.9614863916702531,-1.5679065665042957,-0.7536471788249326,1.0093504670110238,-1.0785044383346125,0,0.4893759527060795,3,0.26623257679518353,-0.9320143892374165,-1.193035630466651,0.9316033855643254,0.33809616377248186,-0.9810141559830953,-1.1676872598353414,-0.6791456840737199,-1.1559347102263289,0.037670111121429345,1.565955584332649,1,-0.8444781238913599,-0.9465848990231709,0,1,0,0,0,0,0,0,0,1,0,0,0,0,0,0,0,1,0,1,0,0,0
-0.8676718124782865,1,-1.1217583435490597,0.4698214391996017,0.08504925188071055,-1.5756862740979403,1,-0.4867093514188816,-1.0261667362455194,-0.9614863916702531,-1.5679065665042957,-0.8855964215513588,-1.5678892091428493,0.523315742874663,1,-0.057267398720923963,3,1.1914379855160337,2.5899937140505074,-0.9359045730975464,0.1557070814399298,0.33809616377248186,-0.8177339465973219,-0.6154915796172451,-0.058284890797371494,-1.1559347102263289,-0.9511703058160944,-0.2772636989615746,1,-1.1995164734588197,1.7715522585807923,0,1,0,0,0,0,0,0,0,1,0,0,0,0,0,0,0,0,0,1,0,0,0
0.8843578088720997,0,-0.5292529104627501,-0.8875151110697495,1.0617867539482457,0.2546249253678617,0,0.05456232756621595,0.3796721288811475,-0.05778754527941421,0.24620020465769926,-0.28661910231497323,0.7521605549507344,0.523315742874663,0,1.855984331273588,4,-0.6589728319256667,1.4159910129545328,-0.16451140099023315,0.1557070814399298,1.754054456494842,0.16194730971731802,0.7649976209279952,0.8730062991171511,0.8065414765793012,0.5320903195901912,-0.418146045076375,0,-0.007507722347637131,0.2889319907968124,0,0,0,1,1,0,0,0,0,0,0,0,0,0,0,1,0,1,0,0,1,0,0
-0.10115885313749257,0,-0.9234301651101275,-0.8875151110697495,1.0617867539482457,1.1697805251007627,0,0.349801425194451,0.3796721288811475,-0.05778754527941421,-0.6608531809232983,0.0975423000189697,0.7392307888799439,0.523315742874663,1,1.855984331273588,4,1.1914379855160337,0.24198831185855807,0.4783162424325279,-0.6201892226844657,0.33809616377248186,-0.9810141559830953,-1.1676872598353414,-0.6791456840737199,-1.1559347102263289,1.026510528058953,-0.5238163929547279,0,0.4451912543403508,-0.09716703727193238,0,1,1,0,0,0,0,1,0,0,0,0,0,0,1,0,0,1,0,0,1,0,0
0.6653541062033014,0,1.5358392475326301,-0.8875151110697495,1.0617867539482457,-1.5756862740979403,1,1.2847252343505287,0.3796721288811475,-0.05778754527941421,1.1532535902386967,-0.17591772476188458,0.6932739029544167,-0.6780493930322936,0,1.3093409798465847,4,0.26623257679518353,0.24198831185855807,-0.5502079870438897,1.707499689688721,0.33809616377248186,-0.0013328996684553085,0.7649976209279952,1.4938670923934996,0.8065414765793012,0.037670111121429345,0.19055284903693925,0,0.1374695781376396,-0.5218759681475515,1,0,0,1,1,0,0,0,0,0,0,0,0,0,0,1,0,1,0,0,1,0,0
-1.0866755151470848,0,1.2259514687217987,-0.5173324155417446,-0.8916882501868245,1.1697805251007627,0,-0.6343289002329991,0.3796721288811475,-0.9614863916702531,1.1532535902386967,-0.8762473608750903,0.7747876455746178,-1.0785044383346125,1,-0.3305890744344257,3,0.26623257679518353,-0.9320143892374165,-0.678773515728442,0.1557070814399298,-1.0778621289498782,-0.32789331844000197,-0.063295899399149,-0.6791456840737199,-0.5952272282818631,1.026510528058953,-0.6632215528020481,1,-1.171410998861447,-0.9465848990231709,1,0,1,0,1,0,0,0,0,0,1,0,0,0,0,0,0,0,1,1,0,0,0
-0.8676718124782865,0,-0.5664394439200499,1.3335810620982798,-1.8684257522543597,1.1697805251007627,1,-1.2740136117608418,0.3796721288811475,-0.9614863916702531,1.1532535902386967,-0.5717654529411632,-1.0273687710095853,-0.6780493930322936,0,-0.6039107501479274,3,-0.6589728319256667,-0.9320143892374165,-0.03594587230568093,0.1557070814399298,1.754054456494842,0.651787937874638,1.0410954610370433,0.2521455058408027,1.6476026994959998,1.520930736527715,-0.7661873693746127,0,-0.461599977223589,-0.6634456117727581,1,0,1,0,0,0,1,0,0,0,1,0,0,0,0,0,0,1,0,1,0,0,0
-0.5391662584750891,0,1.2780126155620184,0.09963874367159682,1.0617867539482457,1.1697805251007627,1,0.645040522822686,0.3796721288811475,-0.05778754527941421,1.1532535902386967,-0.3941333000920612,1.653027951839508,2.1251359240839385,0,-0.6039107501479274,3,0.26623257679518353,-0.9320143892374165,-0.9359045730975464,-0.6201892226844657,1.754054456494842,-1.1442943653688686,-1.1676872598353414,-0.6791456840737199,-1.1559347102263289,2.015350944996477,0.9146194998809021,1,-0.16308180642349826,4.489689416184755,1,0,0,1,0,1,0,0,0,0,0,0,0,0,0,1,0,0,1,1,0,0,0
0.5558522548689022,0,-1.1093628323966265,0.09963874367159682,1.0617867539482457,0.2546249253678617,1,-1.3724266443035866,0.3796721288811475,-0.9614863916702531,0.24620020465769926,-0.7578967518596001,-1.145704238744429,0.12286069757234411,0,1.855984331273588,4,-0.6589728319256667,1.4159910129545328,-0.16451140099023315,-1.3960855268088614,-1.0778621289498782,-0.16461310905422863,-0.33939373950819707,0.2521455058408027,-0.3148734873096303,-0.4567500973473325,-0.8753180182769997,0,-0.8546989061882848,-0.019947231658183493,0,0,1,0,0,0,0,0,1,0,0,0,0,0,1,0,0,1,0,0,1,0,0
1.103361511540898,0,-1.4762699625086508,-0.02375548817107146,1.0617867539482457,-0.6605306743650393,0,-0.09305722124790157,0.3796721288811475,-0.9614863916702531,0.24620020465769926,-0.9344665114500351,-1.251109940408482,0.523315742874663,0,-0.8772324258614291,3,0.26623257679518353,-0.9320143892374165,-0.5502079870438897,-0.6201892226844657,0.33809616377248186,-0.8177339465973219,-0.6154915796172451,-0.058284890797371494,-1.1559347102263289,0.037670111121429345,-0.860654122704804,0,-1.3556330418829223,0.7522508244793061,0,1,1,0,1,0,0,0,0,0,1,0,0,0,0,0,0,0,1,0,0,1,0
0.9938596602064987,0,-0.23919794949581194,-0.8875151110697495,-0.8916882501868245,1.1697805251007627,1,0.7926600716368035,0.3796721288811475,0.8459113011114247,1.1532535902386967,0.44090780122010453,0.7976958180696053,0.12286069757234411,0,-0.3305890744344257,3,0.26623257679518353,0.24198831185855807,0.09261965637887129,0.9316033855643254,-1.0778621289498782,0.32522751910309133,1.0410954610370433,0.5625759024789769,0.8065414765793012,1.026510528058953,-0.007076024688737545,0,0.7594435113259782,-0.16250687279125836,0,1,1,0,1,0,0,0,0,0,0,0,1,0,0,0,0,0,0,0,0,1,0
-0.9771736638126857,0,-1.2952954996831252,-1.0109093429124179,-0.8916882501868245,0.2546249253678617,1,-1.1263940629467242,0.3796721288811475,-0.9614863916702531,1.1532535902386967,-0.8067668417582765,-0.5367403649973064,-0.6780493930322936,0,-0.057267398720923963,3,-0.6589728319256667,0.24198831185855807,-1.0644701017820986,-0.6201892226844657,0.33809616377248186,-0.6544537372115486,-0.6154915796172451,-0.058284890797371494,-0.5952272282818631,0.5320903195901912,0.37871006330667994,1,-0.9775137092495768,-0.09716703727193238,0,0,0,0,1,0,0,0,0,1,0,0,0,0,0,0,0,0,0,1,0,0,0
-0.8676718124782865,0,-0.18961590488607893,2.4441291486822943,-1.8684257522543597,1.1697805251007627,1,1.333931750621901,-2.432005601372186,-0.05778754527941421,0.24620020465769926,-0.025270360682921343,0.9598800576966949,2.1251359240839385,0,0.4893759527060795,3,1.1914379855160337,1.4159910129545328,-0.03594587230568093,0.1557070814399298,0.33809616377248186,-0.0013328996684553085,-1.1676872598353414,-0.3687152874355457,0.5261877356070683,1.520930736527715,-0.284243638301571,0,0.31470532578338756,1.3185293989801317,0,1,1,0,1,0,0,0,0,0,0,0,0,0,0,0,0,0,0,1,0,0,0
0.5558522548689022,0,0.8416906229963679,-0.14714972001373974,0.08504925188071055,1.1697805251007627,1,0.743453555365431,0.3796721288811475,-0.9614863916702531,0.24620020465769926,-0.5386187832707566,-0.09684723671932495,0.523315742874663,0,-0.6039107501479274,3,1.1914379855160337,-0.9320143892374165,-0.42164245835933756,0.1557070814399298,0.33809616377248186,-1.1442943653688686,-1.1676872598353414,-0.6791456840737199,-1.1559347102263289,1.520930736527715,-0.45813313380537457,0,-0.40121645698484404,0.5634912996456974,0,1,1,0,1,0,0,0,0,0,1,0,0,0,0,0,0,0,1,0,1,0,0
-0.5391662584750891,1,-0.963095800797914,-0.8875151110697495,1.0617867539482457,0.2546249253678617,1,0.7926600716368035,-1.0261667362455194,-0.05778754527941421,-0.6608531809232983,0.7232919293737606,1.6686279956857877,1.7246808787816195,1,-0.8772324258614291,3,0.26623257679518353,-0.9320143892374165,-0.5502079870438897,0.1557070814399298,-1.0778621289498782,-0.8177339465973219,-0.6154915796172451,-0.058284890797371494,-0.5952272282818631,-0.4567500973473325,1.4366895169391964,0,0.9762991489596317,2.0263776171061636,0,1,0,1,0,1,0,0,0,0,0,0,0,0,0,1,0,0,1,1,0,0,0
0.9938596602064987,0,1.280491717792505,-0.7641208792270812,0.08504925188071055,-1.5756862740979403,0,-1.0279810304039791,1.7855109940078144,1.7496101475022634,-1.5679065665042957,1.4282960958251005,-0.9239306424432613,-0.27759434772997477,0,-0.8772324258614291,3,1.1914379855160337,0.24198831185855807,1.76397152927805,1.707499689688721,0.33809616377248186,1.9580296129608246,3.5259760220184755,-0.058284890797371494,1.086895217551534,-0.9511703058160944,-0.39011385916326174,0,1.4111934822971952,-0.6852255569458667,0,1,0,1,0,0,0,0,1,0,0,0,0,0,0,1,0,0,0,0,0,1,0
-1.0866755151470848,0,-0.18465770042510563,1.7037637576262845,-1.8684257522543597,-0.6605306743650393,0,-1.4708396768463317,-1.0261667362455194,-0.05778754527941421,0.24620020465769926,-0.6295596462126413,-1.0252606569763043,-0.6780493930322936,0,1.5826626555600865,4,1.1914379855160337,0.24198831185855807,-0.2930769296747854,1.707499689688721,0.33809616377248186,0.32522751910309133,1.0410954610370433,0.8730062991171511,1.086895217551534,0.5320903195901912,-0.66974865491417,1,-0.5730491588385926,-0.6068177543226755,0,1,0,1,0,0,1,0,0,0,0,0,0,0,0,0,1,1,0,1,0,0,0
-0.8676718124782865,0,-1.1168001390880864,-0.3939381836990763,-1.8684257522543597,1.1697805251007627,1,1.038692652993666,-1.0261667362455194,-0.9614863916702531,-0.6608531809232983,-0.7859439338884057,0.15753185662992308,-0.6780493930322936,0,-1.1505541015749308,3,1.1914379855160337,-0.9320143892374165,-1.3216011591512031,0.1557070814399298,0.33809616377248186,-0.9810141559830953,-1.1676872598353414,-0.6791456840737199,-1.1559347102263289,1.026510528058953,4.2990937108611815,1,-0.9239543355556757,0.7522508244793061,0,1,0,0,0,0,1,0,0,1,0,0,0,0,0,0,0,1,0,1,0,0,0
0.6653541062033014,0,0.0508570114711262,-0.3939381836990763,0.08504925188071055,-1.5756862740979403,0,0.743453555365431,-1.0261667362455194,2.6533089938931025,0.24620020465769926,2.7386519410648273,1.1560752037273856,1.7246808787816195,0,-0.6039107501479274,3,1.1914379855160337,-0.9320143892374165,1.2497094145398413,-0.6201892226844657,0.33809616377248186,1.4681889848035046,2.1454868214732357,1.1834366957553253,2.7690176633849313,0.037670111121429345,0.4228784234638961,0,1.9874319780102931,0.13449237956931445,0,1,1,0,0,0,1,0,0,0,0,1,0,0,0,0,0,1,0,0,1,0,0
1.2128633628752972,0,1.0449770058962733,0.09963874367159682,0.08504925188071055,1.1697805251007627,1,1.235518718079156,-1.0261667362455194,2.6533089938931025,-0.6608531809232983,2.796658612988039,-0.10260941507695985,0.523315742874663,0,-0.8772324258614291,3,1.1914379855160337,-0.9320143892374165,2.2782336440162587,0.1557070814399298,0.33809616377248186,2.4478702411181446,1.5932911412551394,3.0460190755843706,1.3672489585237668,1.026510528058953,-0.08278330163714283,0,2.0084787768717858,-0.4935620394225103,0,1,1,0,1,0,0,0,0,0,0,0,0,1,0,0,0,1,0,0,0,1,0
-0.8676718124782865,1,-0.8515362004260147,1.827157989468953,-0.8916882501868245,1.1697805251007627,1,0.349801425194451,-1.0261667362455194,-0.9614863916702531,1.1532535902386967,-0.8634986417710877,0.061823479518962915,-0.6780493930322936,1,2.4026276827005915,4,-0.6589728319256667,-0.9320143892374165,-1.3216011591512031,0.1557070814399298,-1.0778621289498782,-0.9810141559830953,-1.1676872598353414,-0.3687152874355457,-1.1559347102263289,0.5320903195901912,3.5467593095166006,1,-1.1339117887809766,0.7522508244793061,1,0,1,0,1,0,0,0,0,0,0,0,0,0,1,0,0,0,1,1,0,0,0
0.9938596602064987,1,1.1193500728108727,0.09963874367159682,0.08504925188071055,0.2546249253678617,0,-0.09305722124790157,0.3796721288811475,0.8459113011114247,-0.6608531809232983,0.17233478542911787,-0.042457894660673574,0.9237707881769818,0,1.5826626555600865,4,0.26623257679518353,2.5899937140505074,0.34975071374797573,-0.6201892226844657,0.33809616377248186,0.16194730971731802,0.7649976209279952,-0.6791456840737199,0.8065414765793012,0.037670111121429345,-0.40365882294480804,0,0.5194485913139272,0.1859722499784804,0,1,0,1,1,0,0,0,0,0,0,0,0,0,0,1,0,1,0,0,0,1,0
-1.0866755151470848,0,0.8144204984610147,0.7166099028849382,0.08504925188071055,1.1697805251007627,0,0.5466274902799411,-1.0261667362455194,-0.9614863916702531,-1.5679065665042957,-0.3673609899736559,1.339481124622838,-1.0785044383346125,0,1.036019304133083,3,1.1914379855160337,0.24198831185855807,-0.42164245835933756,-0.6201892226844657,-1.0778621289498782,-0.0013328996684553085,0.48889978081894714,1.4938670923934996,-0.3148734873096303,0.037670111121429345,-0.2504682271328635,1,-0.12281301932725086,-0.9465848990231709,1,0,1,0,1,0,0,0,0,0,0,0,0,0,1,0,0,1,0,1,0,0,0
0.22734670086570485,0,0.08060623823696601,1.2101868302556114,1.0617867539482457,1.1697805251007627,1,-1.2248070954894692,0.3796721288811475,-0.05778754527941421,1.1532535902386967,-0.5526423742851594,-1.289055993007541,2.1251359240839385,0,-0.3305890744344257,3,-0.6589728319256667,2.5899937140505074,-0.5502079870438897,-0.6201892226844657,0.33809616377248186,-0.8177339465973219,-0.6154915796172451,-0.058284890797371494,-0.5952272282818631,1.026510528058953,-0.33151716802135506,0,-0.4264683881695872,2.451086547981783,0,1,1,0,0,0,0,1,0,0,0,0,0,0,1,0,0,0,0,0,1,0,0
1.979376322216091,0,0.08308534046745267,-0.8875151110697495,1.0617867539482457,-0.6605306743650393,1,1.5799643319787637,-1.0261667362455194,-0.9614863916702531,1.1532535902386967,-0.816115902434545,-0.8907629816529725,2.1251359240839385,0,1.3093409798465847,4,-0.6589728319256667,0.24198831185855807,0.9925783571707368,-0.6201892226844657,1.754054456494842,-0.32789331844000197,-0.6154915796172451,-0.6791456840737199,-0.0345197463373974,0.5320903195901912,-1.1916998565006964,0,-1.002194843151638,0.4124836797788108,0,1,1,0,0,0,0,0,1,0,0,0,0,0,1,0,0,1,0,0,0,1,0
-0.9771736638126857,0,0.9160636899109673,-0.7641208792270812,0.08504925188071055,-0.6605306743650393,0,0.5958340065513135,0.3796721288811475,-0.9614863916702531,-0.6608531809232983,-0.7748950439982701,-1.4926998086224916,-0.6780493930322936,0,1.036019304133083,3,1.1914379855160337,0.24198831185855807,-1.3216011591512031,0.1557070814399298,0.33809616377248186,-0.9810141559830953,-1.1676872598353414,-0.6791456840737199,-1.1559347102263289,0.037670111121429345,4.406275598176026,1,-0.8962903757886238,0.7522508244793061,0,1,0,1,0,0,1,0,0,0,0,0,0,0,0,0,1,1,0,1,0,0,0
-0.7581699611438873,1,0.35330748359049763,-0.02375548817107146,0.08504925188071055,-0.6605306743650393,1,1.137105685536411,0.3796721288811475,-0.9614863916702531,1.1532535902386967,-1.1520446508250117,0.23974830392788446,-0.6780493930322936,0,-0.6039107501479274,3,0.26623257679518353,-0.9320143892374165,-1.3216011591512031,0.1557070814399298,-1.0778621289498782,-0.9810141559830953,-1.1676872598353414,-0.6791456840737199,-1.1559347102263289,0.037670111121429345,0.7476630984866252,1,-2.3589520900494443,0.7522508244793061,0,1,0,1,0,0,1,0,0,0,0,0,0,0,0,0,1,0,1,1,0,0,0
-1.6341847718190805,1,-1.020115152099107,-0.270543951856408,-1.8684257522543597,1.1697805251007627,1,0.448214457737196,0.3796721288811475,-0.9614863916702531,-0.6608531809232983,-0.8564868462638864,1.655417147743893,-0.6780493930322936,1,2.1293060069870897,4,-1.584178240646517,-0.9320143892374165,-1.3216011591512031,-0.6201892226844657,0.33809616377248186,-0.9810141559830953,-1.1676872598353414,-0.6791456840737199,-1.1559347102263289,-0.4567500973473325,3.6147785841587137,1,-1.1136785337871078,0.7522508244793061,0,1,1,0,1,0,0,0,0,0,0,0,0,0,1,0,0,0,1,0,0,0,0
-0.10115885313749257,0,1.1490992995767126,0.09963874367159682,1.0617867539482457,-0.6605306743650393,0,-0.14226373751927407,-1.0261667362455194,-0.05778754527941421,0.24620020465769926,-0.17634268206535134,-1.159898873235188,-0.6780493930322936,1,-0.6039107501479274,3,-1.584178240646517,0.24198831185855807,-0.16451140099023315,0.9316033855643254,0.33809616377248186,0.48850772848886465,1.3171933011460915,-0.3687152874355457,0.8065414765793012,-0.9511703058160944,-0.3111702767755976,0,0.1369389064895558,-0.637705676568175,0,1,0,1,0,0,0,0,1,0,0,0,0,0,0,1,0,1,0,0,1,0,0
-0.6486681098094882,0,-1.218443330538039,1.3335810620982798,0.08504925188071055,-0.6605306743650393,1,1.137105685536411,0.3796721288811475,-0.05778754527941421,0.24620020465769926,-0.48996117202381356,0.6058574410410288,-0.6780493930322936,0,-1.1505541015749308,3,-1.584178240646517,0.24198831185855807,-0.16451140099023315,-0.6201892226844657,0.33809616377248186,0.48850772848886465,1.0410954610370433,-0.6791456840737199,-0.5952272282818631,-0.9511703058160944,-0.6154019415385021,1,-0.31674530485262775,-0.637705676568175,0,1,1,0,1,0,0,0,0,0,1,0,0,0,0,0,0,0,0,1,0,0,0
-0.3201625558062908,0,1.6796271769008557,-0.6407266473844129,0.08504925188071055,0.2546249253678617,1,-0.09305722124790157,0.3796721288811475,0.8459113011114247,1.1532535902386967,0.6820710709374858,1.4238056859540804,-0.27759434772997477,1,-0.6039107501479274,3,1.1914379855160337,2.5899937140505074,-0.2930769296747854,0.1557070814399298,0.33809616377248186,-0.32789331844000197,-0.33939373950819707,-0.3687152874355457,-1.1559347102263289,1.520930736527715,0.7439987604587671,0,0.9465254979483124,-0.26705060962218,0,1,0,1,1,0,0,0,0,0,0,0,0,0,0,1,0,1,0,1,0,0,0
-0.8676718124782865,0,-0.5218156037712901,-0.270543951856408,0.08504925188071055,1.1697805251007627,1,-0.3390898026047641,0.3796721288811475,-0.9614863916702531,-1.5679065665042957,-0.9436030934745703,0.7126685520606025,0.12286069757234411,0,-0.3305890744344257,3,-0.6589728319256667,-0.9320143892374165,-0.03594587230568093,-0.6201892226844657,0.33809616377248186,-0.6544537372115486,-0.6154915796172451,-0.3687152874355457,-0.5952272282818631,-0.4567500973473325,-1.0941039826630352,0,-1.3867054980150917,-0.09716703727193238,0,1,1,0,1,0,0,0,0,0,1,0,0,0,0,0,0,0,1,1,0,0,0
0.008342998196906572,0,-0.04830707774833983,-0.270543951856408,1.0617867539482457,1.1697805251007627,1,0.5958340065513135,0.3796721288811475,-0.05778754527941421,-1.5679065665042957,-0.4714755293230099,-0.1019067103991995,0.9237707881769818,1,1.855984331273588,4,0.26623257679518353,0.24198831185855807,0.6068817711170802,-0.6201892226844657,0.33809616377248186,-0.32789331844000197,-0.33939373950819707,-0.6791456840737199,-0.0345197463373974,0.037670111121429345,-0.9285997834133215,0,-0.2858563910854934,0.052730232448874446,0,1,1,0,0,0,1,0,0,0,0,0,0,0,1,0,0,1,0,0,1,0,0
-0.2106607044718917,0,-1.446520735742811,0.8400041347276065,-0.8916882501868245,1.1697805251007627,0,-1.0771875466753518,-1.0261667362455194,-0.05778754527941421,-0.6608531809232983,-0.3643862888493887,1.5564763291152353,-1.0785044383346125,1,-1.1505541015749308,3,1.1914379855160337,-0.9320143892374165,-0.9359045730975464,-0.6201892226844657,0.33809616377248186,-0.6544537372115486,-0.6154915796172451,-0.6791456840737199,-0.5952272282818631,1.026510528058953,0.9867611548043551,1,-0.11840447898814298,-0.9465848990231709,0,1,1,0,0,0,0,1,0,0,0,0,1,0,0,0,0,1,0,1,0,0,0
0.8843578088720997,0,-0.6110632840688096,1.950552221311621,-0.8916882501868245,-0.6605306743650393,0,1.333931750621901,-1.0261667362455194,-0.05778754527941421,1.1532535902386967,-0.12683515621147484,1.3456649257871292,-1.0785044383346125,0,-0.6039107501479274,3,1.1914379855160337,1.4159910129545328,-0.16451140099023315,-0.6201892226844657,-1.0778621289498782,0.32522751910309133,1.0410954610370433,0.2521455058408027,1.086895217551534,0.5320903195901912,-0.26314454649798447,0,0.1975369647073048,-0.9465848990231709,0,1,1,0,1,0,0,0,0,0,0,0,1,0,0,0,0,1,0,0,1,0,0
-0.10115885313749257,0,1.01770688136092,-0.8875151110697495,-1.8684257522543597,-0.6605306743650393,1,1.3831382668932737,-1.0261667362455194,-0.05778754527941421,1.1532535902386967,-0.5560420327128933,-1.4180725718443419,-0.6780493930322936,0,1.5826626555600865,4,1.1914379855160337,-0.9320143892374165,-0.16451140099023315,-0.6201892226844657,-1.0778621289498782,0.48850772848886465,-0.8915894197262932,-0.6791456840737199,1.086895217551534,0.5320903195901912,-0.6795049549133416,0,-0.43265438742242046,-0.637705676568175,1,0,0,0,0,0,0,0,0,1,0,0,0,0,0,0,0,0,1,0,1,0,0
0.33684855220010396,0,0.8292951118439346,-1.0109093429124179,1.0617867539482457,-1.5756862740979403,1,1.5799643319787637,0.3796721288811475,1.7496101475022634,-1.5679065665042957,2.192794284761786,0.6574359643886387,-0.27759434772997477,0,-1.1505541015749308,3,-1.584178240646517,0.24198831185855807,1.3782749432243935,0.1557070814399298,0.33809616377248186,1.9580296129608246,0.7649976209279952,2.7355886789461965,3.329725145329397,-2.43443093122238,0.09567118080830136,0,1.773477739259708,-0.6511352079792618,0,1,1,0,1,0,0,0,0,0,0,1,0,0,0,0,0,0,0,0,1,0,0
-1.1961773664814839,0,-0.7945168491248218,-1.0109093429124179,-0.8916882501868245,-0.6605306743650393,0,1.1863122018077836,-1.0261667362455194,-0.9614863916702531,0.24620020465769926,-0.7585341878148002,0.08360732452953387,-0.6780493930322936,1,-0.6039107501479274,3,0.26623257679518353,0.24198831185855807,-1.3216011591512031,0.1557070814399298,-1.0778621289498782,-0.9810141559830953,-1.1676872598353414,-0.3687152874355457,-1.1559347102263289,-0.4567500973473325,4.564987239007622,1,-0.8562380258827625,0.7522508244793061,0,1,1,0,1,0,0,0,0,0,0,0,0,0,1,0,0,1,0,1,0,0,0
-1.0866755151470848,0,-0.7226228844407089,-0.8875151110697495,-0.8916882501868245,-1.5756862740979403,0,1.137105685536411,1.7855109940078144,-0.05778754527941421,0.24620020465769926,-0.000622837081849785,1.782606694418517,-1.0785044383346125,0,-0.3305890744344257,3,-0.6589728319256667,-0.9320143892374165,-0.2930769296747854,1.707499689688721,-1.0778621289498782,0.16194730971731802,0.7649976209279952,-0.6791456840737199,0.8065414765793012,-1.4455905142848562,0.008153880239546791,0,0.34181561937016425,-0.9465848990231709,0,1,0,1,0,0,1,0,0,0,0,0,0,0,0,1,0,0,1,1,0,0,0
1.2128633628752972,0,-1.6993891632524494,1.5803695257836163,0.08504925188071055,1.1697805251007627,0,-0.3882963188761366,0.3796721288811475,1.7496101475022634,1.1532535902386967,2.2673742915202006,-1.6690786827403403,0.12286069757234411,0,-1.1505541015749308,3,-0.6589728319256667,0.24198831185855807,1.6354060005934978,0.1557070814399298,0.33809616377248186,2.4478702411181446,3.5259760220184755,0.5625759024789769,0.8065414765793012,1.026510528058953,-0.005530132083234981,0,1.8045660529465073,-0.5388643253825763,1,0,1,0,0,0,1,0,0,0,0,1,0,0,0,0,0,0,0,0,0,1,0
0.7748559575377005,0,-1.5679967450366568,-1.0109093429124179,1.0617867539482457,-0.6605306743650393,1,0.5958340065513135,1.7855109940078144,-0.05778754527941421,-1.5679065665042957,-0.3123290191747117,-0.6955516221711463,-0.27759434772997477,0,-0.057267398720923963,3,1.1914379855160337,0.24198831185855807,-0.16451140099023315,1.707499689688721,0.33809616377248186,-0.8177339465973219,-1.1676872598353414,-0.058284890797371494,-0.5952272282818631,-0.4567500973473325,-0.44308644577848294,0,-0.04327407891043311,-0.32882645411317923,0,1,1,0,1,0,0,0,0,0,0,0,0,0,0,0,0,1,0,0,1,0,0
-0.3201625558062908,1,0.40784773266120394,0.8400041347276065,1.0617867539482457,1.1697805251007627,1,0.9402796204509211,-2.432005601372186,-0.9614863916702531,-1.5679065665042957,-0.8915458237998933,0.020644985402206186,-0.6780493930322936,1,2.1293060069870897,4,-0.6589728319256667,0.24198831185855807,-0.8073390444129942,-0.6201892226844657,0.33809616377248186,-0.32789331844000197,-0.6154915796172451,0.2521455058408027,-1.1559347102263289,-0.4567500973473325,-0.5294503126725596,1,-1.2176788792560451,-0.38030632452234525,0,0,1,0,0,0,0,0,1,0,0,0,0,0,1,0,0,1,0,1,0,0,0
2.08887817355049,1,0.8912726676061008,1.827157989468953,-0.8916882501868245,-1.5756862740979403,1,1.5307578157073911,0.3796721288811475,-0.9614863916702531,1.1532535902386967,-0.8320518013145481,-0.5694864029809389,-0.6780493930322936,0,0.21605427699257776,3,1.1914379855160337,-0.9320143892374165,-0.8073390444129942,0.1557070814399298,0.33809616377248186,-0.4911735278257753,-0.6154915796172451,-0.3687152874355457,-1.1559347102263289,0.5320903195901912,-0.41402366479503483,0,-1.0452206933408583,-0.38030632452234525,0,1,1,0,1,0,0,0,0,0,1,0,0,0,0,0,0,0,1,0,0,0,1
-0.10115885313749257,0,-1.1589448770063595,0.9633983665702748,-0.8916882501868245,0.2546249253678617,1,-1.6184592256604493,-1.0261667362455194,-0.05778754527941421,-0.6608531809232983,-0.21161413825309167,0.35260267517619726,-0.27759434772997477,0,0.21605427699257776,3,0.26623257679518353,1.4159910129545328,0.09261965637887129,-1.3960855268088614,-2.4938204216722384,-0.4911735278257753,-0.6154915796172451,-0.3687152874355457,-0.3148734873096303,-0.9511703058160944,-0.5345689348552235,0,0.09222800618316378,-0.4238662148685625,0,1,0,1,0,1,0,0,0,0,0,0,0,0,0,1,0,1,0,0,1,0,0
0.4463504035345031,0,-1.1539866725453862,-0.14714972001373974,0.08504925188071055,0.2546249253678617,0,-0.5851223839616266,0.3796721288811475,-0.05778754527941421,-0.6608531809232983,-0.448315356284072,1.760682308472394,0.9237707881769818,0,1.5826626555600865,4,0.26623257679518353,0.24198831185855807,0.34975071374797573,0.1557070814399298,0.33809616377248186,-0.32789331844000197,-0.063295899399149,-0.3687152874355457,-0.0345197463373974,0.037670111121429345,-0.8337114230089022,0,-0.24802999561986436,0.1859722499784804,0,1,0,1,0,1,0,0,0,0,0,0,0,0,0,1,0,1,0,0,1,0,0
0.5558522548689022,0,1.4713825895399772,-0.3939381836990763,0.08504925188071055,0.2546249253678617,1,0.841866587908176,0.3796721288811475,0.8459113011114247,-1.5679065665042957,1.4544309699883058,0.07433162278309721,2.5255909693862573,0,-0.6039107501479274,3,-0.6589728319256667,0.24198831185855807,0.8640128284861845,0.1557070814399298,1.754054456494842,0.9783483566461847,0.7649976209279952,0.8730062991171511,0.8065414765793012,-0.4567500973473325,0.048003556292501845,0,1.4251309167515342,0.6628384179791756,0,1,1,0,0,0,1,0,0,0,0,0,0,1,0,0,0,1,0,0,1,0,0
-0.6486681098094882,0,0.6855071824757089,0.09963874367159682,-0.8916882501868245,0.2546249253678617,0,0.9894861367222936,0.3796721288811475,-0.05778754527941421,1.1532535902386967,0.017012891012020383,0.8154039759491662,-0.27759434772997477,1,-1.1505541015749308,3,1.1914379855160337,0.24198831185855807,-0.42164245835933756,-0.6201892226844657,0.33809616377248186,-0.32789331844000197,-0.6154915796172451,-0.3687152874355457,-0.0345197463373974,1.520930736527715,0.2156183934261595,0,0.3609181889360749,-0.1915467996887367,0,1,0,1,0,0,1,0,0,0,0,0,0,0,0,1,0,0,0,1,0,0,0
-0.3201625558062908,0,-0.16730398481169909,-0.7641208792270812,-1.8684257522543597,1.1697805251007627,0,0.448214457737196,-1.0261667362455194,-0.05778754527941421,1.1532535902386967,0.3399804416467512,0.30664578925067015,0.12286069757234411,1,-0.8772324258614291,3,0.26623257679518353,-0.9320143892374165,-0.2930769296747854,0.1557070814399298,-1.0778621289498782,-0.4911735278257753,-0.6154915796172451,-0.6791456840737199,-0.8755809692540959,1.026510528058953,0.37527474640556324,0,0.6736796819447542,0.07271653507831528,0,1,0,1,0,0,1,0,0,0,0,0,0,0,0,1,0,1,0,1,0,0,0
-0.6486681098094882,0,-0.821786973660175,-0.6407266473844129,0.08504925188071055,-1.5756862740979403,0,-0.19147025379064658,1.7855109940078144,-0.9614863916702531,0.24620020465769926,-0.5364939967534228,0.24143479515450933,2.1251359240839385,0,-0.8772324258614291,3,-0.6589728319256667,0.24198831185855807,-0.9359045730975464,-2.171981830933257,-1.0778621289498782,-0.8177339465973219,-0.6154915796172451,-0.058284890797371494,-0.5952272282818631,-1.4455905142848562,0.5693701513186629,1,-0.3974270881329875,4.489689416184755,0,1,1,0,0,0,1,0,0,0,1,0,0,0,0,0,0,0,0,1,0,0,0
-1.1961773664814839,0,0.7276519203939819,-0.3939381836990763,0.08504925188071055,0.2546249253678617,1,-0.2406767700620191,1.7855109940078144,-0.9614863916702531,1.1532535902386967,-0.8411883833390833,-1.0134552183899304,-1.0785044383346125,0,0.7626976284195812,3,-1.584178240646517,0.24198831185855807,-0.42164245835933756,0.1557070814399298,0.33809616377248186,-0.0013328996684553085,0.7649976209279952,1.4938670923934996,0.8065414765793012,0.037670111121429345,-0.8250249788446498,1,-1.0704550258092365,-0.9465848990231709,1,0,1,0,0,0,0,1,0,0,1,0,0,0,0,0,0,1,0,1,0,0,0
0.8843578088720997,0,1.2259514687217987,-1.0109093429124179,1.0617867539482457,-0.6605306743650393,1,-1.0771875466753518,0.3796721288811475,-0.05778754527941421,0.24620020465769926,-0.23456183264029623,0.027812573115361793,0.523315742874663,0,-0.8772324258614291,3,0.26623257679518353,-0.9320143892374165,0.09261965637887129,0.1557070814399298,0.33809616377248186,-0.4911735278257753,-0.6154915796172451,-0.6791456840737199,-0.3148734873096303,0.037670111121429345,-0.5531196461212543,0,0.062409377184922205,0.0988524692860458,1,0,1,0,0,0,1,0,0,0,0,0,0,0,0,0,0,0,1,0,1,0,0
-0.42966440714069,0,-1.4514789402037842,0.09963874367159682,1.0617867539482457,-0.6605306743650393,1,-1.1263940629467242,0.3796721288811475,-0.05778754527941421,0.24620020465769926,-0.2158637112877592,-0.5485458035836803,-0.6780493930322936,0,-0.3305890744344257,3,-0.6589728319256667,-0.9320143892374165,-0.16451140099023315,-0.6201892226844657,-1.0778621289498782,0.48850772848886465,-0.063295899399149,-0.6791456840737199,1.3672489585237668,-0.9511703058160944,-0.349508413392061,0,0.08675041072815098,-0.637705676568175,0,1,0,1,0,1,0,0,0,0,0,0,0,0,0,1,0,0,1,1,0,0,0
-0.9771736638126857,0,-0.04830707774833983,-1.0109093429124179,-0.8916882501868245,0.2546249253678617,1,-1.1756005792180968,-1.0261667362455194,-0.05778754527941421,1.1532535902386967,0.07034503259709764,0.6945387713743854,-0.6780493930322936,1,-0.8772324258614291,3,0.26623257679518353,0.24198831185855807,-0.5502079870438897,-0.6201892226844657,0.33809616377248186,-0.0013328996684553085,0.7649976209279952,-0.6791456840737199,0.8065414765793012,1.026510528058953,0.5318270451850292,0,0.41725395259930337,-0.5218759681475515,1,0,0,1,1,0,0,0,0,0,0,0,0,0,0,1,0,1,0,1,0,0,0
-0.8676718124782865,1,-0.14003386027634593,1.827157989468953,0.08504925188071055,0.2546249253678617,1,-1.0279810304039791,1.7855109940078144,-0.9614863916702531,-1.5679065665042957,-1.149919864307678,-0.5159403065355999,-0.6780493930322936,0,0.4893759527060795,3,1.1914379855160337,-0.9320143892374165,-1.3216011591512031,0.1557070814399298,0.33809616377248186,-0.9810141559830953,-1.1676872598353414,-0.6791456840737199,-1.1559347102263289,0.037670111121429345,0.768274999893326,1,-2.3450890505671502,0.7522508244793061,1,0,0,1,0,0,0,0,1,0,0,0,0,0,0,0,1,0,1,1,0,0,0
0.22734670086570485,0,1.1119127661194128,1.456975293940948,1.0617867539482457,-1.5756862740979403,0,-1.6676657419318217,-2.432005601372186,-0.05778754527941421,0.24620020465769926,-0.16295652700614868,-1.4512402326346308,1.3242258334793007,0,1.036019304133083,3,0.26623257679518353,0.24198831185855807,-0.16451140099023315,-1.3960855268088614,0.33809616377248186,-0.6544537372115486,-0.6154915796172451,-0.3687152874355457,-0.5952272282818631,-0.4567500973473325,-0.29818477888937595,0,0.15356585668659903,0.9066904357068039,0,0,0,1,1,0,0,0,0,0,0,0,0,0,0,1,0,1,0,0,1,0,0
-1.0866755151470848,0,1.367260295859538,-0.8875151110697495,1.0617867539482457,-0.6605306743650393,1,-1.2248070954894692,0.3796721288811475,-0.9614863916702531,-0.6608531809232983,-0.9087565945902967,-1.158071841073011,-0.6780493930322936,0,-1.1505541015749308,3,0.26623257679518353,0.24198831185855807,-0.678773515728442,0.1557070814399298,-1.0778621289498782,-0.32789331844000197,-0.33939373950819707,-0.3687152874355457,-0.5952272282818631,-0.9511703058160944,-0.7157819013891352,1,-1.2714886004688861,-0.46120326373674886,0,1,1,0,0,0,0,0,1,0,0,0,0,0,1,0,0,1,0,1,0,0,0
-0.3201625558062908,0,-0.16730398481169909,1.5803695257836163,1.0617867539482457,0.2546249253678617,1,0.9894861367222936,-1.0261667362455194,-0.05778754527941421,1.1532535902386967,-0.16061926183708156,1.7121956857069296,-0.6780493930322936,1,-0.057267398720923963,3,-0.6589728319256667,-0.9320143892374165,0.6068817711170802,0.1557070814399298,0.33809616377248186,1.3049087754177313,1.5932911412551394,1.1834366957553253,1.9279564404682326,0.5320903195901912,-0.7401297099258006,0,0.1564502379486187,-0.7467218727287618,1,0,1,0,0,0,0,1,0,0,0,0,0,0,1,0,0,1,0,1,0,0,0
-0.9771736638126857,1,1.6672316657484225,0.4698214391996017,-0.8916882501868245,1.1697805251007627,0,0.8910731041795485,0.3796721288811475,-0.05778754527941421,0.24620020465769926,0.7120305608318916,1.2703349843312193,0.12286069757234411,1,-1.1505541015749308,3,1.1914379855160337,-0.9320143892374165,-0.678773515728442,-2.171981830933257,0.33809616377248186,-0.8177339465973219,-1.1676872598353414,-0.058284890797371494,-0.5952272282818631,1.520930736527715,1.904677830782766,0,0.9682233926539743,0.509560006836095,0,1,0,1,0,1,0,0,0,0,0,0,0,0,0,1,0,0,1,1,0,0,0
1.103361511540898,0,0.9086263832195074,0.59321567104227,1.0617867539482457,0.2546249253678617,1,-0.09305722124790157,0.3796721288811475,-0.05778754527941421,-0.6608531809232983,-0.2201132843224267,-1.7129274546325863,2.1251359240839385,0,0.7626976284195812,3,0.26623257679518353,0.24198831185855807,0.6068817711170802,0.9316033855643254,1.754054456494842,0.16194730971731802,0.7649976209279952,-0.3687152874355457,0.8065414765793012,0.5320903195901912,-0.776200537387527,0,0.0812528130543815,0.6523193113321015,0,0,1,0,0,0,0,0,1,0,0,0,0,0,1,0,0,1,0,0,0,1,0
2.08887817355049,0,1.5879003943728498,0.2230329755142651,2.038524256015781,1.1697805251007627,0,1.137105685536411,-1.0261667362455194,-0.05778754527941421,-1.5679065665042957,-0.23859892702323035,0.8453391952217573,0.523315742874663,0,0.21605427699257776,3,0.26623257679518353,0.24198831185855807,-0.678773515728442,0.1557070814399298,0.33809616377248186,-1.1442943653688686,-1.1676872598353414,-0.6791456840737199,-1.1559347102263289,0.037670111121429345,0.3677170492231061,0,0.057101867550226705,0.994941642122517,0,1,0,1,0,1,0,0,0,0,0,0,0,0,0,1,0,1,0,0,0,0,1
0.22734670086570485,0,0.15993750961253883,-0.02375548817107146,-0.8916882501868245,-1.5756862740979403,1,1.038692652993666,0.3796721288811475,-0.05778754527941421,-1.5679065665042957,-0.28725653827017333,-0.28081532135698556,-0.6780493930322936,0,2.675949358414093,4,1.1914379855160337,0.24198831185855807,-0.16451140099023315,0.1557070814399298,0.33809616377248186,0.48850772848886465,-1.1676872598353414,1.4938670923934996,1.3672489585237668,-0.9511703058160944,-0.4187644021185759,0,-0.00838429614243052,-0.637705676568175,0,1,1,0,0,0,1,0,0,0,0,0,1,0,0,0,0,1,0,0,1,0,0
0.11784484953130571,0,1.4664243850790037,-0.14714972001373974,0.08504925188071055,1.1697805251007627,0,-0.3882963188761366,-1.0261667362455194,-0.05778754527941421,-0.6608531809232983,-0.9285171092015007,0.5343221048450247,-0.6780493930322936,1,0.21605427699257776,3,0.26623257679518353,0.24198831185855807,1.121143885855289,0.1557070814399298,0.33809616377248186,2.1213098223465976,1.8693889813641875,-0.6791456840737199,0.8065414765793012,0.5320903195901912,-1.2606575150752724,0,-1.3357392023464563,-0.7847910205943636,1,0,1,0,0,0,1,0,0,0,0,0,0,0,1,0,0,0,0,0,1,0,0
2.3078818762192883,0,-0.48958727477496367,1.456975293940948,0.08504925188071055,1.1697805251007627,0,0.3005949089230785,0.3796721288811475,1.7496101475022634,1.1532535902386967,2.4163218263852966,-0.3586749996528327,0.523315742874663,1,-0.6039107501479274,3,0.26623257679518353,0.24198831185855807,2.2782336440162587,-0.6201892226844657,-1.0778621289498782,-0.9810141559830953,-1.1676872598353414,-0.6791456840737199,-1.1559347102263289,1.026510528058953,-0.21000848618195164,0,1.8647964211620693,-0.4935620394225103,0,1,0,1,1,0,0,0,0,0,0,1,0,0,0,0,0,1,0,0,0,0,1
-0.5391662584750891,1,-1.3994177933635645,-0.5173324155417446,-0.8916882501868245,-1.5756862740979403,0,-0.9295679978612341,1.7855109940078144,-0.9614863916702531,0.24620020465769926,-0.8649859923332214,0.14122910810588288,0.12286069757234411,1,-0.3305890744344257,3,-1.584178240646517,-0.9320143892374165,-0.42164245835933756,-0.6201892226844657,0.33809616377248186,-0.4911735278257753,-0.8915894197262932,-0.6791456840737199,-0.3148734873096303,-1.4455905142848562,-0.853881640814031,1,-1.1382388737347544,0.1859722499784804,1,0,1,0,1,0,0,0,0,0,0,0,0,0,1,0,0,0,1,1,0,0,0
0.11784484953130571,0,1.0003531657475135,-0.02375548817107146,-0.8916882501868245,-0.6605306743650393,1,0.251388392651706,0.3796721288811475,-0.9614863916702531,1.1532535902386967,-0.36799842592885607,-0.0028253508349896273,-0.27759434772997477,0,1.036019304133083,3,1.1914379855160337,1.4159910129545328,-0.16451140099023315,-2.171981830933257,1.754054456494842,-0.32789331844000197,-0.6154915796172451,-0.6791456840737199,-0.3148734873096303,1.520930736527715,-0.4970896274640391,0,-0.12375938842076357,-0.32882645411317923,0,1,1,0,1,0,0,0,0,0,0,0,0,0,1,0,0,0,0,0,1,0,0
1.3223652142096962,0,0.648320649018409,-0.8875151110697495,-1.8684257522543597,-0.6605306743650393,1,-1.1756005792180968,0.3796721288811475,2.6533089938931025,1.1532535902386967,2.6895693725144176,-0.0808255700663889,0.12286069757234411,0,-0.057267398720923963,3,1.1914379855160337,-0.9320143892374165,2.1496681153317065,0.1557070814399298,0.33809616377248186,-0.32789331844000197,-0.063295899399149,0.5625759024789769,-0.3148734873096303,1.026510528058953,-0.06996686195704037,0,1.969390412847117,-0.5951016458847274,1,0,1,0,1,0,0,0,0,0,0,0,0,1,0,0,0,1,0,0,0,1,0
0.5558522548689022,0,-0.9507002896454807,0.3464272073569334,1.0617867539482457,-0.6605306743650393,1,0.5466274902799411,0.3796721288811475,-0.05778754527941421,1.1532535902386967,-0.3008551719811094,-1.6040082295797315,0.12286069757234411,1,-0.8772324258614291,3,0.26623257679518353,1.4159910129545328,0.34975071374797573,0.9316033855643254,0.33809616377248186,-1.1442943653688686,-1.1676872598353414,-0.6791456840737199,-1.1559347102263289,0.5320903195901912,-0.7315352831785423,0,-0.027207160748310106,-0.26705060962218,0,1,0,1,0,1,0,0,0,0,0,0,0,0,0,1,0,0,0,0,1,0,0
-1.0866755151470848,1,1.3251155579412648,1.5803695257836163,0.08504925188071055,-1.5756862740979403,0,-0.3882963188761366,-1.0261667362455194,-0.9614863916702531,-0.6608531809232983,-0.7734076934361366,0.7367010520400066,-0.6780493930322936,0,-0.8772324258614291,3,-1.584178240646517,-0.9320143892374165,-1.3216011591512031,-0.6201892226844657,0.33809616377248186,-0.9810141559830953,-1.1676872598353414,-0.6791456840737199,-1.1559347102263289,-1.940010722753618,4.420703929160716,1,-0.8926049016102727,0.7522508244793061,1,0,0,0,0,0,0,0,0,1,0,0,0,0,0,0,0,1,0,1,0,0,0
-0.2106607044718917,0,-0.29869640302749156,1.0867925984129432,1.0617867539482457,-0.6605306743650393,1,0.251388392651706,0.3796721288811475,-0.05778754527941421,-1.5679065665042957,-0.20014029105948938,0.23356450276359336,-1.0785044383346125,0,0.21605427699257776,3,1.1914379855160337,0.24198831185855807,-0.678773515728442,-0.6201892226844657,-2.4938204216722384,-0.32789331844000197,-0.33939373950819707,-0.6791456840737199,-0.0345197463373974,-1.4455905142848562,0.4298962851333205,0,0.10691873248976529,-0.9465848990231709,0,1,0,1,0,0,1,0,0,0,0,0,0,0,0,1,0,1,0,1,0,0,0
-0.9771736638126857,0,0.7450056360073884,0.8400041347276065,0.08504925188071055,0.2546249253678617,1,-0.8311549653184892,0.3796721288811475,-0.9614863916702531,0.24620020465769926,-0.9261798440324335,-1.7133490774392426,-0.6780493930322936,0,-0.3305890744344257,3,0.26623257679518353,-0.9320143892374165,-0.8073390444129942,0.1557070814399298,-1.0778621289498782,-0.32789331844000197,-0.33939373950819707,-0.3687152874355457,-0.0345197463373974,0.037670111121429345,-0.5966451112584042,1,-1.3279951263750878,-0.38030632452234525,0,0,1,0,0,0,1,0,0,0,0,0,0,0,1,0,0,0,1,1,0,0,0
-0.6486681098094882,0,0.43015965273558376,-0.7641208792270812,-0.8916882501868245,0.2546249253678617,1,-0.8803614815898617,0.3796721288811475,-0.9614863916702531,-1.5679065665042957,-0.7304870057859947,-1.4501159051502142,-0.6780493930322936,1,-0.6039107501479274,3,1.1914379855160337,0.24198831185855807,-0.9359045730975464,0.1557070814399298,1.754054456494842,-0.4911735278257753,-0.6154915796172451,-0.058284890797371494,-0.3148734873096303,0.5320903195901912,0.09890350171071592,1,-0.7899625568691926,-0.26705060962218,0,0,1,0,0,0,1,0,0,0,0,0,0,0,1,0,0,0,0,1,0,0,0
-0.10115885313749257,0,1.3598229891680778,-0.02375548817107146,1.0617867539482457,-1.5756862740979403,1,0.005355811294843447,1.7855109940078144,-0.9614863916702531,-0.6608531809232983,-0.7846690619780055,-0.7132597800507072,-0.6780493930322936,0,1.855984331273588,4,-0.6589728319256667,-0.9320143892374165,-0.8073390444129942,0.1557070814399298,0.33809616377248186,-0.32789331844000197,-0.063295899399149,-0.6791456840737199,-0.5952272282818631,-1.4455905142848562,-0.322094584521149,0,-0.9207362749431083,-0.38030632452234525,0,0,1,0,1,0,0,0,0,0,1,0,0,0,0,0,0,1,0,0,1,0,0
-0.3201625558062908,0,0.3334746657466044,-1.0109093429124179,0.08504925188071055,-1.5756862740979403,1,-1.6676657419318217,0.3796721288811475,0.8459113011114247,1.1532535902386967,0.7192548349908264,-1.0601148089932177,-0.6780493930322936,0,1.5826626555600865,4,-1.584178240646517,-0.9320143892374165,0.34975071374797573,0.1557070814399298,-1.0778621289498782,1.141628566031958,1.0410954610370433,-0.058284890797371494,-0.8755809692540959,-1.4455905142848562,-0.024694292795893726,0,0.9734090451622169,-0.7200734692228407,0,1,0,1,0,1,0,0,0,0,0,0,0,0,0,1,0,0,1,1,0,0,0
-0.3201625558062908,0,1.082163539353573,0.4698214391996017,1.0617867539482457,1.1697805251007627,1,-1.3232201280322142,0.3796721288811475,0.8459113011114247,0.24620020465769926,0.4515317338067733,1.2087780545594122,-0.6780493930322936,0,0.7626976284195812,3,0.26623257679518353,0.24198831185855807,-0.2930769296747854,-0.6201892226844657,-1.0778621289498782,0.16194730971731802,0.7649976209279952,-0.3687152874355457,-0.8755809692540959,0.5320903195901912,0.4955108379446514,0,0.7681934804523484,-0.6068177543226755,0,1,0,1,0,0,1,0,0,0,0,0,0,0,0,1,0,0,0,1,0,0,0
-1.1961773664814839,0,-1.6002250740329833,-1.0109093429124179,0.08504925188071055,0.2546249253678617,1,1.432344783164646,0.3796721288811475,-0.9614863916702531,-1.5679065665042957,-0.7725577788292031,0.8000850139739905,-1.0785044383346125,0,-0.6039107501479274,3,1.1914379855160337,-0.9320143892374165,-0.42164245835933756,2.4833959938131165,-1.0778621289498782,-0.0013328996684553085,0.7649976209279952,1.4938670923934996,0.5261877356070683,-0.4567500973473325,-0.7418044269150951,1,-0.8905029599773514,-0.9465848990231709,0,1,1,0,0,0,1,0,0,0,1,0,0,0,0,0,0,0,1,1,0,0,0
-0.8676718124782865,0,-1.652286220873203,-1.0109093429124179,0.08504925188071055,-1.5756862740979403,1,1.137105685536411,0.3796721288811475,-0.05778754527941421,-1.5679065665042957,-0.240086277585364,-1.1367096188690964,-1.0785044383346125,0,-0.8772324258614291,3,-1.584178240646517,0.24198831185855807,-0.678773515728442,1.707499689688721,-1.0778621289498782,-0.32789331844000197,-0.33939373950819707,-0.6791456840737199,-0.5952272282818631,-2.9288511396911416,0.36531232739232444,0,0.0551417430010119,-0.9465848990231709,0,1,1,0,1,0,0,0,0,0,0,0,0,0,0,0,0,1,0,1,0,0,0
-0.5391662584750891,0,0.8516070319183144,0.7166099028849382,1.0617867539482457,0.2546249253678617,0,-1.5692527093890767,0.3796721288811475,-0.05778754527941421,1.1532535902386967,0.03486109775762392,0.3132512132216175,0.9237707881769818,0,0.7626976284195812,3,-0.6589728319256667,0.24198831185855807,-0.2930769296747854,2.4833959938131165,0.33809616377248186,-0.32789331844000197,-0.8915894197262932,-0.3687152874355457,-0.5952272282818631,0.5320903195901912,0.046400408405314134,0,0.3800072443419637,0.7522508244793061,0,0,1,0,0,0,1,0,0,0,0,0,0,0,0,0,0,0,0,1,0,0,0
-0.6486681098094882,0,0.7995458850780948,-1.0109093429124179,0.08504925188071055,1.1697805251007627,1,-0.8803614815898617,-2.432005601372186,-0.05778754527941421,-1.5679065665042957,-0.31870337872671295,-1.2005152036097364,-0.6780493930322936,0,1.5826626555600865,4,-0.6589728319256667,-0.9320143892374165,-0.16451140099023315,2.4833959938131165,0.33809616377248186,0.48850772848886465,1.0410954610370433,1.8042974890316739,0.8065414765793012,-0.4567500973473325,-0.44927001620049317,0,-0.0522747959346545,-0.637705676568175,1,0,1,0,1,0,0,0,0,0,0,0,0,0,1,0,0,1,0,1,0,0,0
-0.9771736638126857,1,1.4912154073838704,0.9633983665702748,0.08504925188071055,0.2546249253678617,1,-1.6676657419318217,-1.0261667362455194,-0.9614863916702531,1.1532535902386967,-0.8787971046958908,0.6276412860515997,0.9237707881769818,0,-0.8772324258614291,3,-1.584178240646517,0.24198831185855807,-0.678773515728442,-0.6201892226844657,-1.0778621289498782,-0.4911735278257753,-0.8915894197262932,-0.6791456840737199,-0.3148734873096303,-0.4567500973473325,-0.6673439330833882,1,-1.1790242411284935,1.4803232774089392,0,1,1,0,0,0,0,0,1,0,1,0,0,0,0,0,0,0,0,1,0,0,0
0.11784484953130571,0,1.4912154073838704,-1.0109093429124179,0.08504925188071055,-1.5756862740979403,1,-0.3390898026047641,-1.0261667362455194,-0.9614863916702531,-1.5679065665042957,-0.7744700866948034,-0.3991507890918291,0.523315742874663,0,-0.3305890744344257,3,-1.584178240646517,-0.9320143892374165,1.121143885855289,0.1557070814399298,-1.0778621289498782,-0.9810141559830953,-1.1676872598353414,-0.6791456840737199,-1.1559347102263289,-2.9288511396911416,-1.1859393724759817,0,-0.8952364622348911,-0.2994093853079416,0,1,0,1,1,0,0,0,0,0,0,0,0,0,0,0,1,0,1,0,1,0,0
-0.2106607044718917,0,1.0449770058962733,-0.270543951856408,1.0617867539482457,0.2546249253678617,0,-0.5359158676902541,0.3796721288811475,-0.05778754527941421,1.1532535902386967,-0.27599516972830446,-0.10218779227030364,-0.6780493930322936,1,-1.1505541015749308,3,1.1914379855160337,-0.9320143892374165,-0.16451140099023315,-0.6201892226844657,0.33809616377248186,0.48850772848886465,1.0410954610370433,-0.6791456840737199,1.3672489585237668,1.520930736527715,-0.40784009437302454,0,0.007027198910277651,-0.637705676568175,0,1,0,1,1,0,0,0,0,0,0,0,0,0,0,1,0,1,0,1,0,0,0
-1.0866755151470848,0,0.37561940366487745,-0.02375548817107146,0.08504925188071055,1.1697805251007627,1,-1.0771875466753518,0.3796721288811475,-0.05778754527941421,1.1532535902386967,-0.5095092079832841,-1.294958712300728,-0.6780493930322936,0,-0.3305890744344257,3,-1.584178240646517,-0.9320143892374165,-0.5502079870438897,1.707499689688721,0.33809616377248186,-0.0013328996684553085,0.7649976209279952,-0.6791456840737199,0.8065414765793012,0.5320903195901912,-0.27174265394192254,1,-0.350113912789276,-0.5218759681475515,0,1,0,1,0,1,0,0,0,0,0,0,0,0,0,1,0,0,1,1,0,0,0
-0.5391662584750891,0,1.4143632382387843,-0.5173324155417446,1.0617867539482457,1.1697805251007627,1,-0.4867093514188816,-1.0261667362455194,-0.05778754527941421,1.1532535902386967,0.674846796778551,-0.5867729380538436,2.1251359240839385,0,2.4026276827005915,4,-0.6589728319256667,-0.9320143892374165,-0.42164245835933756,-1.3960855268088614,0.33809616377248186,-0.9810141559830953,-1.1676872598353414,-0.6791456840737199,-1.1559347102263289,1.026510528058953,1.0132989778654824,0,0.9412462510679327,2.0735674983145658,0,1,1,0,1,0,0,0,0,0,0,0,1,0,0,0,0,0,1,1,0,0,0
-0.6486681098094882,1,-0.1202010424324527,2.0739464531542895,1.0617867539482457,-1.5756862740979403,1,-0.14226373751927407,0.3796721288811475,-0.05778754527941421,1.1532535902386967,-0.18824148656242037,0.9503232740791541,-0.6780493930322936,1,-1.1505541015749308,3,0.26623257679518353,-0.9320143892374165,-0.16451140099023315,0.9316033855643254,0.33809616377248186,0.48850772848886465,0.7649976209279952,-0.6791456840737199,1.086895217551534,0.037670111121429345,-0.3227129415633499,0,0.12200364402209775,-0.637705676568175,1,0,0,1,0,1,0,0,0,0,0,0,0,0,0,1,0,1,0,1,0,0,0
1.7603726195472926,1,0.9061472809890208,1.827157989468953,1.0617867539482457,-1.5756862740979403,1,0.005355811294843447,0.3796721288811475,0.8459113011114247,-1.5679065665042957,0.8382428799615167,-1.1903962562499875,1.3242258334793007,1,-0.6039107501479274,3,-0.6589728319256667,-0.9320143892374165,0.4783162424325279,-0.6201892226844657,-1.0778621289498782,-0.8177339465973219,-0.6154915796172451,-0.058284890797371494,-0.5952272282818631,-2.43443093122238,-0.04479580426300024,0,1.0563458917067192,0.32754189360368685,0,1,0,1,1,0,0,0,0,0,0,0,0,0,0,1,0,0,1,0,0,1,0
1.869874470881692,0,-1.6051832784939566,-0.02375548817107146,-0.8916882501868245,-1.5756862740979403,0,0.05456232756621595,0.3796721288811475,-0.05778754527941421,0.24620020465769926,-0.7661834192772018,1.146940042916501,0.12286069757234411,0,-1.1505541015749308,3,0.26623257679518353,1.4159910129545328,-0.2930769296747854,2.4833959938131165,-1.0778621289498782,-0.4911735278257753,-0.33939373950819707,-0.058284890797371494,-0.3148734873096303,-0.9511703058160944,-0.8170092394087105,0,-0.8748312488954736,0.07271653507831528,0,1,1,0,1,0,0,0,0,0,0,0,0,0,1,0,0,1,0,0,0,1,0
-0.42966440714069,0,1.2408260821047186,-0.270543951856408,-0.8916882501868245,1.1697805251007627,1,-1.4708396768463317,0.3796721288811475,-0.05778754527941421,0.24620020465769926,-0.11366147980400555,0.5292626311651502,-0.6780493930322936,0,1.3093409798465847,4,0.26623257679518353,2.5899937140505074,-0.2930769296747854,-0.6201892226844657,0.33809616377248186,0.32522751910309133,0.7649976209279952,-0.058284890797371494,1.086895217551534,1.026510528058953,-0.1136853591867293,0,0.21325918236043204,-0.6068177543226755,1,0,1,0,1,0,0,0,0,0,0,0,0,0,0,0,0,0,0,1,0,0,0
0.6653541062033014,0,-0.5664394439200499,0.2230329755142651,0.08504925188071055,-1.5756862740979403,1,-1.7660787744745667,0.3796721288811475,0.8459113011114247,0.24620020465769926,0.21398060116885947,0.3597702628893529,-0.6780493930322936,0,0.4893759527060795,3,-0.6589728319256667,0.24198831185855807,-0.16451140099023315,-1.3960855268088614,0.33809616377248186,0.48850772848886465,1.3171933011460915,-0.6791456840737199,1.3672489585237668,-0.9511703058160944,0.06747035206549712,0,0.5592621672686592,-0.637705676568175,0,1,1,0,1,0,0,0,0,0,0,0,0,0,0,0,0,1,0,0,1,0,0
0.11784484953130571,0,1.5903794966033364,-1.0109093429124179,1.0617867539482457,1.1697805251007627,1,1.0878991692650386,0.3796721288811475,-0.9614863916702531,-0.6608531809232983,-0.7462104260142645,-1.2773910953567191,-1.0785044383346125,1,-1.1505541015749308,3,-0.6589728319256667,0.24198831185855807,-0.5502079870438897,-0.6201892226844657,0.33809616377248186,-0.16461310905422863,-0.6154915796172451,-0.3687152874355457,-0.5952272282818631,0.037670111121429345,-0.5997663420428476,0,-0.8267570379186882,-0.9465848990231709,1,0,0,0,0,0,0,1,0,1,0,0,0,0,0,0,0,1,0,0,1,0,0
1.979376322216091,0,-1.5208938026574104,2.0739464531542895,1.0617867539482457,0.2546249253678617,1,0.251388392651706,1.7855109940078144,2.6533089938931025,-0.6608531809232983,2.790496732087771,1.615925144853761,0.523315742874663,1,0.7626976284195812,3,-1.584178240646517,0.24198831185855807,3.049626816123572,-2.171981830933257,0.33809616377248186,0.48850772848886465,1.3171933011460915,-0.3687152874355457,-0.0345197463373974,-0.9511703058160944,-0.3240968835149427,0,2.0062569526955647,-0.5690658493559537,0,1,0,0,0,0,0,0,0,0,0,1,0,0,0,0,0,1,0,0,0,1,0
-0.6486681098094882,0,1.173890321881579,-0.8875151110697495,-1.8684257522543597,1.1697805251007627,0,-0.3390898026047641,-2.432005601372186,-0.9614863916702531,1.1532535902386967,-1.1418456755418096,0.4529489031603758,-0.6780493930322936,1,-1.1505541015749308,3,0.26623257679518353,2.5899937140505074,-1.3216011591512031,0.9316033855643254,0.33809616377248186,-0.9810141559830953,-1.1676872598353414,-0.6791456840737199,-1.1559347102263289,1.520930736527715,0.8466002252387893,1,-2.293543847440062,0.7522508244793061,0,1,1,0,0,0,1,0,0,0,1,0,0,0,0,0,0,0,0,1,0,0,0
0.22734670086570485,0,-1.694430958791476,0.7166099028849382,1.0617867539482457,-0.6605306743650393,1,0.5466274902799411,0.3796721288811475,1.7496101475022634,-1.5679065665042957,1.452943619426172,1.5157194578051347,-1.0785044383346125,0,-0.8772324258614291,3,-1.584178240646517,-0.9320143892374165,1.2497094145398413,0.1557070814399298,0.33809616377248186,2.1213098223465976,1.0410954610370433,2.7355886789461965,1.6476026994959998,-1.940010722753618,-0.17103879278346976,0,1.4243411825245622,-0.9465848990231709,0,1,0,1,0,1,0,0,0,0,0,0,0,0,0,1,0,0,1,0,1,0,0
0.5558522548689022,0,-1.1589448770063595,1.7037637576262845,-0.8916882501868245,1.1697805251007627,1,-1.4216331605749593,-1.0261667362455194,-0.05778754527941421,0.24620020465769926,-0.4612765540398079,0.06997485378098302,-0.6780493930322936,0,-0.8772324258614291,3,1.1914379855160337,-0.9320143892374165,1.121143885855289,-0.6201892226844657,0.33809616377248186,2.1213098223465976,1.3171933011460915,0.2521455058408027,0.8065414765793012,1.520930736527715,-1.0340296591085962,0,-0.26908167213767653,-0.7847910205943636,0,0,1,0,1,0,0,0,0,0,0,0,0,0,1,0,0,0,1,0,1,0,0
-0.6486681098094882,0,-0.2615098695701918,0.09963874367159682,0.08504925188071055,0.2546249253678617,0,-1.2740136117608418,0.3796721288811475,0.8459113011114247,0.24620020465769926,0.9621179339220747,1.7636336681189875,0.523315742874663,0,1.3093409798465847,4,0.26623257679518353,0.24198831185855807,0.2211851850634235,-0.6201892226844657,1.754054456494842,0.651787937874638,0.7649976209279952,0.5625759024789769,1.086895217551534,1.026510528058953,0.2685156673247024,0,1.1380937523576435,0.024178371549673068,0,0,1,0,0,0,1,0,0,0,0,0,0,1,0,0,0,1,0,1,0,0,0
1.869874470881692,0,-1.6002250740329833,0.09963874367159682,0.08504925188071055,0.2546249253678617,0,0.5466274902799411,0.3796721288811475,-0.05778754527941421,-1.5679065665042957,-0.4383288596526033,1.5297735513603419,1.3242258334793007,1,1.036019304133083,3,1.1914379855160337,-0.9320143892374165,-0.2930769296747854,0.1557070814399298,0.33809616377248186,-0.32789331844000197,-0.6154915796172451,-0.3687152874355457,-0.0345197463373974,0.037670111121429345,-0.4636296408471615,0,-0.23200828296180107,1.0920179691798013,0,1,1,0,0,0,1,0,0,0,0,0,1,0,0,0,0,0,1,0,0,1,0
-1.4151810691502822,0,-0.07805630451417965,-1.0109093429124179,-0.8916882501868245,-0.6605306743650393,1,-1.0279810304039791,-1.0261667362455194,-0.05778754527941421,0.24620020465769926,-0.4007201382957959,-0.027138932685497864,-0.6780493930322936,0,-0.8772324258614291,3,-0.6589728319256667,-0.9320143892374165,-0.9359045730975464,-0.6201892226844657,-1.0778621289498782,-0.4911735278257753,-0.33939373950819707,-0.3687152874355457,-0.5952272282818631,-0.9511703058160944,0.8986452762907089,1,-0.17315652916842791,-0.26705060962218,0,1,1,0,1,0,0,0,0,0,0,0,0,0,0,0,0,0,1,0,0,0,0
-1.5246829204846812,0,-0.5738767506115098,0.3464272073569334,-0.8916882501868245,1.1697805251007627,1,0.5958340065513135,0.3796721288811475,-0.9614863916702531,1.1532535902386967,-0.8193030822105456,-0.09010127181282555,-0.6780493930322936,0,-0.6039107501479274,3,0.26623257679518353,-0.9320143892374165,-0.8073390444129942,2.4833959938131165,1.754054456494842,-0.32789331844000197,-0.6154915796172451,-0.3687152874355457,-0.0345197463373974,2.015350944996477,-0.3892893831069938,1,-1.010702204930528,-0.38030632452234525,0,1,1,0,0,0,0,1,0,0,1,0,0,0,0,0,0,0,1,0,0,0,0
0.33684855220010396,0,-0.27390538072262505,0.2230329755142651,0.08504925188071055,1.1697805251007627,0,0.349801425194451,0.3796721288811475,-0.05778754527941421,0.24620020465769926,-0.03823155843865725,1.7618066359568105,-0.6780493930322936,0,-1.1505541015749308,3,-1.584178240646517,0.24198831185855807,-0.16451140099023315,-0.6201892226844657,1.754054456494842,0.48850772848886465,1.3171933011460915,2.114727885669848,-0.0345197463373974,0.5320903195901912,-0.17719291763204206,0,0.3002507498940027,-0.637705676568175,1,0,1,0,0,0,0,0,1,0,1,0,0,0,0,0,0,1,0,0,1,0,0
0.33684855220010396,0,-0.8887227338833145,-0.8875151110697495,-0.8916882501868245,-0.6605306743650393,0,1.2847252343505287,0.3796721288811475,-0.05778754527941421,-0.6608531809232983,-0.17549276745841783,-1.4131536391000195,0.12286069757234411,0,-0.3305890744344257,3,0.26623257679518353,0.24198831185855807,0.4783162424325279,0.9316033855643254,0.33809616377248186,0.651787937874638,1.0410954610370433,0.8730062991171511,1.6476026994959998,-0.4567500973473325,-0.700391681672132,0,0.1380000627978248,-0.309521502709742,0,1,0,1,0,1,0,0,0,0,0,0,0,0,0,1,0,1,0,0,1,0,0
-1.3056792178158831,0,-1.2234015349990124,-0.8875151110697495,0.08504925188071055,0.2546249253678617,0,0.7926600716368035,0.3796721288811475,-0.9614863916702531,-0.6608531809232983,-0.9170432620078983,0.7507551455952137,0.523315742874663,0,-0.3305890744344257,3,0.26623257679518353,-0.9320143892374165,-0.678773515728442,0.1557070814399298,0.33809616377248186,-0.8177339465973219,-1.1676872598353414,-0.3687152874355457,-0.5952272282818631,0.037670111121429345,-0.7291796373034908,1,-1.2980993556054417,0.994941642122517,0,1,0,0,0,0,0,0,0,1,0,0,0,0,0,0,0,1,0,0,0,0,0
-0.7581699611438873,0,0.26901800775395146,-1.0109093429124179,-0.8916882501868245,1.1697805251007627,1,0.4974209740085685,0.3796721288811475,-0.9614863916702531,-0.6608531809232983,-0.5853640866520992,-1.4385915484349443,-0.6780493930322936,0,-0.6039107501479274,3,0.26623257679518353,-0.9320143892374165,0.09261965637887129,2.4833959938131165,-1.0778621289498782,0.8150681472604113,1.0410954610370433,-0.3687152874355457,0.8065414765793012,0.037670111121429345,-0.8367050563084469,0,-0.48709079485903056,-0.6852255569458667,0,1,1,0,0,0,1,0,0,0,1,0,0,0,0,0,0,1,0,1,0,0,0
-1.3056792178158831,0,0.43263875496607046,-0.8875151110697495,-1.8684257522543597,1.1697805251007627,1,-0.4375028351475091,0.3796721288811475,-0.9614863916702531,0.24620020465769926,-0.5367064754051563,-0.9859091950217245,1.3242258334793007,1,1.036019304133083,3,0.26623257679518353,0.24198831185855807,-0.5502079870438897,-0.6201892226844657,-1.0778621289498782,-0.8177339465973219,-0.6154915796172451,-0.6791456840737199,-0.5952272282818631,0.5320903195901912,-0.3094329879427471,1,-0.3978055961048183,1.6016686862305445,0,1,1,0,0,0,0,1,0,0,1,0,0,0,0,0,0,0,0,0,0,0,0
1.103361511540898,0,0.9358965077548606,1.950552221311621,0.08504925188071055,-1.5756862740979403,1,0.8910731041795485,0.3796721288811475,0.8459113011114247,0.24620020465769926,0.45259412706544017,-0.17273934191744314,-0.27759434772997477,0,2.1293060069870897,4,-0.6589728319256667,-0.9320143892374165,1.76397152927805,0.1557070814399298,0.33809616377248186,1.6314691941892778,2.6976825016913315,3.0460190755843706,1.9279564404682326,-0.9511703058160944,-0.7687132642015431,0,0.769065686866885,-0.6852255569458667,0,1,1,0,0,0,1,0,0,0,0,0,0,0,0,0,0,0,1,0,0,1,0
-0.42966440714069,0,1.2656171044095852,-1.0109093429124179,-0.8916882501868245,-0.6605306743650393,1,-0.3390898026047641,-1.0261667362455194,-0.9614863916702531,0.24620020465769926,-0.9550769406681726,0.8609392390680372,-0.6780493930322936,0,-0.8772324258614291,3,0.26623257679518353,2.5899937140505074,-1.3216011591512031,-0.6201892226844657,-1.0778621289498782,-0.9810141559830953,-0.8915894197262932,-0.6791456840737199,-1.1559347102263289,-0.4567500973473325,2.6583863588877943,1,-1.4266576381738973,0.7522508244793061,0,0,1,0,0,0,1,0,0,0,1,0,0,0,0,0,0,0,0,1,0,0,0
0.11784484953130571,0,1.2854499222534783,-1.0109093429124179,1.0617867539482457,1.1697805251007627,1,0.9894861367222936,0.3796721288811475,-0.05778754527941421,-0.6608531809232983,-0.4383288596526033,-0.9384063588051246,-1.0785044383346125,0,-0.057267398720923963,3,-1.584178240646517,1.4159910129545328,0.6068817711170802,0.1557070814399298,0.33809616377248186,1.3049087754177313,2.4215846615822834,0.8730062991171511,1.086895217551534,-0.4567500973473325,-0.9085031795417882,0,-0.23200828296180107,-0.9465848990231709,0,1,0,1,1,0,0,0,0,0,0,0,0,0,0,1,0,1,0,0,1,0,0
-0.6486681098094882,0,0.8714398497622077,-0.8875151110697495,-0.8916882501868245,-1.5756862740979403,1,-0.5851223839616266,0.3796721288811475,-0.9614863916702531,0.24620020465769926,-0.7300620484825279,-1.1130987416963485,-1.0785044383346125,0,1.036019304133083,3,0.26623257679518353,0.24198831185855807,-1.0644701017820986,-1.3960855268088614,0.33809616377248186,-0.8177339465973219,-0.6154915796172451,-0.3687152874355457,-0.5952272282818631,-0.4567500973473325,0.6267399435673137,1,-0.788980485438396,-0.9465848990231709,0,1,0,1,1,0,0,0,0,0,0,0,0,0,0,0,1,1,0,1,0,0,0
0.11784484953130571,0,-0.7300601911321688,-0.3939381836990763,1.0617867539482457,-1.5756862740979403,1,0.3005949089230785,-1.0261667362455194,-0.05778754527941421,0.24620020465769926,-0.2511351674754995,-0.004090219254958264,-0.27759434772997477,0,-1.1505541015749308,3,1.1914379855160337,0.24198831185855807,-0.16451140099023315,-1.3960855268088614,0.33809616377248186,0.16194730971731802,-0.33939373950819707,1.4938670923934996,0.8065414765793012,0.037670111121429345,-0.3837241697271845,0,0.04050037018969405,-0.32882645411317923,1,0,1,0,1,0,0,0,0,0,0,0,1,0,0,0,0,1,0,0,1,0,0
0.5558522548689022,0,-0.608584181838323,1.0867925984129432,1.0617867539482457,1.1697805251007627,1,-1.5200461931177043,0.3796721288811475,-0.05778754527941421,-1.5679065665042957,-0.2322245674712291,-0.4390644147886172,1.3242258334793007,1,0.4893759527060795,3,0.26623257679518353,0.24198831185855807,-0.2930769296747854,0.1557070814399298,-1.0778621289498782,-0.4911735278257753,-0.33939373950819707,-0.3687152874355457,-0.5952272282818631,-0.4567500973473325,-0.24147914790827457,0,0.06547361544328338,1.0920179691798013,0,1,1,0,1,0,0,0,0,0,0,0,0,0,1,0,0,0,0,0,1,0,0
0.4463504035345031,0,-0.39786049224695763,-1.0109093429124179,0.08504925188071055,1.1697805251007627,1,0.4974209740085685,0.3796721288811475,-0.9614863916702531,1.1532535902386967,-0.7906184642265399,0.9976855693602019,0.12286069757234411,0,1.855984331273588,4,-1.584178240646517,0.24198831185855807,0.09261965637887129,0.1557070814399298,0.33809616377248186,-0.32789331844000197,-0.33939373950819707,-0.3687152874355457,-1.1559347102263289,0.5320903195901912,-1.0026308626323885,0,-0.935813093576436,-0.16250687279125836,0,1,1,0,1,0,0,0,0,0,0,0,0,0,1,0,0,1,0,0,1,0,0
1.103361511540898,0,0.8912726676061008,-1.0109093429124179,-1.8684257522543597,0.2546249253678617,0,1.5799643319787637,0.3796721288811475,0.8459113011114247,-0.6608531809232983,1.1588731654271804,0.4100839178169942,-1.0785044383346125,0,0.7626976284195812,3,-1.584178240646517,1.4159910129545328,0.34975071374797573,0.1557070814399298,-2.4938204216722384,0.9783483566461847,1.0410954610370433,0.8730062991171511,2.2083101814404653,-1.940010722753618,0.2799201644217066,0,1.259449423313904,-0.9465848990231709,0,0,1,0,0,0,1,0,0,0,0,0,0,1,0,0,0,1,0,0,0,1,0
-0.2106607044718917,0,1.7044181992057224,0.2230329755142651,1.0617867539482457,1.1697805251007627,1,-1.1263940629467242,0.3796721288811475,-0.9614863916702531,0.24620020465769926,-0.8165408597380117,0.8318472654087585,1.7246808787816195,1,-1.1505541015749308,3,0.26623257679518353,0.24198831185855807,-0.8073390444129942,0.1557070814399298,0.33809616377248186,-0.8177339465973219,-0.6154915796172451,-0.058284890797371494,-0.5952272282818631,1.026510528058953,-0.3839302887412515,1,-1.0033263843172873,3.017365122482609,0,1,1,0,0,0,1,0,0,0,1,0,0,0,0,0,0,1,0,1,0,0,0
-1.6341847718190805,0,-0.5490857283066433,-1.0109093429124179,-0.8916882501868245,1.1697805251007627,1,-0.14226373751927407,0.3796721288811475,-0.9614863916702531,0.24620020465769926,-0.6646186237486482,0.465316505488958,-1.0785044383346125,0,-0.8772324258614291,3,1.1914379855160337,-0.9320143892374165,-0.9359045730975464,-0.6201892226844657,1.754054456494842,-0.6544537372115486,-0.6154915796172451,-0.3687152874355457,-0.5952272282818631,2.015350944996477,0.25864573761264753,1,-0.6449095232372889,-0.9465848990231709,0,1,1,0,1,0,0,0,0,0,0,0,0,0,1,0,0,0,1,0,0,0,0
-0.2106607044718917,0,1.4689034873094906,-0.02375548817107146,1.0617867539482457,-0.6605306743650393,1,-0.8803614815898617,0.3796721288811475,-0.05778754527941421,0.24620020465769926,-0.29851790681204227,0.6162574702718819,-0.6780493930322936,0,1.036019304133083,3,-0.6589728319256667,-0.9320143892374165,-0.16451140099023315,1.707499689688721,0.33809616377248186,0.48850772848886465,0.7649976209279952,-0.6791456840737199,1.086895217551534,-0.4567500973473325,-0.4296887098641274,0,-0.023955186985068388,-0.637705676568175,0,1,1,0,0,0,1,0,0,0,0,0,0,0,1,0,0,0,1,1,0,0,0
-0.42966440714069,0,-0.7474139067455754,0.7166099028849382,-0.8916882501868245,-0.6605306743650393,0,1.432344783164646,0.3796721288811475,-0.05778754527941421,1.1532535902386967,-0.34526321019338485,1.031555934828251,-1.0785044383346125,1,-0.6039107501479274,3,-1.584178240646517,0.24198831185855807,-0.16451140099023315,2.4833959938131165,0.33809616377248186,0.32522751910309133,0.7649976209279952,1.8042974890316739,-0.8755809692540959,-0.4567500973473325,-0.47503489295886925,1,-0.09036799930631297,-0.9465848990231709,0,1,1,0,0,0,1,0,0,0,0,0,0,0,0,0,0,1,0,1,0,0,0
-0.5391662584750891,0,-1.3275238286794517,2.4441291486822943,1.0617867539482457,0.2546249253678617,0,-0.8311549653184892,-1.0261667362455194,-0.9614863916702531,-0.6608531809232983,-0.7789321383812043,0.2256942103726774,-0.6780493930322936,0,-0.6039107501479274,3,0.26623257679518353,-0.9320143892374165,-0.678773515728442,0.1557070814399298,0.33809616377248186,-0.16461310905422863,-0.6154915796172451,0.5625759024789769,-0.8755809692540959,0.037670111121429345,-0.5058840387308983,1,-0.906339523779338,-0.46120326373674886,0,1,1,0,1,0,0,0,0,0,1,0,0,0,0,0,0,0,1,1,0,0,0
0.33684855220010396,0,-0.643291613065136,-1.0109093429124179,1.0617867539482457,-1.5756862740979403,1,0.841866587908176,0.3796721288811475,-0.9614863916702531,1.1532535902386967,-0.8705104372782891,-1.4409807443393294,2.1251359240839385,0,1.036019304133083,3,0.26623257679518353,1.4159910129545328,-0.42164245835933756,0.1557070814399298,-1.0778621289498782,-0.9810141559830953,-1.1676872598353414,-0.6791456840737199,-1.1559347102263289,-0.4567500973473325,-0.8605805087712087,0,-1.1544206755301676,2.0735674983145658,0,1,1,0,1,0,0,0,0,0,1,0,0,0,0,0,0,1,0,0,1,0,0
-0.5391662584750891,0,-1.409334202285511,-1.0109093429124179,1.0617867539482457,-0.6605306743650393,1,0.10376884383758846,-1.0261667362455194,-0.9614863916702531,-0.6608531809232983,-0.8996200125657616,0.5215328797097863,-1.0785044383346125,0,-0.3305890744344257,3,-0.6589728319256667,0.24198831185855807,-1.0644701017820986,-0.6201892226844657,0.33809616377248186,-0.8177339465973219,-0.6154915796172451,-0.058284890797371494,-0.5952272282818631,-0.9511703058160944,0.07846336614907098,1,-1.2426836442065534,-0.9465848990231709,0,1,0,1,0,0,1,0,0,0,0,0,0,0,0,0,1,1,0,1,0,0,0
0.22734670086570485,0,-1.701868265482936,1.827157989468953,-1.8684257522543597,-1.5756862740979403,1,-0.6835354165043717,0.3796721288811475,-0.05778754527941421,1.1532535902386967,-0.508871772028084,-1.261088346832679,1.7246808787816195,0,-0.6039107501479274,3,-1.584178240646517,-0.9320143892374165,0.8640128284861845,-0.6201892226844657,0.33809616377248186,-0.0013328996684553085,0.7649976209279952,-0.3687152874355457,0.8065414765793012,-0.9511703058160944,-1.010074049251475,0,-0.3490140597390018,0.3051887919786542,0,1,1,0,1,0,0,0,0,0,0,0,0,0,1,0,0,0,1,0,1,0,0
0.11784484953130571,0,-1.4911445758915707,0.09963874367159682,0.08504925188071055,-0.6605306743650393,0,1.6291708482501361,-2.432005601372186,0.8459113011114247,0.24620020465769926,1.4242590014421663,-1.5371107442569458,0.12286069757234411,0,-0.8772324258614291,3,-1.584178240646517,0.24198831185855807,1.121143885855289,0.1557070814399298,0.33809616377248186,1.794749403575051,3.249878181909428,-0.3687152874355457,1.9279564404682326,-0.9511703058160944,-0.11947959369327969,0,1.409028993743779,-0.46120326373674886,0,1,1,0,0,0,1,0,0,0,0,0,0,1,0,0,0,1,0,0,1,0,0
-0.5391662584750891,0,-0.003683237599580119,-1.0109093429124179,1.0617867539482457,0.2546249253678617,0,-0.8803614815898617,0.3796721288811475,0.8459113011114247,1.1532535902386967,0.8327184350164489,1.3659028205066273,-0.6780493930322936,0,1.036019304133083,3,0.26623257679518353,1.4159910129545328,0.34975071374797573,0.1557070814399298,0.33809616377248186,1.141628566031958,1.5932911412551394,0.8730062991171511,0.8065414765793012,1.026510528058953,0.05392538828395088,0,1.0525947252523502,-0.7200734692228407,0,1,0,1,0,1,0,0,0,0,0,0,0,0,0,1,0,1,0,1,0,0,0
0.008342998196906572,0,-1.5903086651110367,0.09963874367159682,0.08504925188071055,0.2546249253678617,0,-1.1756005792180968,1.7855109940078144,0.8459113011114247,1.1532535902386967,1.5385725160747223,0.1627318712453497,-0.6780493930322936,1,2.675949358414093,4,-1.584178240646517,0.24198831185855807,0.6068817711170802,-0.6201892226844657,0.33809616377248186,1.4681889848035046,1.8693889813641875,1.1834366957553253,1.086895217551534,0.037670111121429345,0.2900788872578663,0,1.4691458718985584,-0.7467218727287618,0,1,1,0,1,0,0,0,0,0,0,0,0,1,0,0,0,1,0,0,1,0,0
-1.3056792178158831,0,1.436675158313164,-0.14714972001373974,-0.8916882501868245,-1.5756862740979403,0,0.9402796204509211,0.3796721288811475,-0.05778754527941421,0.24620020465769926,-0.339101329293117,-0.08841478058620071,-1.0785044383346125,1,1.855984331273588,4,-0.6589728319256667,0.24198831185855807,-0.678773515728442,0.1557070814399298,-1.0778621289498782,-0.32789331844000197,-0.33939373950819707,-0.6791456840737199,-0.0345197463373974,-1.4455905142848562,0.20522655980028123,1,-0.08144412074066304,-0.9465848990231709,0,1,0,1,0,0,0,1,0,0,0,0,0,0,0,1,0,0,0,0,0,0,0
1.6508707682128936,0,-0.5391693193846967,2.4441291486822943,1.0617867539482457,-1.5756862740979403,1,-1.2740136117608418,0.3796721288811475,-0.9614863916702531,1.1532535902386967,-0.6418834080131771,0.7694470900236391,-0.27759434772997477,0,-0.057267398720923963,3,-0.6589728319256667,1.4159910129545328,0.6068817711170802,0.1557070814399298,-1.0778621289498782,0.32522751910309133,1.0410954610370433,-0.6791456840737199,-1.1559347102263289,-0.9511703058160944,-1.0319169392144094,0,-0.5979201021426762,-0.5468588464343528,0,0,0,1,1,0,0,0,0,0,0,0,0,0,0,0,1,0,0,0,0,1,0
0.7748559575377005,0,0.5813848887952695,-1.0109093429124179,0.08504925188071055,-0.6605306743650393,1,-1.1756005792180968,0.3796721288811475,-0.9614863916702531,1.1532535902386967,-0.8641360777262879,-0.12523650570084324,1.3242258334793007,1,-0.8772324258614291,3,0.26623257679518353,-0.9320143892374165,-0.678773515728442,-0.6201892226844657,0.33809616377248186,-0.4911735278257753,-0.33939373950819707,-0.3687152874355457,-0.5952272282818631,0.5320903195901912,-0.6436402464656822,0,-1.1357647311072172,1.965704912695361,0,1,1,0,0,0,1,0,0,0,0,0,0,0,1,0,0,0,1,0,1,0,0
-1.7436866231534796,0,-0.7474139067455754,-0.5173324155417446,-1.8684257522543597,0.2546249253678617,1,-0.3882963188761366,0.3796721288811475,-0.9614863916702531,-1.5679065665042957,-0.8760348822233569,1.5692655542504736,-0.6780493930322936,1,-1.1505541015749308,3,1.1914379855160337,-0.9320143892374165,-1.193035630466651,2.4833959938131165,0.33809616377248186,-0.8177339465973219,-0.6154915796172451,-0.3687152874355457,-0.5952272282818631,0.037670111121429345,0.9723328238196645,1,-1.1707782964146376,0.1859722499784804,0,1,0,1,0,0,1,0,0,0,0,0,0,0,0,0,1,0,1,0,0,0,0
0.22734670086570485,0,-1.729138390018289,-0.02375548817107146,0.08504925188071055,1.1697805251007627,1,1.038692652993666,0.3796721288811475,2.6533089938931025,1.1532535902386967,2.746938608482429,0.13898045313704974,-0.27759434772997477,0,-0.6039107501479274,3,0.26623257679518353,-0.9320143892374165,1.2497094145398413,0.1557070814399298,-1.0778621289498782,-0.16461310905422863,-1.1676872598353414,-0.3687152874355457,-0.3148734873096303,1.026510528058953,0.4267063480108549,0,1.990456737678613,-0.637705676568175,0,0,1,0,1,0,0,0,0,0,0,1,0,0,0,0,0,0,1,0,1,0,0
-1.5246829204846812,1,-0.4077769011689042,-0.02375548817107146,0.08504925188071055,1.1697805251007627,1,-1.6184592256604493,0.3796721288811475,-0.9614863916702531,-1.5679065665042957,-1.0013972867460486,1.7768445160608821,-0.6780493930322936,0,1.036019304133083,3,-1.584178240646517,0.24198831185855807,-1.3216011591512031,0.1557070814399298,-1.0778621289498782,-0.9810141559830953,-1.1676872598353414,-0.3687152874355457,-1.1559347102263289,-1.4455905142848562,2.2090469082217155,1,-1.5996768664122785,0.7522508244793061,1,0,0,1,0,1,0,0,0,0,0,0,0,0,0,0,1,1,0,0,0,0,0
-0.10115885313749257,0,-0.608584181838323,-0.7641208792270812,0.08504925188071055,-1.5756862740979403,0,1.3831382668932737,-1.0261667362455194,0.8459113011114247,1.1532535902386967,0.2424527405011318,-0.22740976584719866,-1.0785044383346125,0,1.036019304133083,3,0.26623257679518353,1.4159910129545328,-0.16451140099023315,-0.6201892226844657,0.33809616377248186,0.32522751910309133,0.7649976209279952,0.2521455058408027,-0.0345197463373974,0.037670111121429345,0.09509029995047621,0,0.5858880519973078,-0.9465848990231709,0,1,0,1,0,0,1,0,0,0,0,0,0,0,0,1,0,1,0,0,1,0,0
-0.10115885313749257,0,-0.28382178964457166,-0.6407266473844129,-0.8916882501868245,1.1697805251007627,0,1.5307578157073911,0.3796721288811475,-0.05778754527941421,-0.6608531809232983,-0.2915061113048409,-0.7197246630861025,1.7246808787816195,0,-0.6039107501479274,3,-0.6589728319256667,2.5899937140505074,0.8640128284861845,0.1557070814399298,0.33809616377248186,-0.4911735278257753,-0.6154915796172451,-0.6791456840737199,-0.5952272282818631,0.037670111121429345,-0.892929742923392,0,-0.014241200825503985,0.3051887919786542,1,0,1,0,1,0,0,0,0,0,0,0,1,0,0,0,0,0,0,0,1,0,0
2.08887817355049,0,-0.33588293648479134,-1.0109093429124179,1.0617867539482457,0.2546249253678617,1,-0.4375028351475091,0.3796721288811475,-0.05778754527941421,0.24620020465769926,-0.041843695518124634,1.6756550424633911,-0.6780493930322936,0,1.5826626555600865,4,-1.584178240646517,0.24198831185855807,0.2211851850634235,-0.6201892226844657,-1.0778621289498782,0.9783483566461847,2.1454868214732357,-0.3687152874355457,1.3672489585237668,-0.9511703058160944,-0.4806476722650016,0,0.2961975741700113,-0.7038940813799599,0,0,1,0,1,0,0,0,0,0,0,0,0,0,0,0,0,0,0,0,0,0,1
-0.8676718124782865,1,0.7177355114720353,-1.0109093429124179,1.0617867539482457,-1.5756862740979403,1,-1.4708396768463317,0.3796721288811475,-0.9614863916702531,1.1532535902386967,-0.364598767501122,1.6599144576815592,2.5255909693862573,1,-0.3305890744344257,3,-0.6589728319256667,2.5899937140505074,-0.9359045730975464,0.1557070814399298,1.754054456494842,-0.8177339465973219,-0.6154915796172451,-0.058284890797371494,-0.5952272282818631,0.037670111121429345,0.9862458572691876,1,-0.11871894696840603,5.169223705585746,0,1,1,0,0,0,1,0,0,0,0,0,0,0,1,0,0,1,0,1,0,0,0
0.5558522548689022,0,-1.2457134550733922,-0.8875151110697495,0.08504925188071055,-1.5756862740979403,1,-0.4867093514188816,0.3796721288811475,2.6533089938931025,0.24620020465769926,2.629862871377339,0.4214677335967119,0.9237707881769818,0,-1.1505541015749308,3,-1.584178240646517,-0.9320143892374165,1.6354060005934978,-0.6201892226844657,-1.0778621289498782,2.4478702411181446,0.48889978081894714,0.5625759024789769,2.7690176633849313,-1.940010722753618,0.14098613374939675,0,1.9471482248822627,-0.26705060962218,0,1,1,0,1,0,0,0,0,0,0,1,0,0,0,0,0,1,0,0,1,0,0
2.08887817355049,1,-1.2209224327685257,-0.270543951856408,-0.8916882501868245,1.1697805251007627,1,0.3005949089230785,0.3796721288811475,-0.9614863916702531,0.24620020465769926,-0.8847465069444252,-1.4963538729468453,2.1251359240839385,0,-1.1505541015749308,3,1.1914379855160337,0.24198831185855807,0.34975071374797573,0.9316033855643254,-2.4938204216722384,0.48850772848886465,1.3171933011460915,2.114727885669848,1.086895217551534,0.5320903195901912,-1.1361174622186418,0,-1.196939638512192,0.8655065393794712,0,1,1,0,0,0,0,0,1,0,1,0,0,0,0,0,0,1,0,0,0,0,1
0.4463504035345031,0,-0.5466066260761566,2.320734916839626,1.0617867539482457,-1.5756862740979403,0,-0.2898832863333916,-1.0261667362455194,1.7496101475022634,-0.6608531809232983,1.501601230673115,-1.2189260661670578,-1.0785044383346125,0,2.1293060069870897,4,0.26623257679518353,0.24198831185855807,1.2497094145398413,0.1557070814399298,0.33809616377248186,2.1213098223465976,0.7649976209279952,-0.6791456840737199,1.6476026994959998,-0.9511703058160944,-0.14856200505901998,0,1.4499642630561043,-0.9465848990231709,0,1,1,0,1,0,0,0,0,0,0,0,1,0,0,0,0,1,0,0,1,0,0
-0.3201625558062908,0,-0.24415615395678525,2.320734916839626,0.08504925188071055,1.1697805251007627,0,1.432344783164646,-1.0261667362455194,-0.05778754527941421,0.24620020465769926,0.04442263708562583,-0.7498004232942456,-0.6780493930322936,0,1.5826626555600865,4,1.1914379855160337,1.4159910129545328,-0.42164245835933756,-0.6201892226844657,0.33809616377248186,0.16194730971731802,0.7649976209279952,-0.3687152874355457,0.8065414765793012,1.520930736527715,0.2488550844444646,0,0.39013482498794655,-0.5690658493559537,0,1,0,1,0,1,0,0,0,0,0,0,0,0,0,1,0,1,0,1,0,0,0
-0.10115885313749257,0,-1.2432343528429055,0.7166099028849382,1.0617867539482457,1.1697805251007627,1,1.0878991692650386,-2.432005601372186,-0.05778754527941421,1.1532535902386967,-0.2330744820781626,-0.5448917392593264,-0.6780493930322936,0,2.4026276827005915,4,-1.584178240646517,0.24198831185855807,0.4783162424325279,0.9316033855643254,-1.0778621289498782,1.3049087754177313,2.1454868214732357,2.7355886789461965,1.9279564404682326,0.037670111121429345,-0.7376305168802382,0,0.0643600684620242,-0.7342304335853612,0,0,0,1,0,1,0,0,0,0,0,0,0,0,0,1,0,0,0,0,1,0,0
0.4463504035345031,0,0.31612095013319785,-0.7641208792270812,0.08504925188071055,0.2546249253678617,1,-0.4375028351475091,-1.0261667362455194,-0.05778754527941421,-0.6608531809232983,0.5174001158441197,-0.29318292368556775,-0.27759434772997477,0,-1.1505541015749308,3,0.26623257679518353,0.24198831185855807,0.34975071374797573,1.707499689688721,0.33809616377248186,-0.32789331844000197,-0.063295899399149,-0.6791456840737199,-0.0345197463373974,0.037670111121429345,-0.16456076662707814,0,0.8213368539721245,-0.4935620394225103,0,1,0,1,1,0,0,0,0,0,0,0,0,0,0,1,0,0,0,0,1,0,0
-0.5391662584750891,0,-0.6779990442919491,-0.8875151110697495,0.08504925188071055,1.1697805251007627,1,0.5958340065513135,0.3796721288811475,-0.9614863916702531,-1.5679065665042957,-0.8634986417710877,-0.4251508621689622,-0.6780493930322936,0,-0.3305890744344257,3,1.1914379855160337,-0.9320143892374165,-0.9359045730975464,0.9316033855643254,0.33809616377248186,-0.4911735278257753,-0.6154915796172451,-0.3687152874355457,-0.5952272282818631,0.5320903195901912,-0.2236727553041524,1,-1.1339117887809766,-0.26705060962218,0,1,1,0,0,0,0,0,1,0,0,0,0,0,1,0,0,0,1,1,0,0,0
-0.2106607044718917,0,0.8516070319183144,2.0739464531542895,1.0617867539482457,0.2546249253678617,0,-1.7168722582031943,0.3796721288811475,0.8459113011114247,1.1532535902386967,0.49593977201904876,0.3273053067768245,-0.6780493930322936,1,0.21605427699257776,3,0.26623257679518353,-0.9320143892374165,-0.2930769296747854,-0.6201892226844657,0.33809616377248186,0.32522751910309133,-1.1676872598353414,-0.3687152874355457,0.8065414765793012,1.026510528058953,0.5433762534335457,0,0.8042275772399303,-0.6068177543226755,0,1,0,0,1,0,0,0,0,1,0,0,0,0,0,0,0,0,1,1,0,0,0
0.11784484953130571,0,-1.1341538547014929,0.09963874367159682,-0.8916882501868245,-1.5756862740979403,0,1.6783773645215088,0.3796721288811475,-0.05778754527941421,1.1532535902386967,-0.24646063713736524,-1.1708610662082495,-0.6780493930322936,0,-1.1505541015749308,3,0.26623257679518353,0.24198831185855807,-0.16451140099023315,-1.3960855268088614,0.33809616377248186,0.48850772848886465,0.7649976209279952,-0.3687152874355457,1.3672489585237668,0.037670111121429345,-0.37918955141771044,0,0.04671218318466791,-0.637705676568175,0,1,0,1,1,0,0,0,0,0,0,0,0,0,0,1,0,1,0,0,1,0,0
1.4318670655440953,1,0.187207634147892,-1.0109093429124179,1.0617867539482457,-0.6605306743650393,1,1.3831382668932737,0.3796721288811475,-0.05778754527941421,0.24620020465769926,0.047822295513359835,-0.008165906385968315,1.7246808787816195,0,-0.8772324258614291,3,1.1914379855160337,1.4159910129545328,0.09261965637887129,0.1557070814399298,0.33809616377248186,-0.16461310905422863,-0.33939373950819707,-0.6791456840737199,-0.8755809692540959,0.5320903195901912,-0.3248428380420425,0,0.3937193872766316,0.8829304955179581,1,0,0,1,1,0,0,0,0,0,0,0,0,0,0,1,0,0,0,0,0,1,0
-0.10115885313749257,0,0.7871503739256616,0.2230329755142651,1.0617867539482457,-0.6605306743650393,0,1.6783773645215088,-1.0261667362455194,-0.05778754527941421,1.1532535902386967,0.03167391798162329,0.007855760266967748,0.523315742874663,0,-0.6039107501479274,3,-1.584178240646517,0.24198831185855807,-0.42164245835933756,-0.6201892226844657,-1.0778621289498782,-0.16461310905422863,-0.33939373950819707,-0.6791456840737199,-1.1559347102263289,-0.9511703058160944,0.23339615838943897,0,0.37661618776143996,0.5634912996456974,0,1,0,1,0,1,0,0,0,0,0,0,0,0,0,1,0,1,0,0,1,0,0
0.8843578088720997,0,-1.06225989001738,1.3335810620982798,0.08504925188071055,1.1697805251007627,0,-0.7819484490471167,0.3796721288811475,-0.05778754527941421,0.24620020465769926,-0.35121261244191937,1.2676647065557298,2.1251359240839385,0,-0.057267398720923963,3,0.26623257679518353,-0.9320143892374165,-0.42164245835933756,0.1557070814399298,0.33809616377248186,-0.32789331844000197,-0.33939373950819707,-0.6791456840737199,-0.8755809692540959,1.026510528058953,-0.2308869207964977,0,-0.0990346417840002,2.0735674983145658,0,1,0,1,1,0,0,0,0,0,0,0,0,0,0,1,0,0,1,0,1,0,0
0.33684855220010396,0,1.287929024483965,-0.8875151110697495,1.0617867539482457,0.2546249253678617,1,-0.6835354165043717,-1.0261667362455194,-0.9614863916702531,0.24620020465769926,-0.7848815406297388,-1.628602893301344,-0.27759434772997477,0,-0.3305890744344257,3,1.1914379855160337,-0.9320143892374165,-0.42164245835933756,-0.6201892226844657,0.33809616377248186,-0.8177339465973219,-0.6154915796172451,-0.058284890797371494,-0.5952272282818631,1.026510528058953,-0.7567480554349532,0,-0.9212721409213671,-0.1915467996887367,0,1,1,0,1,0,0,0,0,0,0,0,0,0,1,0,0,0,1,0,1,0,0
-0.2106607044718917,0,0.982999450134107,1.0867925984129432,1.0617867539482457,0.2546249253678617,1,0.6942470390940585,0.3796721288811475,-0.05778754527941421,0.24620020465769926,-0.17294302363761732,1.444886826286891,-0.6780493930322936,1,-0.3305890744344257,3,1.1914379855160337,1.4159910129545328,-0.16451140099023315,-0.6201892226844657,1.754054456494842,0.48850772848886465,-0.6154915796172451,-0.6791456840737199,-0.5952272282818631,1.520930736527715,-0.3078723725505254,0,0.14117905138007691,-0.637705676568175,1,0,1,0,1,0,0,0,0,0,0,0,0,0,0,0,0,1,0,1,0,0,0
0.33684855220010396,0,0.9706039389816736,-0.8875151110697495,1.0617867539482457,0.2546249253678617,0,1.5799643319787637,0.3796721288811475,-0.9614863916702531,0.24620020465769926,-0.9565642912303062,-0.247928742437801,-0.27759434772997477,0,-0.3305890744344257,3,-0.6589728319256667,2.5899937140505074,1.121143885855289,-0.6201892226844657,0.33809616377248186,-0.32789331844000197,-0.33939373950819707,-0.6791456840737199,-0.5952272282818631,0.037670111121429345,-1.2742613700036949,0,-1.4319151182737286,-0.6229971421655562,0,1,1,0,0,0,1,0,0,0,0,0,0,0,1,0,0,1,0,0,1,0,0
-0.2106607044718917,0,-1.2779417840697187,-1.0109093429124179,1.0617867539482457,0.2546249253678617,0,-0.19147025379064658,-2.432005601372186,-0.9614863916702531,1.1532535902386967,-0.7491851271385317,-0.7534544876185995,-0.6780493930322936,0,-0.8772324258614291,3,1.1914379855160337,0.24198831185855807,-0.9359045730975464,1.707499689688721,0.33809616377248186,-0.4911735278257753,-0.33939373950819707,-0.3687152874355457,-0.8755809692540959,1.520930736527715,0.05355731861597405,1,-0.8338204611636709,-0.26705060962218,0,1,1,0,1,0,0,0,0,0,0,0,0,0,1,0,0,1,0,1,0,0,0
-0.8676718124782865,0,1.4267587493912175,0.4698214391996017,-0.8916882501868245,1.1697805251007627,1,-0.9787745141326066,-1.0261667362455194,-0.05778754527941421,-0.6608531809232983,-0.5265075001219541,1.3162918702567463,0.523315742874663,1,-0.6039107501479274,3,-1.584178240646517,0.24198831185855807,-0.16451140099023315,-0.6201892226844657,0.33809616377248186,-0.4911735278257753,-0.33939373950819707,-0.6791456840737199,-0.3148734873096303,-0.4567500973473325,-0.6508544119580275,1,-0.37974370948561803,0.2889319907968124,0,1,1,0,0,0,0,1,0,0,1,0,0,0,0,0,0,1,0,1,0,0,0
-0.8676718124782865,0,-0.8292242803516349,2.320734916839626,1.0617867539482457,1.1697805251007627,0,0.349801425194451,-1.0261667362455194,-0.9614863916702531,-1.5679065665042957,-0.5775023765379643,-0.8185249407792082,-0.6780493930322936,0,-0.3305890744344257,3,-0.6589728319256667,-0.9320143892374165,-0.8073390444129942,0.1557070814399298,-2.4938204216722384,-0.32789331844000197,-0.063295899399149,-0.6791456840737199,-0.0345197463373974,-1.4455905142848562,0.07983749290951764,1,-0.47230132994167817,-0.38030632452234525,0,1,1,0,0,0,1,0,0,0,0,0,0,0,1,0,0,0,1,1,0,0,0
1.4318670655440953,1,-0.9730122097198606,2.320734916839626,0.08504925188071055,1.1697805251007627,1,-1.3232201280322142,-1.0261667362455194,0.8459113011114247,-1.5679065665042957,0.9245092125652672,0.3194350143859086,0.523315742874663,1,-0.6039107501479274,3,-0.6589728319256667,0.24198831185855807,1.121143885855289,0.1557070814399298,0.33809616377248186,-0.6544537372115486,-0.6154915796172451,-0.058284890797371494,-1.1559347102263289,-0.4567500973473325,-0.36187555423608153,0,1.1137408124374328,-0.2994093853079416,0,1,0,1,0,1,0,0,0,0,0,0,0,0,0,1,0,0,0,0,0,1,0
0.22734670086570485,0,-0.19953231380802552,1.827157989468953,-1.8684257522543597,-0.6605306743650393,0,-0.2898832863333916,-1.0261667362455194,1.7496101475022634,1.1532535902386967,1.17459658565545,-0.7708815636270562,-1.0785044383346125,0,-1.1505541015749308,3,-1.584178240646517,0.24198831185855807,1.2497094145398413,-0.6201892226844657,-1.0778621289498782,2.1213098223465976,1.3171933011460915,2.114727885669848,0.5261877356070683,-0.9511703058160944,-0.2996177967966989,0,1.2687381090490684,-0.9465848990231709,0,1,0,1,0,1,0,0,0,0,0,0,0,0,0,1,0,1,0,0,1,0,0
-0.6486681098094882,0,-1.183735899311226,-0.5173324155417446,0.08504925188071055,-0.6605306743650393,1,0.3990079414658235,0.3796721288811475,-0.05778754527941421,-1.5679065665042957,0.7294538102740284,-1.4793484197450448,-1.0785044383346125,0,1.036019304133083,3,-0.6589728319256667,-0.9320143892374165,-0.16451140099023315,-0.6201892226844657,0.33809616377248186,0.32522751910309133,-0.063295899399149,-0.3687152874355457,0.8065414765793012,-1.4455905142848562,0.5675150801920598,0,0.9806996911291884,-0.9465848990231709,0,0,1,0,0,0,1,0,0,0,0,0,1,0,0,0,0,0,1,1,0,0,0
-1.1961773664814839,0,0.9036681787585341,-0.5173324155417446,0.08504925188071055,1.1697805251007627,0,-1.7660787744745667,-1.0261667362455194,-0.9614863916702531,0.24620020465769926,-0.7515223923075989,0.9929071775514315,-1.0785044383346125,0,0.7626976284195812,3,1.1914379855160337,-0.9320143892374165,-0.8073390444129942,-0.6201892226844657,0.33809616377248186,-0.4911735278257753,-0.6154915796172451,-0.6791456840737199,-1.1559347102263289,1.520930736527715,-0.2577854521322422,1,-0.8393936359447646,-0.9465848990231709,0,1,0,1,0,0,0,1,0,0,0,0,0,0,0,0,1,0,1,1,0,0,0
-0.10115885313749257,0,0.20208224753081191,1.7037637576262845,-0.8916882501868245,0.2546249253678617,1,-1.2248070954894692,1.7855109940078144,-0.05778754527941421,1.1532535902386967,-0.8354514597422822,-0.2843288447457873,0.523315742874663,0,0.4893759527060795,3,0.26623257679518353,0.24198831185855807,0.7354472998016324,0.1557070814399298,0.33809616377248186,-0.32789331844000197,-0.6154915796172451,-0.6791456840737199,-0.3148734873096303,1.026510528058953,-1.1687587464211022,0,-1.0545608734347007,-0.1915467996887367,1,0,1,0,0,0,1,0,0,0,1,0,0,0,0,0,0,1,0,0,1,0,0
0.22734670086570485,0,-0.4697544569310705,-0.3939381836990763,-1.8684257522543597,1.1697805251007627,1,-1.1756005792180968,-1.0261667362455194,0.8459113011114247,-1.5679065665042957,0.7411401361193641,1.0040099114600451,0.523315742874663,0,-0.057267398720923963,3,-1.584178240646517,0.24198831185855807,-0.2930769296747854,1.707499689688721,0.33809616377248186,-0.0013328996684553085,0.7649976209279952,-0.3687152874355457,0.8065414765793012,-0.9511703058160944,0.8076666336927988,0,0.9890103811495572,0.4124836797788108,0,1,1,0,0,0,1,0,0,0,0,0,0,0,0,0,0,1,0,0,1,0,0
-1.0866755151470848,0,-1.6051832784939566,-0.6407266473844129,0.08504925188071055,-0.6605306743650393,1,1.038692652993666,1.7855109940078144,-0.05778754527941421,-0.6608531809232983,-0.07669019440239822,-1.2844181421343226,-0.6780493930322936,1,1.3093409798465847,4,-0.6589728319256667,0.24198831185855807,-0.678773515728442,-2.171981830933257,0.33809616377248186,-0.16461310905422863,-0.6154915796172451,-0.6791456840737199,-0.3148734873096303,-0.9511703058160944,0.6294881970882069,0,0.25652552712280613,-0.46120326373674886,0,1,1,0,1,0,0,0,0,0,0,0,1,0,0,0,0,1,0,1,0,0,0
1.3223652142096962,0,0.5466774575684564,-0.8875151110697495,0.08504925188071055,1.1697805251007627,1,-0.14226373751927407,-1.0261667362455194,-0.05778754527941421,-0.6608531809232983,-0.2364741405058966,-0.1503933331646639,-0.27759434772997477,0,-0.3305890744344257,3,1.1914379855160337,-0.9320143892374165,0.7354472998016324,0.1557070814399298,-1.0778621289498782,0.32522751910309133,0.48889978081894714,-0.6791456840737199,1.086895217551534,0.5320903195901912,-0.8269649225064568,0,0.059897625921018244,-0.5690658493559537,1,0,0,1,0,0,1,0,0,0,0,0,0,0,0,1,0,1,0,0,0,1,0
-0.3201625558062908,0,-0.4325679234737707,-0.14714972001373974,0.08504925188071055,-0.6605306743650393,1,0.7926600716368035,1.7855109940078144,-0.05778754527941421,0.24620020465769926,-0.44597809111500486,-0.5741242538541572,-0.27759434772997477,0,-0.8772324258614291,3,-1.584178240646517,-0.9320143892374165,-0.678773515728442,0.1557070814399298,1.754054456494842,-0.4911735278257753,-0.33939373950819707,-0.3687152874355457,-0.5952272282818631,-0.4567500973473325,0.032430119674105674,1,-0.24426492148515297,0.024178371549673068,0,1,1,0,0,0,1,0,0,0,1,0,0,0,0,0,0,1,0,1,0,0,0
